[2022/03/23 15:20:03 597] isr        1559 6400  2  
[2022/03/23 15:20:03 600] isr        851  [aud] speech start  
[2022/03/23 15:20:03 600] isr        798  1  msc  
[2022/03/23 15:20:03 601] isr        1547 ASR_MSG_AUW,   local  
[2022/03/23 15:20:03 601] isr        1559 6400  2  
[2022/03/23 15:20:03 602] isr        1547 ASR_MSG_AUW,   local  
[2022/03/23 15:20:03 602] isr        1559 6400  2  
[2022/03/23 15:20:03 603] isr        1547 ASR_MSG_AUW,   local  
[2022/03/23 15:20:03 603] isr        1559 6400  2  
[2022/03/23 15:20:03 604] isr        1547 ASR_MSG_AUW,   local  
[2022/03/23 15:20:03 604] isr        1559 6400  2  
[2022/03/23 15:20:03 604] isr        1547 ASR_MSG_AUW,   local  
[2022/03/23 15:20:03 605] isr        1559 6400  2  
[2022/03/23 15:20:03 607] isr        1547 ASR_MSG_AUW,   local  
[2022/03/23 15:20:03 607] isr        1559 6400  2  
[2022/03/23 15:20:03 608] isr        1547 ASR_MSG_AUW,   local  
[2022/03/23 15:20:03 608] isr        1559 6400  2  
[2022/03/23 15:20:03 609] isr        1547 ASR_MSG_AUW,   local  
[2022/03/23 15:20:03 609] isr        1559 6400  2  
[2022/03/23 15:20:03 609] isr        1547 ASR_MSG_AUW,   local  
[2022/03/23 15:20:03 609] isr        1559 6400  2  
[2022/03/23 15:20:03 610] isr        1547 ASR_MSG_AUW,   local  
[2022/03/23 15:20:03 610] isr        1559 6400  2  
[2022/03/23 15:20:03 611] isr        1547 ASR_MSG_AUW,   local  
[2022/03/23 15:20:03 611] isr        1559 6400  2  
[2022/03/23 15:20:03 612] isr        1547 ASR_MSG_AUW,   local  
[2022/03/23 15:20:03 612] isr        1559 6400  2  
[2022/03/23 15:20:03 613] isr        1547 ASR_MSG_AUW,   local  
[2022/03/23 15:20:03 613] isr        1559 8800  2  
[2022/03/23 15:20:03 615] isr        1547 ASR_MSG_AUW,   local  
[2022/03/23 15:20:03 615] isr        1559 0  4  
[2022/03/23 15:20:03 615] isr        1592 aud end, USER  
[2022/03/23 15:20:03 619] isr        1636 ASR_MSG_GRSLT,   local  
[2022/03/23 15:20:03 619] isr        1307 0  nil  2  
[2022/03/23 15:20:03 643] isr        854  [aud] speech end  
[2022/03/23 15:20:03 644] isr        798  3  msc  
[2022/03/23 15:20:03 720] isr        1636 ASR_MSG_GRSLT,   local  
[2022/03/23 15:20:03 720] isr        1307 0  nil  2  
[2022/03/23 15:20:03 737] isr        723  local_cbmsg_handler  ,msg=  406  param1=  nil  
[2022/03/23 15:20:03 821] isr        1636 ASR_MSG_GRSLT,   local  
[2022/03/23 15:20:03 821] isr        1307 0  nil  2  
[2022/03/23 15:20:03 921] isr        1636 ASR_MSG_GRSLT,   local  
[2022/03/23 15:20:03 922] isr        1307 0  nil  2  
[2022/03/23 15:20:04 022] isr        1636 ASR_MSG_GRSLT,   local  
[2022/03/23 15:20:04 023] isr        1307 0  nil  2  
[2022/03/23 15:20:04 123] isr        1636 ASR_MSG_GRSLT,   local  
[2022/03/23 15:20:04 123] isr        1307 0  nil  2  
[2022/03/23 15:20:04 224] isr        1636 ASR_MSG_GRSLT,   local  
[2022/03/23 15:20:04 224] isr        1307 0  nil  2  
[2022/03/23 15:20:04 325] isr        1636 ASR_MSG_GRSLT,   local  
[2022/03/23 15:20:04 325] isr        1307 0  nil  2  
[2022/03/23 15:20:04 426] isr        1636 ASR_MSG_GRSLT,   local  
[2022/03/23 15:20:04 426] isr        1307 0  nil  2  
[2022/03/23 15:20:04 527] isr        1636 ASR_MSG_GRSLT,   local  
[2022/03/23 15:20:04 527] isr        1307 0  nil  2  
[2022/03/23 15:20:04 628] isr        1636 ASR_MSG_GRSLT,   local  
[2022/03/23 15:20:04 628] isr        1307 0  nil  2  
[2022/03/23 15:20:04 729] isr        1636 ASR_MSG_GRSLT,   local  
[2022/03/23 15:20:04 729] isr        1307 0  nil  2  
[2022/03/23 15:20:04 822] isr        723  local_cbmsg_handler  ,msg=  407  param1=  nil  
[2022/03/23 15:20:04 822] isr        641  process_result call:  local  nil  0  2  
[2022/03/23 15:20:04 822] isr        798  3  msc  
[2022/03/23 15:20:04 822] isr        800  already speech end  
[2022/03/23 15:20:04 823] isr        723  local_cbmsg_handler  ,msg=  408  param1=  nil  
[2022/03/23 15:20:04 823] isr        734  local session recognized end!  
[2022/03/23 15:20:04 829] isr        1636 ASR_MSG_GRSLT,   local  
[2022/03/23 15:20:04 829] isr        1307 0  nil  5  
[2022/03/23 15:20:04 930] isr        1639 ASR_MSG_SSE,   local  
[2022/03/23 15:20:04 930] isr        1356 session_end() [in]  
[2022/03/23 15:20:04 930] isr        1377 local_session_end() [in]  
[2022/03/23 15:20:04 932] isr        1416 ASR_LOCAL_MSG_SSE net_type  nil  
[2022/03/23 15:20:04 932] isr        1667 isr unload!  
============================================================
Time  2022/03/23 15:20:15 559 
============================================================
[2022/03/23 15:20:15 559] isr        1659 isr loaded!  
[2022/03/23 15:20:15 559] isr        1642 SYS_MSG_REGCB param0 =   msp_status_cb  param1 =   func(4c024880) 
[2022/03/23 15:20:15 560] isr        1537 ASR_MSG_SSB  
[2022/03/23 15:20:15 560] isr        1066 session_begin() [in], params:   engine_type = local, 		asr_res_path = fo|/home/wheeltec/SR2.2-HR1.1.3/SR2.2-HR1.1.3/offline_mic/bin/config/msc/res/asr/common.jet, sample_rate = 16000, 		grm_build_path = /home/wheeltec/SR2.2-HR1.1.3/SR2.2-HR1.1.3/offline_mic/bin/config/msc/res/asr/GrmBuilld, local_grammar = call, 		result_type = xml, result_encoding = UTF-8,   nil  
[2022/03/23 15:20:15 560] isr        927  vad_set [in]  
[2022/03/23 15:20:15 560] isr        962  vad_enable :  true  
[2022/03/23 15:20:15 560] isr        980  vad_bos :  10000  
[2022/03/23 15:20:15 560] isr        981  vad_eos :  2000  
[2022/03/23 15:20:15 560] isr        886  enable_vad [in]  
[2022/03/23 15:20:15 561] isr        918  vad enabled!  2000  10000  
[2022/03/23 15:20:15 561] isr        921  enable_vad [out]  
[2022/03/23 15:20:15 561] isr        987  vad_set [out] | ret =  0  
[2022/03/23 15:20:15 561] isr        1182 cur_engine_type =   local  
[2022/03/23 15:20:15 561] isr        992  local_session_begin  
[2022/03/23 15:20:15 564] isr        1547 ASR_MSG_AUW,   local  
[2022/03/23 15:20:15 564] isr        1559 6400  1  
[2022/03/23 15:20:15 564] isr        1569 once_bytes:   6400  
[2022/03/23 15:20:15 565] isr        1547 ASR_MSG_AUW,   local  
[2022/03/23 15:20:15 565] isr        1559 6400  2  
[2022/03/23 15:20:15 567] isr        1547 ASR_MSG_AUW,   local  
[2022/03/23 15:20:15 567] isr        1559 6400  2  
[2022/03/23 15:20:15 568] isr        1547 ASR_MSG_AUW,   local  
[2022/03/23 15:20:15 569] isr        1559 6400  2  
[2022/03/23 15:20:15 570] isr        1547 ASR_MSG_AUW,   local  
[2022/03/23 15:20:15 570] isr        1559 6400  2  
[2022/03/23 15:20:15 573] isr        1547 ASR_MSG_AUW,   local  
[2022/03/23 15:20:15 573] isr        1559 6400  2  
[2022/03/23 15:20:15 574] isr        1547 ASR_MSG_AUW,   local  
[2022/03/23 15:20:15 574] isr        1559 6400  2  
[2022/03/23 15:20:15 576] isr        851  [aud] speech start  
[2022/03/23 15:20:15 576] isr        798  1  msc  
[2022/03/23 15:20:15 580] isr        1547 ASR_MSG_AUW,   local  
[2022/03/23 15:20:15 580] isr        1559 6400  2  
[2022/03/23 15:20:15 581] isr        1547 ASR_MSG_AUW,   local  
[2022/03/23 15:20:15 581] isr        1559 6400  2  
[2022/03/23 15:20:15 582] isr        1547 ASR_MSG_AUW,   local  
[2022/03/23 15:20:15 582] isr        1559 6400  2  
[2022/03/23 15:20:15 583] isr        1547 ASR_MSG_AUW,   local  
[2022/03/23 15:20:15 583] isr        1559 6400  2  
[2022/03/23 15:20:15 584] isr        1547 ASR_MSG_AUW,   local  
[2022/03/23 15:20:15 584] isr        1559 6400  2  
[2022/03/23 15:20:15 586] isr        1547 ASR_MSG_AUW,   local  
[2022/03/23 15:20:15 586] isr        1559 6400  2  
[2022/03/23 15:20:15 587] isr        1547 ASR_MSG_AUW,   local  
[2022/03/23 15:20:15 587] isr        1559 6400  2  
[2022/03/23 15:20:15 588] isr        1547 ASR_MSG_AUW,   local  
[2022/03/23 15:20:15 588] isr        1559 6400  2  
[2022/03/23 15:20:15 589] isr        1547 ASR_MSG_AUW,   local  
[2022/03/23 15:20:15 589] isr        1559 6400  2  
[2022/03/23 15:20:15 589] isr        1547 ASR_MSG_AUW,   local  
[2022/03/23 15:20:15 589] isr        1559 6400  2  
[2022/03/23 15:20:15 592] isr        1547 ASR_MSG_AUW,   local  
[2022/03/23 15:20:15 592] isr        1559 6400  2  
[2022/03/23 15:20:15 593] isr        1547 ASR_MSG_AUW,   local  
[2022/03/23 15:20:15 593] isr        1559 6400  2  
[2022/03/23 15:20:15 593] isr        1547 ASR_MSG_AUW,   local  
[2022/03/23 15:20:15 594] isr        1559 6400  2  
[2022/03/23 15:20:15 594] isr        1547 ASR_MSG_AUW,   local  
[2022/03/23 15:20:15 594] isr        1559 6400  2  
[2022/03/23 15:20:15 595] isr        1547 ASR_MSG_AUW,   local  
[2022/03/23 15:20:15 595] isr        1559 6400  2  
[2022/03/23 15:20:15 595] isr        1547 ASR_MSG_AUW,   local  
[2022/03/23 15:20:15 595] isr        1559 6400  2  
[2022/03/23 15:20:15 597] isr        1547 ASR_MSG_AUW,   local  
[2022/03/23 15:20:15 597] isr        1559 6400  2  
[2022/03/23 15:20:15 598] isr        1547 ASR_MSG_AUW,   local  
[2022/03/23 15:20:15 598] isr        1559 10400  2  
[2022/03/23 15:20:15 599] isr        1547 ASR_MSG_AUW,   local  
[2022/03/23 15:20:15 599] isr        1559 0  4  
[2022/03/23 15:20:15 599] isr        1592 aud end, USER  
[2022/03/23 15:20:15 606] isr        1636 ASR_MSG_GRSLT,   local  
[2022/03/23 15:20:15 606] isr        1307 0  nil  2  
[2022/03/23 15:20:15 635] isr        854  [aud] speech end  
[2022/03/23 15:20:15 636] isr        798  3  msc  
[2022/03/23 15:20:15 707] isr        1636 ASR_MSG_GRSLT,   local  
[2022/03/23 15:20:15 707] isr        1307 0  nil  2  
[2022/03/23 15:20:15 718] isr        723  local_cbmsg_handler  ,msg=  406  param1=  nil  
[2022/03/23 15:20:15 808] isr        1636 ASR_MSG_GRSLT,   local  
[2022/03/23 15:20:15 808] isr        1307 0  nil  2  
[2022/03/23 15:20:15 908] isr        1636 ASR_MSG_GRSLT,   local  
[2022/03/23 15:20:15 909] isr        1307 0  nil  2  
[2022/03/23 15:20:16 009] isr        1636 ASR_MSG_GRSLT,   local  
[2022/03/23 15:20:16 009] isr        1307 0  nil  2  
[2022/03/23 15:20:16 110] isr        1636 ASR_MSG_GRSLT,   local  
[2022/03/23 15:20:16 110] isr        1307 0  nil  2  
[2022/03/23 15:20:16 211] isr        1636 ASR_MSG_GRSLT,   local  
[2022/03/23 15:20:16 211] isr        1307 0  nil  2  
[2022/03/23 15:20:16 312] isr        1636 ASR_MSG_GRSLT,   local  
[2022/03/23 15:20:16 325] isr        1307 0  nil  2  
[2022/03/23 15:20:16 425] isr        1636 ASR_MSG_GRSLT,   local  
[2022/03/23 15:20:16 426] isr        1307 0  nil  2  
[2022/03/23 15:20:16 526] isr        1636 ASR_MSG_GRSLT,   local  
[2022/03/23 15:20:16 526] isr        1307 0  nil  2  
[2022/03/23 15:20:16 627] isr        1636 ASR_MSG_GRSLT,   local  
[2022/03/23 15:20:16 627] isr        1307 0  nil  2  
[2022/03/23 15:20:16 728] isr        1636 ASR_MSG_GRSLT,   local  
[2022/03/23 15:20:16 728] isr        1307 0  nil  2  
[2022/03/23 15:20:16 829] isr        1636 ASR_MSG_GRSLT,   local  
[2022/03/23 15:20:16 829] isr        1307 0  nil  2  
[2022/03/23 15:20:16 875] isr        723  local_cbmsg_handler  ,msg=  407  param1=  nil  
[2022/03/23 15:20:16 876] isr        641  process_result call:  local  nil  0  2  
[2022/03/23 15:20:16 876] isr        798  3  msc  
[2022/03/23 15:20:16 876] isr        800  already speech end  
[2022/03/23 15:20:16 876] isr        723  local_cbmsg_handler  ,msg=  408  param1=  nil  
[2022/03/23 15:20:16 876] isr        734  local session recognized end!  
[2022/03/23 15:20:16 930] isr        1636 ASR_MSG_GRSLT,   local  
[2022/03/23 15:20:16 930] isr        1307 0  nil  5  
[2022/03/23 15:20:17 031] isr        1639 ASR_MSG_SSE,   local  
[2022/03/23 15:20:17 031] isr        1356 session_end() [in]  
[2022/03/23 15:20:17 031] isr        1377 local_session_end() [in]  
[2022/03/23 15:20:17 032] isr        1416 ASR_LOCAL_MSG_SSE net_type  nil  
[2022/03/23 15:20:17 033] isr        1667 isr unload!  
============================================================
Time  2022/03/23 15:20:20 487 
============================================================
[2022/03/23 15:20:20 487] isr        1659 isr loaded!  
[2022/03/23 15:20:20 487] isr        1642 SYS_MSG_REGCB param0 =   msp_status_cb  param1 =   func(60000cf0) 
[2022/03/23 15:20:20 488] isr        1537 ASR_MSG_SSB  
[2022/03/23 15:20:20 488] isr        1066 session_begin() [in], params:   engine_type = local, 		asr_res_path = fo|/home/wheeltec/SR2.2-HR1.1.3/SR2.2-HR1.1.3/offline_mic/bin/config/msc/res/asr/common.jet, sample_rate = 16000, 		grm_build_path = /home/wheeltec/SR2.2-HR1.1.3/SR2.2-HR1.1.3/offline_mic/bin/config/msc/res/asr/GrmBuilld, local_grammar = call, 		result_type = xml, result_encoding = UTF-8,   nil  
[2022/03/23 15:20:20 488] isr        927  vad_set [in]  
[2022/03/23 15:20:20 488] isr        962  vad_enable :  true  
[2022/03/23 15:20:20 488] isr        980  vad_bos :  10000  
[2022/03/23 15:20:20 488] isr        981  vad_eos :  2000  
[2022/03/23 15:20:20 488] isr        886  enable_vad [in]  
[2022/03/23 15:20:20 489] isr        918  vad enabled!  2000  10000  
[2022/03/23 15:20:20 489] isr        921  enable_vad [out]  
[2022/03/23 15:20:20 489] isr        987  vad_set [out] | ret =  0  
[2022/03/23 15:20:20 489] isr        1182 cur_engine_type =   local  
[2022/03/23 15:20:20 489] isr        992  local_session_begin  
[2022/03/23 15:20:20 492] isr        1547 ASR_MSG_AUW,   local  
[2022/03/23 15:20:20 492] isr        1559 6400  1  
[2022/03/23 15:20:20 492] isr        1569 once_bytes:   6400  
[2022/03/23 15:20:20 493] isr        1547 ASR_MSG_AUW,   local  
[2022/03/23 15:20:20 493] isr        1559 6400  2  
[2022/03/23 15:20:20 494] isr        1547 ASR_MSG_AUW,   local  
[2022/03/23 15:20:20 495] isr        1559 6400  2  
[2022/03/23 15:20:20 496] isr        1547 ASR_MSG_AUW,   local  
[2022/03/23 15:20:20 497] isr        1559 6400  2  
[2022/03/23 15:20:20 498] isr        1547 ASR_MSG_AUW,   local  
[2022/03/23 15:20:20 498] isr        1559 6400  2  
[2022/03/23 15:20:20 500] isr        1547 ASR_MSG_AUW,   local  
[2022/03/23 15:20:20 500] isr        1559 6400  2  
[2022/03/23 15:20:20 503] isr        851  [aud] speech start  
[2022/03/23 15:20:20 503] isr        798  1  msc  
[2022/03/23 15:20:20 503] isr        1547 ASR_MSG_AUW,   local  
[2022/03/23 15:20:20 503] isr        1559 6400  2  
[2022/03/23 15:20:20 509] isr        1547 ASR_MSG_AUW,   local  
[2022/03/23 15:20:20 509] isr        1559 6400  2  
[2022/03/23 15:20:20 510] isr        1547 ASR_MSG_AUW,   local  
[2022/03/23 15:20:20 510] isr        1559 6400  2  
[2022/03/23 15:20:20 510] isr        1547 ASR_MSG_AUW,   local  
[2022/03/23 15:20:20 511] isr        1559 6400  2  
[2022/03/23 15:20:20 512] isr        1547 ASR_MSG_AUW,   local  
[2022/03/23 15:20:20 512] isr        1559 6400  2  
[2022/03/23 15:20:20 513] isr        1547 ASR_MSG_AUW,   local  
[2022/03/23 15:20:20 514] isr        1559 6400  2  
[2022/03/23 15:20:20 514] isr        1547 ASR_MSG_AUW,   local  
[2022/03/23 15:20:20 514] isr        1559 6400  2  
[2022/03/23 15:20:20 515] isr        1547 ASR_MSG_AUW,   local  
[2022/03/23 15:20:20 515] isr        1559 6400  2  
[2022/03/23 15:20:20 516] isr        1547 ASR_MSG_AUW,   local  
[2022/03/23 15:20:20 516] isr        1559 6400  2  
[2022/03/23 15:20:20 517] isr        1547 ASR_MSG_AUW,   local  
[2022/03/23 15:20:20 517] isr        1559 0  4  
[2022/03/23 15:20:20 517] isr        1592 aud end, USER  
[2022/03/23 15:20:20 521] isr        1636 ASR_MSG_GRSLT,   local  
[2022/03/23 15:20:20 521] isr        1307 0  nil  2  
[2022/03/23 15:20:20 539] isr        854  [aud] speech end  
[2022/03/23 15:20:20 539] isr        798  3  msc  
[2022/03/23 15:20:20 622] isr        1636 ASR_MSG_GRSLT,   local  
[2022/03/23 15:20:20 622] isr        1307 0  nil  2  
[2022/03/23 15:20:20 645] isr        723  local_cbmsg_handler  ,msg=  406  param1=  nil  
[2022/03/23 15:20:20 723] isr        1636 ASR_MSG_GRSLT,   local  
[2022/03/23 15:20:20 723] isr        1307 0  nil  2  
[2022/03/23 15:20:20 824] isr        1636 ASR_MSG_GRSLT,   local  
[2022/03/23 15:20:20 824] isr        1307 0  nil  2  
[2022/03/23 15:20:20 925] isr        1636 ASR_MSG_GRSLT,   local  
[2022/03/23 15:20:20 925] isr        1307 0  nil  2  
[2022/03/23 15:20:21 025] isr        1636 ASR_MSG_GRSLT,   local  
[2022/03/23 15:20:21 025] isr        1307 0  nil  2  
[2022/03/23 15:20:21 126] isr        1636 ASR_MSG_GRSLT,   local  
[2022/03/23 15:20:21 126] isr        1307 0  nil  2  
[2022/03/23 15:20:21 227] isr        1636 ASR_MSG_GRSLT,   local  
[2022/03/23 15:20:21 227] isr        1307 0  nil  2  
[2022/03/23 15:20:21 328] isr        1636 ASR_MSG_GRSLT,   local  
[2022/03/23 15:20:21 328] isr        1307 0  nil  2  
[2022/03/23 15:20:21 429] isr        1636 ASR_MSG_GRSLT,   local  
[2022/03/23 15:20:21 429] isr        1307 0  nil  2  
[2022/03/23 15:20:21 511] isr        723  local_cbmsg_handler  ,msg=  407  param1=  nil  
[2022/03/23 15:20:21 511] isr        641  process_result call:  local  nil  0  2  
[2022/03/23 15:20:21 511] isr        798  3  msc  
[2022/03/23 15:20:21 511] isr        800  already speech end  
[2022/03/23 15:20:21 511] isr        723  local_cbmsg_handler  ,msg=  408  param1=  nil  
[2022/03/23 15:20:21 511] isr        734  local session recognized end!  
[2022/03/23 15:20:21 529] isr        1636 ASR_MSG_GRSLT,   local  
[2022/03/23 15:20:21 530] isr        1307 0  nil  5  
[2022/03/23 15:20:21 630] isr        1639 ASR_MSG_SSE,   local  
[2022/03/23 15:20:21 630] isr        1356 session_end() [in]  
[2022/03/23 15:20:21 630] isr        1377 local_session_end() [in]  
[2022/03/23 15:20:21 632] isr        1416 ASR_LOCAL_MSG_SSE net_type  nil  
[2022/03/23 15:20:21 633] isr        1667 isr unload!  
============================================================
Time  2022/03/23 15:20:25 507 
============================================================
[2022/03/23 15:20:25 507] isr        1659 isr loaded!  
[2022/03/23 15:20:25 507] isr        1642 SYS_MSG_REGCB param0 =   msp_status_cb  param1 =   func(6c02ec20) 
[2022/03/23 15:20:25 508] isr        1537 ASR_MSG_SSB  
[2022/03/23 15:20:25 508] isr        1066 session_begin() [in], params:   engine_type = local, 		asr_res_path = fo|/home/wheeltec/SR2.2-HR1.1.3/SR2.2-HR1.1.3/offline_mic/bin/config/msc/res/asr/common.jet, sample_rate = 16000, 		grm_build_path = /home/wheeltec/SR2.2-HR1.1.3/SR2.2-HR1.1.3/offline_mic/bin/config/msc/res/asr/GrmBuilld, local_grammar = call, 		result_type = xml, result_encoding = UTF-8,   nil  
[2022/03/23 15:20:25 508] isr        927  vad_set [in]  
[2022/03/23 15:20:25 508] isr        962  vad_enable :  true  
[2022/03/23 15:20:25 508] isr        980  vad_bos :  10000  
[2022/03/23 15:20:25 508] isr        981  vad_eos :  2000  
[2022/03/23 15:20:25 508] isr        886  enable_vad [in]  
[2022/03/23 15:20:25 509] isr        918  vad enabled!  2000  10000  
[2022/03/23 15:20:25 509] isr        921  enable_vad [out]  
[2022/03/23 15:20:25 509] isr        987  vad_set [out] | ret =  0  
[2022/03/23 15:20:25 509] isr        1182 cur_engine_type =   local  
[2022/03/23 15:20:25 509] isr        992  local_session_begin  
[2022/03/23 15:20:25 512] isr        1547 ASR_MSG_AUW,   local  
[2022/03/23 15:20:25 512] isr        1559 6400  1  
[2022/03/23 15:20:25 512] isr        1569 once_bytes:   6400  
[2022/03/23 15:20:25 513] isr        1547 ASR_MSG_AUW,   local  
[2022/03/23 15:20:25 513] isr        1559 6400  2  
[2022/03/23 15:20:25 515] isr        1547 ASR_MSG_AUW,   local  
[2022/03/23 15:20:25 515] isr        1559 6400  2  
[2022/03/23 15:20:25 516] isr        1547 ASR_MSG_AUW,   local  
[2022/03/23 15:20:25 517] isr        1559 6400  2  
[2022/03/23 15:20:25 518] isr        1547 ASR_MSG_AUW,   local  
[2022/03/23 15:20:25 518] isr        1559 6400  2  
[2022/03/23 15:20:25 519] isr        1547 ASR_MSG_AUW,   local  
[2022/03/23 15:20:25 520] isr        1559 6400  2  
[2022/03/23 15:20:25 521] isr        1547 ASR_MSG_AUW,   local  
[2022/03/23 15:20:25 521] isr        1559 6400  2  
[2022/03/23 15:20:25 523] isr        1547 ASR_MSG_AUW,   local  
[2022/03/23 15:20:25 524] isr        1559 6400  2  
[2022/03/23 15:20:25 524] isr        851  [aud] speech start  
[2022/03/23 15:20:25 524] isr        798  1  msc  
[2022/03/23 15:20:25 525] isr        1547 ASR_MSG_AUW,   local  
[2022/03/23 15:20:25 525] isr        1559 6400  2  
[2022/03/23 15:20:25 526] isr        1547 ASR_MSG_AUW,   local  
[2022/03/23 15:20:25 526] isr        1559 6400  2  
[2022/03/23 15:20:25 527] isr        1547 ASR_MSG_AUW,   local  
[2022/03/23 15:20:25 527] isr        1559 6400  2  
[2022/03/23 15:20:25 528] isr        1547 ASR_MSG_AUW,   local  
[2022/03/23 15:20:25 528] isr        1559 6400  2  
[2022/03/23 15:20:25 531] isr        1547 ASR_MSG_AUW,   local  
[2022/03/23 15:20:25 531] isr        1559 6400  2  
[2022/03/23 15:20:25 531] isr        1547 ASR_MSG_AUW,   local  
[2022/03/23 15:20:25 532] isr        1559 6400  2  
[2022/03/23 15:20:25 532] isr        1547 ASR_MSG_AUW,   local  
[2022/03/23 15:20:25 533] isr        1559 6400  2  
[2022/03/23 15:20:25 533] isr        1547 ASR_MSG_AUW,   local  
[2022/03/23 15:20:25 534] isr        1559 12000  2  
[2022/03/23 15:20:25 534] isr        1547 ASR_MSG_AUW,   local  
[2022/03/23 15:20:25 534] isr        1559 0  4  
[2022/03/23 15:20:25 534] isr        1592 aud end, USER  
[2022/03/23 15:20:25 539] isr        1636 ASR_MSG_GRSLT,   local  
[2022/03/23 15:20:25 539] isr        1307 0  nil  2  
[2022/03/23 15:20:25 559] isr        854  [aud] speech end  
[2022/03/23 15:20:25 559] isr        798  3  msc  
[2022/03/23 15:20:25 640] isr        1636 ASR_MSG_GRSLT,   local  
[2022/03/23 15:20:25 640] isr        1307 0  nil  2  
[2022/03/23 15:20:25 659] isr        723  local_cbmsg_handler  ,msg=  406  param1=  nil  
[2022/03/23 15:20:25 740] isr        1636 ASR_MSG_GRSLT,   local  
[2022/03/23 15:20:25 741] isr        1307 0  nil  2  
[2022/03/23 15:20:25 795] isr        723  local_cbmsg_handler  ,msg=  404  param1=  nil  
[2022/03/23 15:20:25 841] isr        1636 ASR_MSG_GRSLT,   local  
[2022/03/23 15:20:25 841] isr        1307 0  nil  2  
[2022/03/23 15:20:25 942] isr        1636 ASR_MSG_GRSLT,   local  
[2022/03/23 15:20:25 942] isr        1307 0  nil  2  
[2022/03/23 15:20:26 033] isr        723  local_cbmsg_handler  ,msg=  407  param1=  nil  
[2022/03/23 15:20:26 033] isr        641  process_result call:  local  nil  0  2  
[2022/03/23 15:20:26 033] isr        798  3  msc  
[2022/03/23 15:20:26 033] isr        800  already speech end  
[2022/03/23 15:20:26 033] isr        723  local_cbmsg_handler  ,msg=  408  param1=  nil  
[2022/03/23 15:20:26 033] isr        734  local session recognized end!  
[2022/03/23 15:20:26 043] isr        1636 ASR_MSG_GRSLT,   local  
[2022/03/23 15:20:26 043] isr        1307 0  nil  5  
[2022/03/23 15:20:26 144] isr        1639 ASR_MSG_SSE,   local  
[2022/03/23 15:20:26 144] isr        1356 session_end() [in]  
[2022/03/23 15:20:26 144] isr        1377 local_session_end() [in]  
[2022/03/23 15:20:26 145] isr        1416 ASR_LOCAL_MSG_SSE net_type  nil  
[2022/03/23 15:20:26 146] isr        1667 isr unload!  
============================================================
Time  2022/03/23 15:20:30 519 
============================================================
[2022/03/23 15:20:30 519] isr        1659 isr loaded!  
[2022/03/23 15:20:30 520] isr        1642 SYS_MSG_REGCB param0 =   msp_status_cb  param1 =   func(380232c0) 
[2022/03/23 15:20:30 520] isr        1537 ASR_MSG_SSB  
[2022/03/23 15:20:30 520] isr        1066 session_begin() [in], params:   engine_type = local, 		asr_res_path = fo|/home/wheeltec/SR2.2-HR1.1.3/SR2.2-HR1.1.3/offline_mic/bin/config/msc/res/asr/common.jet, sample_rate = 16000, 		grm_build_path = /home/wheeltec/SR2.2-HR1.1.3/SR2.2-HR1.1.3/offline_mic/bin/config/msc/res/asr/GrmBuilld, local_grammar = call, 		result_type = xml, result_encoding = UTF-8,   nil  
[2022/03/23 15:20:30 520] isr        927  vad_set [in]  
[2022/03/23 15:20:30 520] isr        962  vad_enable :  true  
[2022/03/23 15:20:30 520] isr        980  vad_bos :  10000  
[2022/03/23 15:20:30 520] isr        981  vad_eos :  2000  
[2022/03/23 15:20:30 520] isr        886  enable_vad [in]  
[2022/03/23 15:20:30 521] isr        918  vad enabled!  2000  10000  
[2022/03/23 15:20:30 521] isr        921  enable_vad [out]  
[2022/03/23 15:20:30 521] isr        987  vad_set [out] | ret =  0  
[2022/03/23 15:20:30 521] isr        1182 cur_engine_type =   local  
[2022/03/23 15:20:30 522] isr        992  local_session_begin  
[2022/03/23 15:20:30 524] isr        1547 ASR_MSG_AUW,   local  
[2022/03/23 15:20:30 524] isr        1559 6400  1  
[2022/03/23 15:20:30 524] isr        1569 once_bytes:   6400  
[2022/03/23 15:20:30 525] isr        1547 ASR_MSG_AUW,   local  
[2022/03/23 15:20:30 526] isr        1559 6400  2  
[2022/03/23 15:20:30 527] isr        1547 ASR_MSG_AUW,   local  
[2022/03/23 15:20:30 527] isr        1559 6400  2  
[2022/03/23 15:20:30 528] isr        1547 ASR_MSG_AUW,   local  
[2022/03/23 15:20:30 528] isr        1559 6400  2  
[2022/03/23 15:20:30 530] isr        1547 ASR_MSG_AUW,   local  
[2022/03/23 15:20:30 530] isr        1559 6400  2  
[2022/03/23 15:20:30 531] isr        1547 ASR_MSG_AUW,   local  
[2022/03/23 15:20:30 531] isr        1559 6400  2  
[2022/03/23 15:20:30 533] isr        851  [aud] speech start  
[2022/03/23 15:20:30 534] isr        798  1  msc  
[2022/03/23 15:20:30 535] isr        1547 ASR_MSG_AUW,   local  
[2022/03/23 15:20:30 535] isr        1559 6400  2  
[2022/03/23 15:20:30 539] isr        1547 ASR_MSG_AUW,   local  
[2022/03/23 15:20:30 539] isr        1559 6400  2  
[2022/03/23 15:20:30 540] isr        1547 ASR_MSG_AUW,   local  
[2022/03/23 15:20:30 540] isr        1559 6400  2  
[2022/03/23 15:20:30 541] isr        1547 ASR_MSG_AUW,   local  
[2022/03/23 15:20:30 541] isr        1559 6400  2  
[2022/03/23 15:20:30 541] isr        1547 ASR_MSG_AUW,   local  
[2022/03/23 15:20:30 541] isr        1559 6400  2  
[2022/03/23 15:20:30 544] isr        1547 ASR_MSG_AUW,   local  
[2022/03/23 15:20:30 544] isr        1559 6400  2  
[2022/03/23 15:20:30 544] isr        1547 ASR_MSG_AUW,   local  
[2022/03/23 15:20:30 544] isr        1559 6400  2  
[2022/03/23 15:20:30 545] isr        1547 ASR_MSG_AUW,   local  
[2022/03/23 15:20:30 545] isr        1559 6400  2  
[2022/03/23 15:20:30 546] isr        1547 ASR_MSG_AUW,   local  
[2022/03/23 15:20:30 546] isr        1559 6400  2  
[2022/03/23 15:20:30 548] isr        1547 ASR_MSG_AUW,   local  
[2022/03/23 15:20:30 548] isr        1559 6400  2  
[2022/03/23 15:20:30 548] isr        1547 ASR_MSG_AUW,   local  
[2022/03/23 15:20:30 548] isr        1559 6400  2  
[2022/03/23 15:20:30 549] isr        1547 ASR_MSG_AUW,   local  
[2022/03/23 15:20:30 549] isr        1559 6400  2  
[2022/03/23 15:20:30 550] isr        1547 ASR_MSG_AUW,   local  
[2022/03/23 15:20:30 550] isr        1559 8800  2  
[2022/03/23 15:20:30 551] isr        1547 ASR_MSG_AUW,   local  
[2022/03/23 15:20:30 551] isr        1559 0  4  
[2022/03/23 15:20:30 551] isr        1592 aud end, USER  
[2022/03/23 15:20:30 555] isr        1636 ASR_MSG_GRSLT,   local  
[2022/03/23 15:20:30 556] isr        1307 0  nil  2  
[2022/03/23 15:20:30 578] isr        854  [aud] speech end  
[2022/03/23 15:20:30 579] isr        798  3  msc  
[2022/03/23 15:20:30 657] isr        1636 ASR_MSG_GRSLT,   local  
[2022/03/23 15:20:30 657] isr        1307 0  nil  2  
[2022/03/23 15:20:30 673] isr        723  local_cbmsg_handler  ,msg=  406  param1=  nil  
[2022/03/23 15:20:30 757] isr        1636 ASR_MSG_GRSLT,   local  
[2022/03/23 15:20:30 757] isr        1307 0  nil  2  
[2022/03/23 15:20:30 858] isr        1636 ASR_MSG_GRSLT,   local  
[2022/03/23 15:20:30 858] isr        1307 0  nil  2  
[2022/03/23 15:20:30 959] isr        1636 ASR_MSG_GRSLT,   local  
[2022/03/23 15:20:30 959] isr        1307 0  nil  2  
[2022/03/23 15:20:31 060] isr        1636 ASR_MSG_GRSLT,   local  
[2022/03/23 15:20:31 060] isr        1307 0  nil  2  
[2022/03/23 15:20:31 161] isr        1636 ASR_MSG_GRSLT,   local  
[2022/03/23 15:20:31 161] isr        1307 0  nil  2  
[2022/03/23 15:20:31 261] isr        1636 ASR_MSG_GRSLT,   local  
[2022/03/23 15:20:31 262] isr        1307 0  nil  2  
[2022/03/23 15:20:31 362] isr        1636 ASR_MSG_GRSLT,   local  
[2022/03/23 15:20:31 363] isr        1307 0  nil  2  
[2022/03/23 15:20:31 463] isr        1636 ASR_MSG_GRSLT,   local  
[2022/03/23 15:20:31 469] isr        1307 0  nil  2  
[2022/03/23 15:20:31 570] isr        1636 ASR_MSG_GRSLT,   local  
[2022/03/23 15:20:31 570] isr        1307 0  nil  2  
[2022/03/23 15:20:31 671] isr        1636 ASR_MSG_GRSLT,   local  
[2022/03/23 15:20:31 671] isr        1307 0  nil  2  
[2022/03/23 15:20:31 704] isr        723  local_cbmsg_handler  ,msg=  407  param1=  nil  
[2022/03/23 15:20:31 705] isr        641  process_result call:  local  nil  0  2  
[2022/03/23 15:20:31 705] isr        798  3  msc  
[2022/03/23 15:20:31 705] isr        800  already speech end  
[2022/03/23 15:20:31 705] isr        723  local_cbmsg_handler  ,msg=  408  param1=  nil  
[2022/03/23 15:20:31 705] isr        734  local session recognized end!  
[2022/03/23 15:20:31 771] isr        1636 ASR_MSG_GRSLT,   local  
[2022/03/23 15:20:31 772] isr        1307 0  nil  5  
[2022/03/23 15:20:31 872] isr        1639 ASR_MSG_SSE,   local  
[2022/03/23 15:20:31 872] isr        1356 session_end() [in]  
[2022/03/23 15:20:31 872] isr        1377 local_session_end() [in]  
[2022/03/23 15:20:31 874] isr        1416 ASR_LOCAL_MSG_SSE net_type  nil  
[2022/03/23 15:20:31 875] isr        1667 isr unload!  
============================================================
Time  2022/03/23 15:20:35 452 
============================================================
[2022/03/23 15:20:35 452] isr        1659 isr loaded!  
[2022/03/23 15:20:35 452] isr        1642 SYS_MSG_REGCB param0 =   msp_status_cb  param1 =   func(600179e0) 
[2022/03/23 15:20:35 452] isr        1537 ASR_MSG_SSB  
[2022/03/23 15:20:35 452] isr        1066 session_begin() [in], params:   engine_type = local, 		asr_res_path = fo|/home/wheeltec/SR2.2-HR1.1.3/SR2.2-HR1.1.3/offline_mic/bin/config/msc/res/asr/common.jet, sample_rate = 16000, 		grm_build_path = /home/wheeltec/SR2.2-HR1.1.3/SR2.2-HR1.1.3/offline_mic/bin/config/msc/res/asr/GrmBuilld, local_grammar = call, 		result_type = xml, result_encoding = UTF-8,   nil  
[2022/03/23 15:20:35 453] isr        927  vad_set [in]  
[2022/03/23 15:20:35 453] isr        962  vad_enable :  true  
[2022/03/23 15:20:35 453] isr        980  vad_bos :  10000  
[2022/03/23 15:20:35 453] isr        981  vad_eos :  2000  
[2022/03/23 15:20:35 453] isr        886  enable_vad [in]  
[2022/03/23 15:20:35 454] isr        918  vad enabled!  2000  10000  
[2022/03/23 15:20:35 454] isr        921  enable_vad [out]  
[2022/03/23 15:20:35 454] isr        987  vad_set [out] | ret =  0  
[2022/03/23 15:20:35 454] isr        1182 cur_engine_type =   local  
[2022/03/23 15:20:35 454] isr        992  local_session_begin  
[2022/03/23 15:20:35 456] isr        1547 ASR_MSG_AUW,   local  
[2022/03/23 15:20:35 457] isr        1559 6400  1  
[2022/03/23 15:20:35 457] isr        1569 once_bytes:   6400  
[2022/03/23 15:20:35 458] isr        1547 ASR_MSG_AUW,   local  
[2022/03/23 15:20:35 458] isr        1559 6400  2  
[2022/03/23 15:20:35 459] isr        1547 ASR_MSG_AUW,   local  
[2022/03/23 15:20:35 459] isr        1559 6400  2  
[2022/03/23 15:20:35 460] isr        1547 ASR_MSG_AUW,   local  
[2022/03/23 15:20:35 460] isr        1559 6400  2  
[2022/03/23 15:20:35 462] isr        1547 ASR_MSG_AUW,   local  
[2022/03/23 15:20:35 462] isr        1559 6400  2  
[2022/03/23 15:20:35 463] isr        1547 ASR_MSG_AUW,   local  
[2022/03/23 15:20:35 463] isr        1559 6400  2  
[2022/03/23 15:20:35 466] isr        1547 ASR_MSG_AUW,   local  
[2022/03/23 15:20:35 466] isr        1559 6400  2  
[2022/03/23 15:20:35 467] isr        851  [aud] speech start  
[2022/03/23 15:20:35 467] isr        798  1  msc  
[2022/03/23 15:20:35 468] isr        1547 ASR_MSG_AUW,   local  
[2022/03/23 15:20:35 468] isr        1559 6400  2  
[2022/03/23 15:20:35 469] isr        1547 ASR_MSG_AUW,   local  
[2022/03/23 15:20:35 469] isr        1559 6400  2  
[2022/03/23 15:20:35 470] isr        1547 ASR_MSG_AUW,   local  
[2022/03/23 15:20:35 470] isr        1559 6400  2  
[2022/03/23 15:20:35 471] isr        1547 ASR_MSG_AUW,   local  
[2022/03/23 15:20:35 471] isr        1559 6400  2  
[2022/03/23 15:20:35 474] isr        1547 ASR_MSG_AUW,   local  
[2022/03/23 15:20:35 474] isr        1559 6400  2  
[2022/03/23 15:20:35 474] isr        1547 ASR_MSG_AUW,   local  
[2022/03/23 15:20:35 475] isr        1559 6400  2  
[2022/03/23 15:20:35 476] isr        1547 ASR_MSG_AUW,   local  
[2022/03/23 15:20:35 476] isr        1559 6400  2  
[2022/03/23 15:20:35 476] isr        1547 ASR_MSG_AUW,   local  
[2022/03/23 15:20:35 477] isr        1559 10400  2  
[2022/03/23 15:20:35 477] isr        1547 ASR_MSG_AUW,   local  
[2022/03/23 15:20:35 477] isr        1559 0  4  
[2022/03/23 15:20:35 477] isr        1592 aud end, USER  
[2022/03/23 15:20:35 480] isr        1636 ASR_MSG_GRSLT,   local  
[2022/03/23 15:20:35 480] isr        1307 0  nil  2  
[2022/03/23 15:20:35 501] isr        854  [aud] speech end  
[2022/03/23 15:20:35 502] isr        798  3  msc  
[2022/03/23 15:20:35 581] isr        1636 ASR_MSG_GRSLT,   local  
[2022/03/23 15:20:35 581] isr        1307 0  nil  2  
[2022/03/23 15:20:35 603] isr        723  local_cbmsg_handler  ,msg=  406  param1=  nil  
[2022/03/23 15:20:35 682] isr        1636 ASR_MSG_GRSLT,   local  
[2022/03/23 15:20:35 682] isr        1307 0  nil  2  
[2022/03/23 15:20:35 717] isr        723  local_cbmsg_handler  ,msg=  404  param1=  nil  
[2022/03/23 15:20:35 783] isr        1636 ASR_MSG_GRSLT,   local  
[2022/03/23 15:20:35 783] isr        1307 0  nil  2  
[2022/03/23 15:20:35 883] isr        1636 ASR_MSG_GRSLT,   local  
[2022/03/23 15:20:35 884] isr        1307 0  nil  2  
[2022/03/23 15:20:35 984] isr        1636 ASR_MSG_GRSLT,   local  
[2022/03/23 15:20:35 984] isr        1307 0  nil  2  
[2022/03/23 15:20:36 077] isr        723  local_cbmsg_handler  ,msg=  407  param1=  udata(6001a5b8) 
[2022/03/23 15:20:36 077] isr        641  process_result call:  local  udata(6001a5b8) 6  2  
[2022/03/23 15:20:36 077] isr        798  3  msc  
[2022/03/23 15:20:36 077] isr        800  already speech end  
[2022/03/23 15:20:36 077] isr        723  local_cbmsg_handler  ,msg=  408  param1=  nil  
[2022/03/23 15:20:36 077] isr        734  local session recognized end!  
[2022/03/23 15:20:36 085] isr        1636 ASR_MSG_GRSLT,   local  
[2022/03/23 15:20:36 085] isr        1307 0  udata(6001a5b8) 5  
[2022/03/23 15:20:36 186] isr        1639 ASR_MSG_SSE,   local  
[2022/03/23 15:20:36 186] isr        1356 session_end() [in]  
[2022/03/23 15:20:36 186] isr        1377 local_session_end() [in]  
[2022/03/23 15:20:36 188] isr        1416 ASR_LOCAL_MSG_SSE net_type  nil  
[2022/03/23 15:20:36 188] isr        1667 isr unload!  
============================================================
Time  2022/03/23 15:20:46 822 
============================================================
[2022/03/23 15:20:46 822] isr        1659 isr loaded!  
[2022/03/23 15:20:46 822] isr        1642 SYS_MSG_REGCB param0 =   msp_status_cb  param1 =   func(70031e80) 
[2022/03/23 15:20:46 823] isr        1537 ASR_MSG_SSB  
[2022/03/23 15:20:46 823] isr        1066 session_begin() [in], params:   engine_type = local, 		asr_res_path = fo|/home/wheeltec/SR2.2-HR1.1.3/SR2.2-HR1.1.3/offline_mic/bin/config/msc/res/asr/common.jet, sample_rate = 16000, 		grm_build_path = /home/wheeltec/SR2.2-HR1.1.3/SR2.2-HR1.1.3/offline_mic/bin/config/msc/res/asr/GrmBuilld, local_grammar = call, 		result_type = xml, result_encoding = UTF-8,   nil  
[2022/03/23 15:20:46 823] isr        927  vad_set [in]  
[2022/03/23 15:20:46 823] isr        962  vad_enable :  true  
[2022/03/23 15:20:46 823] isr        980  vad_bos :  10000  
[2022/03/23 15:20:46 823] isr        981  vad_eos :  2000  
[2022/03/23 15:20:46 823] isr        886  enable_vad [in]  
[2022/03/23 15:20:46 824] isr        918  vad enabled!  2000  10000  
[2022/03/23 15:20:46 824] isr        921  enable_vad [out]  
[2022/03/23 15:20:46 824] isr        987  vad_set [out] | ret =  0  
[2022/03/23 15:20:46 824] isr        1182 cur_engine_type =   local  
[2022/03/23 15:20:46 824] isr        992  local_session_begin  
[2022/03/23 15:20:46 827] isr        1547 ASR_MSG_AUW,   local  
[2022/03/23 15:20:46 827] isr        1559 6400  1  
[2022/03/23 15:20:46 827] isr        1569 once_bytes:   6400  
[2022/03/23 15:20:46 828] isr        1547 ASR_MSG_AUW,   local  
[2022/03/23 15:20:46 829] isr        1559 6400  2  
[2022/03/23 15:20:46 830] isr        1547 ASR_MSG_AUW,   local  
[2022/03/23 15:20:46 830] isr        1559 6400  2  
[2022/03/23 15:20:46 832] isr        1547 ASR_MSG_AUW,   local  
[2022/03/23 15:20:46 832] isr        1559 6400  2  
[2022/03/23 15:20:46 834] isr        1547 ASR_MSG_AUW,   local  
[2022/03/23 15:20:46 834] isr        1559 6400  2  
[2022/03/23 15:20:46 835] isr        1547 ASR_MSG_AUW,   local  
[2022/03/23 15:20:46 836] isr        1559 6400  2  
[2022/03/23 15:20:46 837] isr        1547 ASR_MSG_AUW,   local  
[2022/03/23 15:20:46 837] isr        1559 6400  2  
[2022/03/23 15:20:46 842] isr        851  [aud] speech start  
[2022/03/23 15:20:46 842] isr        798  1  msc  
[2022/03/23 15:20:46 843] isr        1547 ASR_MSG_AUW,   local  
[2022/03/23 15:20:46 843] isr        1559 6400  2  
[2022/03/23 15:20:46 845] isr        1547 ASR_MSG_AUW,   local  
[2022/03/23 15:20:46 845] isr        1559 6400  2  
[2022/03/23 15:20:46 845] isr        1547 ASR_MSG_AUW,   local  
[2022/03/23 15:20:46 846] isr        1559 6400  2  
[2022/03/23 15:20:46 846] isr        1547 ASR_MSG_AUW,   local  
[2022/03/23 15:20:46 847] isr        1559 6400  2  
[2022/03/23 15:20:46 847] isr        1547 ASR_MSG_AUW,   local  
[2022/03/23 15:20:46 847] isr        1559 6400  2  
[2022/03/23 15:20:46 848] isr        1547 ASR_MSG_AUW,   local  
[2022/03/23 15:20:46 849] isr        1559 6400  2  
[2022/03/23 15:20:46 851] isr        1547 ASR_MSG_AUW,   local  
[2022/03/23 15:20:46 851] isr        1559 6400  2  
[2022/03/23 15:20:46 851] isr        1547 ASR_MSG_AUW,   local  
[2022/03/23 15:20:46 851] isr        1559 6400  2  
[2022/03/23 15:20:46 852] isr        1547 ASR_MSG_AUW,   local  
[2022/03/23 15:20:46 852] isr        1559 6400  2  
[2022/03/23 15:20:46 852] isr        1547 ASR_MSG_AUW,   local  
[2022/03/23 15:20:46 852] isr        1559 6400  2  
[2022/03/23 15:20:46 853] isr        1547 ASR_MSG_AUW,   local  
[2022/03/23 15:20:46 853] isr        1559 6400  2  
[2022/03/23 15:20:46 854] isr        1547 ASR_MSG_AUW,   local  
[2022/03/23 15:20:46 854] isr        1559 6400  2  
[2022/03/23 15:20:46 856] isr        1547 ASR_MSG_AUW,   local  
[2022/03/23 15:20:46 856] isr        1559 6400  2  
[2022/03/23 15:20:46 857] isr        1547 ASR_MSG_AUW,   local  
[2022/03/23 15:20:46 857] isr        1559 6400  2  
[2022/03/23 15:20:46 858] isr        1547 ASR_MSG_AUW,   local  
[2022/03/23 15:20:46 858] isr        1559 6400  2  
[2022/03/23 15:20:46 858] isr        1547 ASR_MSG_AUW,   local  
[2022/03/23 15:20:46 858] isr        1559 6400  2  
[2022/03/23 15:20:46 859] isr        1547 ASR_MSG_AUW,   local  
[2022/03/23 15:20:46 859] isr        1559 6400  2  
[2022/03/23 15:20:46 861] isr        1547 ASR_MSG_AUW,   local  
[2022/03/23 15:20:46 861] isr        1559 10400  2  
[2022/03/23 15:20:46 862] isr        1547 ASR_MSG_AUW,   local  
[2022/03/23 15:20:46 862] isr        1559 0  4  
[2022/03/23 15:20:46 862] isr        1592 aud end, USER  
[2022/03/23 15:20:46 870] isr        1636 ASR_MSG_GRSLT,   local  
[2022/03/23 15:20:46 870] isr        1307 0  nil  2  
[2022/03/23 15:20:46 897] isr        854  [aud] speech end  
[2022/03/23 15:20:46 897] isr        798  3  msc  
[2022/03/23 15:20:46 972] isr        1636 ASR_MSG_GRSLT,   local  
[2022/03/23 15:20:46 972] isr        1307 0  nil  2  
[2022/03/23 15:20:46 982] isr        723  local_cbmsg_handler  ,msg=  406  param1=  nil  
[2022/03/23 15:20:47 072] isr        1636 ASR_MSG_GRSLT,   local  
[2022/03/23 15:20:47 072] isr        1307 0  nil  2  
[2022/03/23 15:20:47 078] isr        723  local_cbmsg_handler  ,msg=  404  param1=  nil  
[2022/03/23 15:20:47 147] isr        723  local_cbmsg_handler  ,msg=  405  param1=  nil  
[2022/03/23 15:20:47 148] isr        729  local speech end  
[2022/03/23 15:20:47 148] isr        798  3  local  
[2022/03/23 15:20:47 148] isr        800  already speech end  
[2022/03/23 15:20:47 173] isr        1636 ASR_MSG_GRSLT,   local  
[2022/03/23 15:20:47 173] isr        1307 0  nil  2  
[2022/03/23 15:20:47 274] isr        1636 ASR_MSG_GRSLT,   local  
[2022/03/23 15:20:47 274] isr        1307 0  nil  2  
[2022/03/23 15:20:47 375] isr        1636 ASR_MSG_GRSLT,   local  
[2022/03/23 15:20:47 375] isr        1307 0  nil  2  
[2022/03/23 15:20:47 476] isr        1636 ASR_MSG_GRSLT,   local  
[2022/03/23 15:20:47 476] isr        1307 0  nil  2  
[2022/03/23 15:20:47 577] isr        1636 ASR_MSG_GRSLT,   local  
[2022/03/23 15:20:47 577] isr        1307 0  nil  2  
[2022/03/23 15:20:47 678] isr        1636 ASR_MSG_GRSLT,   local  
[2022/03/23 15:20:47 678] isr        1307 0  nil  2  
[2022/03/23 15:20:47 778] isr        1636 ASR_MSG_GRSLT,   local  
[2022/03/23 15:20:47 778] isr        1307 0  nil  2  
[2022/03/23 15:20:47 849] isr        723  local_cbmsg_handler  ,msg=  407  param1=  udata(70078678) 
[2022/03/23 15:20:47 849] isr        641  process_result call:  local  udata(70078678) 54  2  
[2022/03/23 15:20:47 849] isr        798  3  msc  
[2022/03/23 15:20:47 850] isr        800  already speech end  
[2022/03/23 15:20:47 850] isr        723  local_cbmsg_handler  ,msg=  408  param1=  nil  
[2022/03/23 15:20:47 850] isr        734  local session recognized end!  
[2022/03/23 15:20:47 879] isr        1636 ASR_MSG_GRSLT,   local  
[2022/03/23 15:20:47 879] isr        1307 0  udata(70078678) 5  
[2022/03/23 15:20:47 980] isr        1639 ASR_MSG_SSE,   local  
[2022/03/23 15:20:47 980] isr        1356 session_end() [in]  
[2022/03/23 15:20:47 980] isr        1377 local_session_end() [in]  
[2022/03/23 15:20:47 982] isr        1416 ASR_LOCAL_MSG_SSE net_type  nil  
[2022/03/23 15:20:47 982] isr        1667 isr unload!  
============================================================
Time  2022/03/23 15:20:51 731 
============================================================
[2022/03/23 15:20:51 731] isr        1659 isr loaded!  
[2022/03/23 15:20:51 731] isr        1642 SYS_MSG_REGCB param0 =   msp_status_cb  param1 =   func(3c02eb30) 
[2022/03/23 15:20:51 731] isr        1537 ASR_MSG_SSB  
[2022/03/23 15:20:51 731] isr        1066 session_begin() [in], params:   engine_type = local, 		asr_res_path = fo|/home/wheeltec/SR2.2-HR1.1.3/SR2.2-HR1.1.3/offline_mic/bin/config/msc/res/asr/common.jet, sample_rate = 16000, 		grm_build_path = /home/wheeltec/SR2.2-HR1.1.3/SR2.2-HR1.1.3/offline_mic/bin/config/msc/res/asr/GrmBuilld, local_grammar = call, 		result_type = xml, result_encoding = UTF-8,   nil  
[2022/03/23 15:20:51 732] isr        927  vad_set [in]  
[2022/03/23 15:20:51 732] isr        962  vad_enable :  true  
[2022/03/23 15:20:51 732] isr        980  vad_bos :  10000  
[2022/03/23 15:20:51 732] isr        981  vad_eos :  2000  
[2022/03/23 15:20:51 732] isr        886  enable_vad [in]  
[2022/03/23 15:20:51 733] isr        918  vad enabled!  2000  10000  
[2022/03/23 15:20:51 733] isr        921  enable_vad [out]  
[2022/03/23 15:20:51 733] isr        987  vad_set [out] | ret =  0  
[2022/03/23 15:20:51 733] isr        1182 cur_engine_type =   local  
[2022/03/23 15:20:51 733] isr        992  local_session_begin  
[2022/03/23 15:20:51 735] isr        1547 ASR_MSG_AUW,   local  
[2022/03/23 15:20:51 736] isr        1559 6400  1  
[2022/03/23 15:20:51 736] isr        1569 once_bytes:   6400  
[2022/03/23 15:20:51 738] isr        1547 ASR_MSG_AUW,   local  
[2022/03/23 15:20:51 738] isr        1559 6400  2  
[2022/03/23 15:20:51 739] isr        1547 ASR_MSG_AUW,   local  
[2022/03/23 15:20:51 739] isr        1559 6400  2  
[2022/03/23 15:20:51 740] isr        1547 ASR_MSG_AUW,   local  
[2022/03/23 15:20:51 740] isr        1559 6400  2  
[2022/03/23 15:20:51 742] isr        1547 ASR_MSG_AUW,   local  
[2022/03/23 15:20:51 742] isr        1559 6400  2  
[2022/03/23 15:20:51 743] isr        1547 ASR_MSG_AUW,   local  
[2022/03/23 15:20:51 743] isr        1559 6400  2  
[2022/03/23 15:20:51 745] isr        1547 ASR_MSG_AUW,   local  
[2022/03/23 15:20:51 745] isr        1559 6400  2  
[2022/03/23 15:20:51 746] isr        1547 ASR_MSG_AUW,   local  
[2022/03/23 15:20:51 746] isr        1559 6400  2  
[2022/03/23 15:20:51 748] isr        1547 ASR_MSG_AUW,   local  
[2022/03/23 15:20:51 748] isr        1559 6400  2  
[2022/03/23 15:20:51 748] isr        851  [aud] speech start  
[2022/03/23 15:20:51 748] isr        798  1  msc  
[2022/03/23 15:20:51 749] isr        1547 ASR_MSG_AUW,   local  
[2022/03/23 15:20:51 749] isr        1559 6400  2  
[2022/03/23 15:20:51 751] isr        1547 ASR_MSG_AUW,   local  
[2022/03/23 15:20:51 751] isr        1559 6400  2  
[2022/03/23 15:20:51 752] isr        1547 ASR_MSG_AUW,   local  
[2022/03/23 15:20:51 752] isr        1559 6400  2  
[2022/03/23 15:20:51 753] isr        1547 ASR_MSG_AUW,   local  
[2022/03/23 15:20:51 753] isr        1559 6400  2  
[2022/03/23 15:20:51 754] isr        1547 ASR_MSG_AUW,   local  
[2022/03/23 15:20:51 754] isr        1559 6400  2  
[2022/03/23 15:20:51 754] isr        1547 ASR_MSG_AUW,   local  
[2022/03/23 15:20:51 754] isr        1559 6400  2  
[2022/03/23 15:20:51 757] isr        1547 ASR_MSG_AUW,   local  
[2022/03/23 15:20:51 757] isr        1559 8000  2  
[2022/03/23 15:20:51 758] isr        1547 ASR_MSG_AUW,   local  
[2022/03/23 15:20:51 758] isr        1559 0  4  
[2022/03/23 15:20:51 758] isr        1592 aud end, USER  
[2022/03/23 15:20:51 761] isr        1636 ASR_MSG_GRSLT,   local  
[2022/03/23 15:20:51 761] isr        1307 0  nil  2  
[2022/03/23 15:20:51 785] isr        854  [aud] speech end  
[2022/03/23 15:20:51 785] isr        798  3  msc  
[2022/03/23 15:20:51 862] isr        1636 ASR_MSG_GRSLT,   local  
[2022/03/23 15:20:51 870] isr        1307 0  nil  2  
[2022/03/23 15:20:51 883] isr        723  local_cbmsg_handler  ,msg=  406  param1=  nil  
[2022/03/23 15:20:51 971] isr        1636 ASR_MSG_GRSLT,   local  
[2022/03/23 15:20:51 971] isr        1307 0  nil  2  
[2022/03/23 15:20:52 072] isr        1636 ASR_MSG_GRSLT,   local  
[2022/03/23 15:20:52 072] isr        1307 0  nil  2  
[2022/03/23 15:20:52 173] isr        1636 ASR_MSG_GRSLT,   local  
[2022/03/23 15:20:52 173] isr        1307 0  nil  2  
[2022/03/23 15:20:52 274] isr        1636 ASR_MSG_GRSLT,   local  
[2022/03/23 15:20:52 274] isr        1307 0  nil  2  
[2022/03/23 15:20:52 374] isr        1636 ASR_MSG_GRSLT,   local  
[2022/03/23 15:20:52 375] isr        1307 0  nil  2  
[2022/03/23 15:20:52 475] isr        1636 ASR_MSG_GRSLT,   local  
[2022/03/23 15:20:52 475] isr        1307 0  nil  2  
[2022/03/23 15:20:52 576] isr        1636 ASR_MSG_GRSLT,   local  
[2022/03/23 15:20:52 576] isr        1307 0  nil  2  
[2022/03/23 15:20:52 677] isr        1636 ASR_MSG_GRSLT,   local  
[2022/03/23 15:20:52 677] isr        1307 0  nil  2  
[2022/03/23 15:20:52 778] isr        1636 ASR_MSG_GRSLT,   local  
[2022/03/23 15:20:52 778] isr        1307 0  nil  2  
[2022/03/23 15:20:52 787] isr        723  local_cbmsg_handler  ,msg=  407  param1=  nil  
[2022/03/23 15:20:52 787] isr        641  process_result call:  local  nil  0  2  
[2022/03/23 15:20:52 787] isr        798  3  msc  
[2022/03/23 15:20:52 787] isr        800  already speech end  
[2022/03/23 15:20:52 787] isr        723  local_cbmsg_handler  ,msg=  408  param1=  nil  
[2022/03/23 15:20:52 787] isr        734  local session recognized end!  
[2022/03/23 15:20:52 878] isr        1636 ASR_MSG_GRSLT,   local  
[2022/03/23 15:20:52 879] isr        1307 0  nil  5  
[2022/03/23 15:20:52 979] isr        1639 ASR_MSG_SSE,   local  
[2022/03/23 15:20:52 979] isr        1356 session_end() [in]  
[2022/03/23 15:20:52 979] isr        1377 local_session_end() [in]  
[2022/03/23 15:20:52 981] isr        1416 ASR_LOCAL_MSG_SSE net_type  nil  
[2022/03/23 15:20:52 982] isr        1667 isr unload!  
============================================================
Time  2022/03/23 15:20:56 807 
============================================================
[2022/03/23 15:20:56 807] isr        1659 isr loaded!  
[2022/03/23 15:20:56 807] isr        1642 SYS_MSG_REGCB param0 =   msp_status_cb  param1 =   func(60031bd0) 
[2022/03/23 15:20:56 808] isr        1537 ASR_MSG_SSB  
[2022/03/23 15:20:56 808] isr        1066 session_begin() [in], params:   engine_type = local, 		asr_res_path = fo|/home/wheeltec/SR2.2-HR1.1.3/SR2.2-HR1.1.3/offline_mic/bin/config/msc/res/asr/common.jet, sample_rate = 16000, 		grm_build_path = /home/wheeltec/SR2.2-HR1.1.3/SR2.2-HR1.1.3/offline_mic/bin/config/msc/res/asr/GrmBuilld, local_grammar = call, 		result_type = xml, result_encoding = UTF-8,   nil  
[2022/03/23 15:20:56 808] isr        927  vad_set [in]  
[2022/03/23 15:20:56 808] isr        962  vad_enable :  true  
[2022/03/23 15:20:56 808] isr        980  vad_bos :  10000  
[2022/03/23 15:20:56 808] isr        981  vad_eos :  2000  
[2022/03/23 15:20:56 808] isr        886  enable_vad [in]  
[2022/03/23 15:20:56 809] isr        918  vad enabled!  2000  10000  
[2022/03/23 15:20:56 809] isr        921  enable_vad [out]  
[2022/03/23 15:20:56 809] isr        987  vad_set [out] | ret =  0  
[2022/03/23 15:20:56 809] isr        1182 cur_engine_type =   local  
[2022/03/23 15:20:56 809] isr        992  local_session_begin  
[2022/03/23 15:20:56 812] isr        1547 ASR_MSG_AUW,   local  
[2022/03/23 15:20:56 812] isr        1559 6400  1  
[2022/03/23 15:20:56 812] isr        1569 once_bytes:   6400  
[2022/03/23 15:20:56 813] isr        1547 ASR_MSG_AUW,   local  
[2022/03/23 15:20:56 814] isr        1559 6400  2  
[2022/03/23 15:20:56 815] isr        1547 ASR_MSG_AUW,   local  
[2022/03/23 15:20:56 815] isr        1559 6400  2  
[2022/03/23 15:20:56 816] isr        1547 ASR_MSG_AUW,   local  
[2022/03/23 15:20:56 816] isr        1559 6400  2  
[2022/03/23 15:20:56 817] isr        1547 ASR_MSG_AUW,   local  
[2022/03/23 15:20:56 818] isr        1559 6400  2  
[2022/03/23 15:20:56 819] isr        1547 ASR_MSG_AUW,   local  
[2022/03/23 15:20:56 819] isr        1559 6400  2  
[2022/03/23 15:20:56 822] isr        1547 ASR_MSG_AUW,   local  
[2022/03/23 15:20:56 822] isr        1559 6400  2  
[2022/03/23 15:20:56 823] isr        851  [aud] speech start  
[2022/03/23 15:20:56 823] isr        798  1  msc  
[2022/03/23 15:20:56 824] isr        1547 ASR_MSG_AUW,   local  
[2022/03/23 15:20:56 824] isr        1559 6400  2  
[2022/03/23 15:20:56 825] isr        1547 ASR_MSG_AUW,   local  
[2022/03/23 15:20:56 825] isr        1559 6400  2  
[2022/03/23 15:20:56 826] isr        1547 ASR_MSG_AUW,   local  
[2022/03/23 15:20:56 826] isr        1559 6400  2  
[2022/03/23 15:20:56 827] isr        1547 ASR_MSG_AUW,   local  
[2022/03/23 15:20:56 827] isr        1559 6400  2  
[2022/03/23 15:20:56 828] isr        1547 ASR_MSG_AUW,   local  
[2022/03/23 15:20:56 828] isr        1559 6400  2  
[2022/03/23 15:20:56 831] isr        1547 ASR_MSG_AUW,   local  
[2022/03/23 15:20:56 831] isr        1559 6400  2  
[2022/03/23 15:20:56 832] isr        1547 ASR_MSG_AUW,   local  
[2022/03/23 15:20:56 832] isr        1559 6400  2  
[2022/03/23 15:20:56 833] isr        1547 ASR_MSG_AUW,   local  
[2022/03/23 15:20:56 833] isr        1559 6400  2  
[2022/03/23 15:20:56 834] isr        1547 ASR_MSG_AUW,   local  
[2022/03/23 15:20:56 834] isr        1559 12000  2  
[2022/03/23 15:20:56 834] isr        1547 ASR_MSG_AUW,   local  
[2022/03/23 15:20:56 834] isr        1559 0  4  
[2022/03/23 15:20:56 834] isr        1592 aud end, USER  
[2022/03/23 15:20:56 839] isr        1636 ASR_MSG_GRSLT,   local  
[2022/03/23 15:20:56 839] isr        1307 0  nil  2  
[2022/03/23 15:20:56 859] isr        854  [aud] speech end  
[2022/03/23 15:20:56 859] isr        798  3  msc  
[2022/03/23 15:20:56 940] isr        1636 ASR_MSG_GRSLT,   local  
[2022/03/23 15:20:56 940] isr        1307 0  nil  2  
[2022/03/23 15:20:56 959] isr        723  local_cbmsg_handler  ,msg=  406  param1=  nil  
[2022/03/23 15:20:57 041] isr        1636 ASR_MSG_GRSLT,   local  
[2022/03/23 15:20:57 041] isr        1307 0  nil  2  
[2022/03/23 15:20:57 142] isr        1636 ASR_MSG_GRSLT,   local  
[2022/03/23 15:20:57 142] isr        1307 0  nil  2  
[2022/03/23 15:20:57 243] isr        1636 ASR_MSG_GRSLT,   local  
[2022/03/23 15:20:57 243] isr        1307 0  nil  2  
[2022/03/23 15:20:57 344] isr        1636 ASR_MSG_GRSLT,   local  
[2022/03/23 15:20:57 344] isr        1307 0  nil  2  
[2022/03/23 15:20:57 445] isr        1636 ASR_MSG_GRSLT,   local  
[2022/03/23 15:20:57 445] isr        1307 0  nil  2  
[2022/03/23 15:20:57 545] isr        1636 ASR_MSG_GRSLT,   local  
[2022/03/23 15:20:57 546] isr        1307 0  nil  2  
[2022/03/23 15:20:57 646] isr        1636 ASR_MSG_GRSLT,   local  
[2022/03/23 15:20:57 646] isr        1307 0  nil  2  
[2022/03/23 15:20:57 747] isr        1636 ASR_MSG_GRSLT,   local  
[2022/03/23 15:20:57 747] isr        1307 0  nil  2  
[2022/03/23 15:20:57 848] isr        1636 ASR_MSG_GRSLT,   local  
[2022/03/23 15:20:57 848] isr        1307 0  nil  2  
[2022/03/23 15:20:57 881] isr        723  local_cbmsg_handler  ,msg=  407  param1=  nil  
[2022/03/23 15:20:57 882] isr        641  process_result call:  local  nil  0  2  
[2022/03/23 15:20:57 882] isr        798  3  msc  
[2022/03/23 15:20:57 882] isr        800  already speech end  
[2022/03/23 15:20:57 882] isr        723  local_cbmsg_handler  ,msg=  408  param1=  nil  
[2022/03/23 15:20:57 882] isr        734  local session recognized end!  
[2022/03/23 15:20:57 949] isr        1636 ASR_MSG_GRSLT,   local  
[2022/03/23 15:20:57 949] isr        1307 0  nil  5  
[2022/03/23 15:20:58 050] isr        1639 ASR_MSG_SSE,   local  
[2022/03/23 15:20:58 050] isr        1356 session_end() [in]  
[2022/03/23 15:20:58 050] isr        1377 local_session_end() [in]  
[2022/03/23 15:20:58 051] isr        1416 ASR_LOCAL_MSG_SSE net_type  nil  
[2022/03/23 15:20:58 052] isr        1667 isr unload!  
============================================================
Time  2022/03/23 15:21:01 751 
============================================================
[2022/03/23 15:21:01 751] isr        1659 isr loaded!  
[2022/03/23 15:21:01 751] isr        1642 SYS_MSG_REGCB param0 =   msp_status_cb  param1 =   func(5003e930) 
[2022/03/23 15:21:01 752] isr        1537 ASR_MSG_SSB  
[2022/03/23 15:21:01 752] isr        1066 session_begin() [in], params:   engine_type = local, 		asr_res_path = fo|/home/wheeltec/SR2.2-HR1.1.3/SR2.2-HR1.1.3/offline_mic/bin/config/msc/res/asr/common.jet, sample_rate = 16000, 		grm_build_path = /home/wheeltec/SR2.2-HR1.1.3/SR2.2-HR1.1.3/offline_mic/bin/config/msc/res/asr/GrmBuilld, local_grammar = call, 		result_type = xml, result_encoding = UTF-8,   nil  
[2022/03/23 15:21:01 752] isr        927  vad_set [in]  
[2022/03/23 15:21:01 752] isr        962  vad_enable :  true  
[2022/03/23 15:21:01 752] isr        980  vad_bos :  10000  
[2022/03/23 15:21:01 752] isr        981  vad_eos :  2000  
[2022/03/23 15:21:01 752] isr        886  enable_vad [in]  
[2022/03/23 15:21:01 753] isr        918  vad enabled!  2000  10000  
[2022/03/23 15:21:01 753] isr        921  enable_vad [out]  
[2022/03/23 15:21:01 753] isr        987  vad_set [out] | ret =  0  
[2022/03/23 15:21:01 753] isr        1182 cur_engine_type =   local  
[2022/03/23 15:21:01 753] isr        992  local_session_begin  
[2022/03/23 15:21:01 756] isr        1547 ASR_MSG_AUW,   local  
[2022/03/23 15:21:01 756] isr        1559 6400  1  
[2022/03/23 15:21:01 756] isr        1569 once_bytes:   6400  
[2022/03/23 15:21:01 758] isr        1547 ASR_MSG_AUW,   local  
[2022/03/23 15:21:01 758] isr        1559 6400  2  
[2022/03/23 15:21:01 759] isr        1547 ASR_MSG_AUW,   local  
[2022/03/23 15:21:01 759] isr        1559 6400  2  
[2022/03/23 15:21:01 760] isr        1547 ASR_MSG_AUW,   local  
[2022/03/23 15:21:01 761] isr        1559 6400  2  
[2022/03/23 15:21:01 762] isr        1547 ASR_MSG_AUW,   local  
[2022/03/23 15:21:01 762] isr        1559 6400  2  
[2022/03/23 15:21:01 763] isr        1547 ASR_MSG_AUW,   local  
[2022/03/23 15:21:01 763] isr        1559 6400  2  
[2022/03/23 15:21:01 766] isr        1547 ASR_MSG_AUW,   local  
[2022/03/23 15:21:01 766] isr        1559 6400  2  
[2022/03/23 15:21:01 767] isr        851  [aud] speech start  
[2022/03/23 15:21:01 767] isr        798  1  msc  
[2022/03/23 15:21:01 768] isr        1547 ASR_MSG_AUW,   local  
[2022/03/23 15:21:01 768] isr        1559 6400  2  
[2022/03/23 15:21:01 769] isr        1547 ASR_MSG_AUW,   local  
[2022/03/23 15:21:01 769] isr        1559 6400  2  
[2022/03/23 15:21:01 770] isr        1547 ASR_MSG_AUW,   local  
[2022/03/23 15:21:01 770] isr        1559 6400  2  
[2022/03/23 15:21:01 771] isr        1547 ASR_MSG_AUW,   local  
[2022/03/23 15:21:01 771] isr        1559 6400  2  
[2022/03/23 15:21:01 772] isr        1547 ASR_MSG_AUW,   local  
[2022/03/23 15:21:01 772] isr        1559 6400  2  
[2022/03/23 15:21:01 774] isr        1547 ASR_MSG_AUW,   local  
[2022/03/23 15:21:01 774] isr        1559 6400  2  
[2022/03/23 15:21:01 775] isr        1547 ASR_MSG_AUW,   local  
[2022/03/23 15:21:01 775] isr        1559 6400  2  
[2022/03/23 15:21:01 776] isr        1547 ASR_MSG_AUW,   local  
[2022/03/23 15:21:01 776] isr        1559 6400  2  
[2022/03/23 15:21:01 777] isr        1547 ASR_MSG_AUW,   local  
[2022/03/23 15:21:01 777] isr        1559 8000  2  
[2022/03/23 15:21:01 778] isr        1547 ASR_MSG_AUW,   local  
[2022/03/23 15:21:01 778] isr        1559 0  4  
[2022/03/23 15:21:01 778] isr        1592 aud end, USER  
[2022/03/23 15:21:01 782] isr        1636 ASR_MSG_GRSLT,   local  
[2022/03/23 15:21:01 782] isr        1307 0  nil  2  
[2022/03/23 15:21:01 804] isr        854  [aud] speech end  
[2022/03/23 15:21:01 804] isr        798  3  msc  
[2022/03/23 15:21:01 883] isr        1636 ASR_MSG_GRSLT,   local  
[2022/03/23 15:21:01 893] isr        1307 0  nil  2  
[2022/03/23 15:21:01 903] isr        723  local_cbmsg_handler  ,msg=  406  param1=  nil  
[2022/03/23 15:21:01 993] isr        1636 ASR_MSG_GRSLT,   local  
[2022/03/23 15:21:01 993] isr        1307 0  nil  2  
[2022/03/23 15:21:02 094] isr        1636 ASR_MSG_GRSLT,   local  
[2022/03/23 15:21:02 094] isr        1307 0  nil  2  
[2022/03/23 15:21:02 195] isr        1636 ASR_MSG_GRSLT,   local  
[2022/03/23 15:21:02 195] isr        1307 0  nil  2  
[2022/03/23 15:21:02 296] isr        1636 ASR_MSG_GRSLT,   local  
[2022/03/23 15:21:02 296] isr        1307 0  nil  2  
[2022/03/23 15:21:02 397] isr        1636 ASR_MSG_GRSLT,   local  
[2022/03/23 15:21:02 397] isr        1307 0  nil  2  
[2022/03/23 15:21:02 498] isr        1636 ASR_MSG_GRSLT,   local  
[2022/03/23 15:21:02 498] isr        1307 0  nil  2  
[2022/03/23 15:21:02 598] isr        1636 ASR_MSG_GRSLT,   local  
[2022/03/23 15:21:02 598] isr        1307 0  nil  2  
[2022/03/23 15:21:02 699] isr        1636 ASR_MSG_GRSLT,   local  
[2022/03/23 15:21:02 699] isr        1307 0  nil  2  
[2022/03/23 15:21:02 800] isr        1636 ASR_MSG_GRSLT,   local  
[2022/03/23 15:21:02 800] isr        1307 0  nil  2  
[2022/03/23 15:21:02 831] isr        723  local_cbmsg_handler  ,msg=  407  param1=  nil  
[2022/03/23 15:21:02 831] isr        641  process_result call:  local  nil  0  2  
[2022/03/23 15:21:02 831] isr        798  3  msc  
[2022/03/23 15:21:02 831] isr        800  already speech end  
[2022/03/23 15:21:02 831] isr        723  local_cbmsg_handler  ,msg=  408  param1=  nil  
[2022/03/23 15:21:02 831] isr        734  local session recognized end!  
[2022/03/23 15:21:02 901] isr        1636 ASR_MSG_GRSLT,   local  
[2022/03/23 15:21:02 901] isr        1307 0  nil  5  
[2022/03/23 15:21:03 002] isr        1639 ASR_MSG_SSE,   local  
[2022/03/23 15:21:03 002] isr        1356 session_end() [in]  
[2022/03/23 15:21:03 002] isr        1377 local_session_end() [in]  
[2022/03/23 15:21:03 003] isr        1416 ASR_LOCAL_MSG_SSE net_type  nil  
[2022/03/23 15:21:03 004] isr        1667 isr unload!  
============================================================
Time  2022/03/23 15:21:06 703 
============================================================
[2022/03/23 15:21:06 703] isr        1659 isr loaded!  
[2022/03/23 15:21:06 704] isr        1642 SYS_MSG_REGCB param0 =   msp_status_cb  param1 =   func(640233c0) 
[2022/03/23 15:21:06 704] isr        1537 ASR_MSG_SSB  
[2022/03/23 15:21:06 704] isr        1066 session_begin() [in], params:   engine_type = local, 		asr_res_path = fo|/home/wheeltec/SR2.2-HR1.1.3/SR2.2-HR1.1.3/offline_mic/bin/config/msc/res/asr/common.jet, sample_rate = 16000, 		grm_build_path = /home/wheeltec/SR2.2-HR1.1.3/SR2.2-HR1.1.3/offline_mic/bin/config/msc/res/asr/GrmBuilld, local_grammar = call, 		result_type = xml, result_encoding = UTF-8,   nil  
[2022/03/23 15:21:06 704] isr        927  vad_set [in]  
[2022/03/23 15:21:06 704] isr        962  vad_enable :  true  
[2022/03/23 15:21:06 704] isr        980  vad_bos :  10000  
[2022/03/23 15:21:06 705] isr        981  vad_eos :  2000  
[2022/03/23 15:21:06 705] isr        886  enable_vad [in]  
[2022/03/23 15:21:06 705] isr        918  vad enabled!  2000  10000  
[2022/03/23 15:21:06 705] isr        921  enable_vad [out]  
[2022/03/23 15:21:06 705] isr        987  vad_set [out] | ret =  0  
[2022/03/23 15:21:06 705] isr        1182 cur_engine_type =   local  
[2022/03/23 15:21:06 706] isr        992  local_session_begin  
[2022/03/23 15:21:06 708] isr        1547 ASR_MSG_AUW,   local  
[2022/03/23 15:21:06 708] isr        1559 6400  1  
[2022/03/23 15:21:06 708] isr        1569 once_bytes:   6400  
[2022/03/23 15:21:06 710] isr        1547 ASR_MSG_AUW,   local  
[2022/03/23 15:21:06 710] isr        1559 6400  2  
[2022/03/23 15:21:06 711] isr        1547 ASR_MSG_AUW,   local  
[2022/03/23 15:21:06 711] isr        1559 6400  2  
[2022/03/23 15:21:06 712] isr        1547 ASR_MSG_AUW,   local  
[2022/03/23 15:21:06 712] isr        1559 6400  2  
[2022/03/23 15:21:06 713] isr        1547 ASR_MSG_AUW,   local  
[2022/03/23 15:21:06 714] isr        1559 6400  2  
[2022/03/23 15:21:06 715] isr        1547 ASR_MSG_AUW,   local  
[2022/03/23 15:21:06 715] isr        1559 6400  2  
[2022/03/23 15:21:06 717] isr        1547 ASR_MSG_AUW,   local  
[2022/03/23 15:21:06 718] isr        1559 6400  2  
[2022/03/23 15:21:06 719] isr        851  [aud] speech start  
[2022/03/23 15:21:06 719] isr        798  1  msc  
[2022/03/23 15:21:06 721] isr        1547 ASR_MSG_AUW,   local  
[2022/03/23 15:21:06 721] isr        1559 6400  2  
[2022/03/23 15:21:06 721] isr        1547 ASR_MSG_AUW,   local  
[2022/03/23 15:21:06 721] isr        1559 6400  2  
[2022/03/23 15:21:06 722] isr        1547 ASR_MSG_AUW,   local  
[2022/03/23 15:21:06 722] isr        1559 6400  2  
[2022/03/23 15:21:06 722] isr        1547 ASR_MSG_AUW,   local  
[2022/03/23 15:21:06 723] isr        1559 6400  2  
[2022/03/23 15:21:06 725] isr        1547 ASR_MSG_AUW,   local  
[2022/03/23 15:21:06 725] isr        1559 6400  2  
[2022/03/23 15:21:06 726] isr        1547 ASR_MSG_AUW,   local  
[2022/03/23 15:21:06 726] isr        1559 6400  2  
[2022/03/23 15:21:06 727] isr        1547 ASR_MSG_AUW,   local  
[2022/03/23 15:21:06 727] isr        1559 6400  2  
[2022/03/23 15:21:06 729] isr        1547 ASR_MSG_AUW,   local  
[2022/03/23 15:21:06 729] isr        1559 6400  2  
[2022/03/23 15:21:06 730] isr        1547 ASR_MSG_AUW,   local  
[2022/03/23 15:21:06 730] isr        1559 8000  2  
[2022/03/23 15:21:06 731] isr        1547 ASR_MSG_AUW,   local  
[2022/03/23 15:21:06 731] isr        1559 0  4  
[2022/03/23 15:21:06 731] isr        1592 aud end, USER  
[2022/03/23 15:21:06 734] isr        1636 ASR_MSG_GRSLT,   local  
[2022/03/23 15:21:06 734] isr        1307 0  nil  2  
[2022/03/23 15:21:06 753] isr        854  [aud] speech end  
[2022/03/23 15:21:06 754] isr        798  3  msc  
[2022/03/23 15:21:06 836] isr        1636 ASR_MSG_GRSLT,   local  
[2022/03/23 15:21:06 836] isr        1307 0  nil  2  
[2022/03/23 15:21:06 857] isr        723  local_cbmsg_handler  ,msg=  406  param1=  nil  
[2022/03/23 15:21:06 937] isr        1636 ASR_MSG_GRSLT,   local  
[2022/03/23 15:21:06 947] isr        1307 0  nil  2  
[2022/03/23 15:21:07 048] isr        1636 ASR_MSG_GRSLT,   local  
[2022/03/23 15:21:07 048] isr        1307 0  nil  2  
[2022/03/23 15:21:07 148] isr        1636 ASR_MSG_GRSLT,   local  
[2022/03/23 15:21:07 148] isr        1307 0  nil  2  
[2022/03/23 15:21:07 249] isr        1636 ASR_MSG_GRSLT,   local  
[2022/03/23 15:21:07 249] isr        1307 0  nil  2  
[2022/03/23 15:21:07 350] isr        1636 ASR_MSG_GRSLT,   local  
[2022/03/23 15:21:07 350] isr        1307 0  nil  2  
[2022/03/23 15:21:07 451] isr        1636 ASR_MSG_GRSLT,   local  
[2022/03/23 15:21:07 451] isr        1307 0  nil  2  
[2022/03/23 15:21:07 552] isr        1636 ASR_MSG_GRSLT,   local  
[2022/03/23 15:21:07 552] isr        1307 0  nil  2  
[2022/03/23 15:21:07 653] isr        1636 ASR_MSG_GRSLT,   local  
[2022/03/23 15:21:07 653] isr        1307 0  nil  2  
[2022/03/23 15:21:07 753] isr        1636 ASR_MSG_GRSLT,   local  
[2022/03/23 15:21:07 754] isr        1307 0  nil  2  
[2022/03/23 15:21:07 758] isr        723  local_cbmsg_handler  ,msg=  407  param1=  nil  
[2022/03/23 15:21:07 758] isr        641  process_result call:  local  nil  0  2  
[2022/03/23 15:21:07 758] isr        798  3  msc  
[2022/03/23 15:21:07 758] isr        800  already speech end  
[2022/03/23 15:21:07 758] isr        723  local_cbmsg_handler  ,msg=  408  param1=  nil  
[2022/03/23 15:21:07 758] isr        734  local session recognized end!  
[2022/03/23 15:21:07 854] isr        1636 ASR_MSG_GRSLT,   local  
[2022/03/23 15:21:07 854] isr        1307 0  nil  5  
[2022/03/23 15:21:07 955] isr        1639 ASR_MSG_SSE,   local  
[2022/03/23 15:21:07 955] isr        1356 session_end() [in]  
[2022/03/23 15:21:07 955] isr        1377 local_session_end() [in]  
[2022/03/23 15:21:07 957] isr        1416 ASR_LOCAL_MSG_SSE net_type  nil  
[2022/03/23 15:21:07 957] isr        1667 isr unload!  
============================================================
Time  2022/03/23 15:21:17 595 
============================================================
[2022/03/23 15:21:17 595] isr        1659 isr loaded!  
[2022/03/23 15:21:17 596] isr        1642 SYS_MSG_REGCB param0 =   msp_status_cb  param1 =   func(6c026300) 
[2022/03/23 15:21:17 596] isr        1537 ASR_MSG_SSB  
[2022/03/23 15:21:17 596] isr        1066 session_begin() [in], params:   engine_type = local, 		asr_res_path = fo|/home/wheeltec/SR2.2-HR1.1.3/SR2.2-HR1.1.3/offline_mic/bin/config/msc/res/asr/common.jet, sample_rate = 16000, 		grm_build_path = /home/wheeltec/SR2.2-HR1.1.3/SR2.2-HR1.1.3/offline_mic/bin/config/msc/res/asr/GrmBuilld, local_grammar = call, 		result_type = xml, result_encoding = UTF-8,   nil  
[2022/03/23 15:21:17 596] isr        927  vad_set [in]  
[2022/03/23 15:21:17 596] isr        962  vad_enable :  true  
[2022/03/23 15:21:17 596] isr        980  vad_bos :  10000  
[2022/03/23 15:21:17 597] isr        981  vad_eos :  2000  
[2022/03/23 15:21:17 597] isr        886  enable_vad [in]  
[2022/03/23 15:21:17 597] isr        918  vad enabled!  2000  10000  
[2022/03/23 15:21:17 597] isr        921  enable_vad [out]  
[2022/03/23 15:21:17 597] isr        987  vad_set [out] | ret =  0  
[2022/03/23 15:21:17 597] isr        1182 cur_engine_type =   local  
[2022/03/23 15:21:17 598] isr        992  local_session_begin  
[2022/03/23 15:21:17 600] isr        1547 ASR_MSG_AUW,   local  
[2022/03/23 15:21:17 600] isr        1559 6400  1  
[2022/03/23 15:21:17 600] isr        1569 once_bytes:   6400  
[2022/03/23 15:21:17 602] isr        1547 ASR_MSG_AUW,   local  
[2022/03/23 15:21:17 602] isr        1559 6400  2  
[2022/03/23 15:21:17 603] isr        1547 ASR_MSG_AUW,   local  
[2022/03/23 15:21:17 603] isr        1559 6400  2  
[2022/03/23 15:21:17 605] isr        1547 ASR_MSG_AUW,   local  
[2022/03/23 15:21:17 605] isr        1559 6400  2  
[2022/03/23 15:21:17 606] isr        1547 ASR_MSG_AUW,   local  
[2022/03/23 15:21:17 606] isr        1559 6400  2  
[2022/03/23 15:21:17 609] isr        1547 ASR_MSG_AUW,   local  
[2022/03/23 15:21:17 609] isr        1559 6400  2  
[2022/03/23 15:21:17 610] isr        851  [aud] speech start  
[2022/03/23 15:21:17 611] isr        798  1  msc  
[2022/03/23 15:21:17 612] isr        1547 ASR_MSG_AUW,   local  
[2022/03/23 15:21:17 612] isr        1559 6400  2  
[2022/03/23 15:21:17 615] isr        1547 ASR_MSG_AUW,   local  
[2022/03/23 15:21:17 615] isr        1559 6400  2  
[2022/03/23 15:21:17 617] isr        1547 ASR_MSG_AUW,   local  
[2022/03/23 15:21:17 617] isr        1559 6400  2  
[2022/03/23 15:21:17 618] isr        1547 ASR_MSG_AUW,   local  
[2022/03/23 15:21:17 618] isr        1559 6400  2  
[2022/03/23 15:21:17 619] isr        1547 ASR_MSG_AUW,   local  
[2022/03/23 15:21:17 619] isr        1559 6400  2  
[2022/03/23 15:21:17 622] isr        1547 ASR_MSG_AUW,   local  
[2022/03/23 15:21:17 622] isr        1559 6400  2  
[2022/03/23 15:21:17 622] isr        1547 ASR_MSG_AUW,   local  
[2022/03/23 15:21:17 623] isr        1559 6400  2  
[2022/03/23 15:21:17 624] isr        1547 ASR_MSG_AUW,   local  
[2022/03/23 15:21:17 624] isr        1559 6400  2  
[2022/03/23 15:21:17 624] isr        1547 ASR_MSG_AUW,   local  
[2022/03/23 15:21:17 625] isr        1559 6400  2  
[2022/03/23 15:21:17 625] isr        1547 ASR_MSG_AUW,   local  
[2022/03/23 15:21:17 625] isr        1559 6400  2  
[2022/03/23 15:21:17 627] isr        1547 ASR_MSG_AUW,   local  
[2022/03/23 15:21:17 627] isr        1559 6400  2  
[2022/03/23 15:21:17 627] isr        1547 ASR_MSG_AUW,   local  
[2022/03/23 15:21:17 627] isr        1559 6400  2  
[2022/03/23 15:21:17 628] isr        1547 ASR_MSG_AUW,   local  
[2022/03/23 15:21:17 628] isr        1559 6400  2  
[2022/03/23 15:21:17 629] isr        1547 ASR_MSG_AUW,   local  
[2022/03/23 15:21:17 629] isr        1559 6400  2  
[2022/03/23 15:21:17 632] isr        1547 ASR_MSG_AUW,   local  
[2022/03/23 15:21:17 634] isr        1559 6400  2  
[2022/03/23 15:21:17 635] isr        1547 ASR_MSG_AUW,   local  
[2022/03/23 15:21:17 635] isr        1559 6400  2  
[2022/03/23 15:21:17 636] isr        1547 ASR_MSG_AUW,   local  
[2022/03/23 15:21:17 636] isr        1559 6400  2  
[2022/03/23 15:21:17 636] isr        1547 ASR_MSG_AUW,   local  
[2022/03/23 15:21:17 636] isr        1559 6400  2  
[2022/03/23 15:21:17 639] isr        1547 ASR_MSG_AUW,   local  
[2022/03/23 15:21:17 639] isr        1559 10400  2  
[2022/03/23 15:21:17 640] isr        1547 ASR_MSG_AUW,   local  
[2022/03/23 15:21:17 640] isr        1559 0  4  
[2022/03/23 15:21:17 640] isr        1592 aud end, USER  
[2022/03/23 15:21:17 649] isr        1636 ASR_MSG_GRSLT,   local  
[2022/03/23 15:21:17 649] isr        1307 0  nil  2  
[2022/03/23 15:21:17 671] isr        854  [aud] speech end  
[2022/03/23 15:21:17 671] isr        798  3  msc  
[2022/03/23 15:21:17 750] isr        1636 ASR_MSG_GRSLT,   local  
[2022/03/23 15:21:17 750] isr        1307 0  nil  2  
[2022/03/23 15:21:17 757] isr        723  local_cbmsg_handler  ,msg=  406  param1=  nil  
[2022/03/23 15:21:17 851] isr        1636 ASR_MSG_GRSLT,   local  
[2022/03/23 15:21:17 851] isr        1307 0  nil  2  
[2022/03/23 15:21:17 952] isr        1636 ASR_MSG_GRSLT,   local  
[2022/03/23 15:21:17 952] isr        1307 0  nil  2  
[2022/03/23 15:21:18 053] isr        1636 ASR_MSG_GRSLT,   local  
[2022/03/23 15:21:18 053] isr        1307 0  nil  2  
[2022/03/23 15:21:18 154] isr        1636 ASR_MSG_GRSLT,   local  
[2022/03/23 15:21:18 154] isr        1307 0  nil  2  
[2022/03/23 15:21:18 254] isr        1636 ASR_MSG_GRSLT,   local  
[2022/03/23 15:21:18 255] isr        1307 0  nil  2  
[2022/03/23 15:21:18 355] isr        1636 ASR_MSG_GRSLT,   local  
[2022/03/23 15:21:18 356] isr        1307 0  nil  2  
[2022/03/23 15:21:18 456] isr        1636 ASR_MSG_GRSLT,   local  
[2022/03/23 15:21:18 456] isr        1307 0  nil  2  
[2022/03/23 15:21:18 557] isr        1636 ASR_MSG_GRSLT,   local  
[2022/03/23 15:21:18 557] isr        1307 0  nil  2  
[2022/03/23 15:21:18 658] isr        1636 ASR_MSG_GRSLT,   local  
[2022/03/23 15:21:18 658] isr        1307 0  nil  2  
[2022/03/23 15:21:18 692] isr        723  local_cbmsg_handler  ,msg=  407  param1=  nil  
[2022/03/23 15:21:18 692] isr        641  process_result call:  local  nil  0  2  
[2022/03/23 15:21:18 692] isr        798  3  msc  
[2022/03/23 15:21:18 692] isr        800  already speech end  
[2022/03/23 15:21:18 693] isr        723  local_cbmsg_handler  ,msg=  408  param1=  nil  
[2022/03/23 15:21:18 693] isr        734  local session recognized end!  
[2022/03/23 15:21:18 759] isr        1636 ASR_MSG_GRSLT,   local  
[2022/03/23 15:21:18 759] isr        1307 0  nil  5  
[2022/03/23 15:21:18 860] isr        1639 ASR_MSG_SSE,   local  
[2022/03/23 15:21:18 860] isr        1356 session_end() [in]  
[2022/03/23 15:21:18 860] isr        1377 local_session_end() [in]  
[2022/03/23 15:21:18 861] isr        1416 ASR_LOCAL_MSG_SSE net_type  nil  
[2022/03/23 15:21:18 862] isr        1667 isr unload!  
============================================================
Time  2022/03/23 15:21:22 567 
============================================================
[2022/03/23 15:21:22 567] isr        1659 isr loaded!  
[2022/03/23 15:21:22 567] isr        1642 SYS_MSG_REGCB param0 =   msp_status_cb  param1 =   func(5c027490) 
[2022/03/23 15:21:22 567] isr        1537 ASR_MSG_SSB  
[2022/03/23 15:21:22 568] isr        1066 session_begin() [in], params:   engine_type = local, 		asr_res_path = fo|/home/wheeltec/SR2.2-HR1.1.3/SR2.2-HR1.1.3/offline_mic/bin/config/msc/res/asr/common.jet, sample_rate = 16000, 		grm_build_path = /home/wheeltec/SR2.2-HR1.1.3/SR2.2-HR1.1.3/offline_mic/bin/config/msc/res/asr/GrmBuilld, local_grammar = call, 		result_type = xml, result_encoding = UTF-8,   nil  
[2022/03/23 15:21:22 568] isr        927  vad_set [in]  
[2022/03/23 15:21:22 568] isr        962  vad_enable :  true  
[2022/03/23 15:21:22 568] isr        980  vad_bos :  10000  
[2022/03/23 15:21:22 568] isr        981  vad_eos :  2000  
[2022/03/23 15:21:22 568] isr        886  enable_vad [in]  
[2022/03/23 15:21:22 569] isr        918  vad enabled!  2000  10000  
[2022/03/23 15:21:22 569] isr        921  enable_vad [out]  
[2022/03/23 15:21:22 569] isr        987  vad_set [out] | ret =  0  
[2022/03/23 15:21:22 569] isr        1182 cur_engine_type =   local  
[2022/03/23 15:21:22 569] isr        992  local_session_begin  
[2022/03/23 15:21:22 572] isr        1547 ASR_MSG_AUW,   local  
[2022/03/23 15:21:22 572] isr        1559 6400  1  
[2022/03/23 15:21:22 572] isr        1569 once_bytes:   6400  
[2022/03/23 15:21:22 573] isr        1547 ASR_MSG_AUW,   local  
[2022/03/23 15:21:22 573] isr        1559 6400  2  
[2022/03/23 15:21:22 574] isr        1547 ASR_MSG_AUW,   local  
[2022/03/23 15:21:22 575] isr        1559 6400  2  
[2022/03/23 15:21:22 576] isr        1547 ASR_MSG_AUW,   local  
[2022/03/23 15:21:22 576] isr        1559 6400  2  
[2022/03/23 15:21:22 578] isr        1547 ASR_MSG_AUW,   local  
[2022/03/23 15:21:22 578] isr        1559 6400  2  
[2022/03/23 15:21:22 579] isr        1547 ASR_MSG_AUW,   local  
[2022/03/23 15:21:22 579] isr        1559 6400  2  
[2022/03/23 15:21:22 581] isr        1547 ASR_MSG_AUW,   local  
[2022/03/23 15:21:22 582] isr        1559 6400  2  
[2022/03/23 15:21:22 583] isr        851  [aud] speech start  
[2022/03/23 15:21:22 583] isr        798  1  msc  
[2022/03/23 15:21:22 584] isr        1547 ASR_MSG_AUW,   local  
[2022/03/23 15:21:22 584] isr        1559 6400  2  
[2022/03/23 15:21:22 585] isr        1547 ASR_MSG_AUW,   local  
[2022/03/23 15:21:22 585] isr        1559 6400  2  
[2022/03/23 15:21:22 586] isr        1547 ASR_MSG_AUW,   local  
[2022/03/23 15:21:22 586] isr        1559 6400  2  
[2022/03/23 15:21:22 587] isr        1547 ASR_MSG_AUW,   local  
[2022/03/23 15:21:22 587] isr        1559 6400  2  
[2022/03/23 15:21:22 589] isr        1547 ASR_MSG_AUW,   local  
[2022/03/23 15:21:22 590] isr        1559 6400  2  
[2022/03/23 15:21:22 590] isr        1547 ASR_MSG_AUW,   local  
[2022/03/23 15:21:22 590] isr        1559 6400  2  
[2022/03/23 15:21:22 591] isr        1547 ASR_MSG_AUW,   local  
[2022/03/23 15:21:22 591] isr        1559 6400  2  
[2022/03/23 15:21:22 592] isr        1547 ASR_MSG_AUW,   local  
[2022/03/23 15:21:22 592] isr        1559 6400  2  
[2022/03/23 15:21:22 595] isr        1547 ASR_MSG_AUW,   local  
[2022/03/23 15:21:22 595] isr        1559 8000  2  
[2022/03/23 15:21:22 595] isr        1547 ASR_MSG_AUW,   local  
[2022/03/23 15:21:22 595] isr        1559 0  4  
[2022/03/23 15:21:22 596] isr        1592 aud end, USER  
[2022/03/23 15:21:22 599] isr        1636 ASR_MSG_GRSLT,   local  
[2022/03/23 15:21:22 599] isr        1307 0  nil  2  
[2022/03/23 15:21:22 618] isr        854  [aud] speech end  
[2022/03/23 15:21:22 619] isr        798  3  msc  
[2022/03/23 15:21:22 700] isr        1636 ASR_MSG_GRSLT,   local  
[2022/03/23 15:21:22 700] isr        1307 0  nil  2  
[2022/03/23 15:21:22 720] isr        723  local_cbmsg_handler  ,msg=  406  param1=  nil  
[2022/03/23 15:21:22 801] isr        1636 ASR_MSG_GRSLT,   local  
[2022/03/23 15:21:22 801] isr        1307 0  nil  2  
[2022/03/23 15:21:22 901] isr        1636 ASR_MSG_GRSLT,   local  
[2022/03/23 15:21:22 902] isr        1307 0  nil  2  
[2022/03/23 15:21:23 002] isr        1636 ASR_MSG_GRSLT,   local  
[2022/03/23 15:21:23 002] isr        1307 0  nil  2  
[2022/03/23 15:21:23 103] isr        1636 ASR_MSG_GRSLT,   local  
[2022/03/23 15:21:23 103] isr        1307 0  nil  2  
[2022/03/23 15:21:23 204] isr        1636 ASR_MSG_GRSLT,   local  
[2022/03/23 15:21:23 204] isr        1307 0  nil  2  
[2022/03/23 15:21:23 305] isr        1636 ASR_MSG_GRSLT,   local  
[2022/03/23 15:21:23 305] isr        1307 0  nil  2  
[2022/03/23 15:21:23 406] isr        1636 ASR_MSG_GRSLT,   local  
[2022/03/23 15:21:23 406] isr        1307 0  nil  2  
[2022/03/23 15:21:23 507] isr        1636 ASR_MSG_GRSLT,   local  
[2022/03/23 15:21:23 507] isr        1307 0  nil  2  
[2022/03/23 15:21:23 608] isr        1636 ASR_MSG_GRSLT,   local  
[2022/03/23 15:21:23 608] isr        1307 0  nil  2  
[2022/03/23 15:21:23 637] isr        723  local_cbmsg_handler  ,msg=  407  param1=  nil  
[2022/03/23 15:21:23 637] isr        641  process_result call:  local  nil  0  2  
[2022/03/23 15:21:23 637] isr        798  3  msc  
[2022/03/23 15:21:23 637] isr        800  already speech end  
[2022/03/23 15:21:23 638] isr        723  local_cbmsg_handler  ,msg=  408  param1=  nil  
[2022/03/23 15:21:23 638] isr        734  local session recognized end!  
[2022/03/23 15:21:23 708] isr        1636 ASR_MSG_GRSLT,   local  
[2022/03/23 15:21:23 709] isr        1307 0  nil  5  
[2022/03/23 15:21:23 809] isr        1639 ASR_MSG_SSE,   local  
[2022/03/23 15:21:23 809] isr        1356 session_end() [in]  
[2022/03/23 15:21:23 809] isr        1377 local_session_end() [in]  
[2022/03/23 15:21:23 811] isr        1416 ASR_LOCAL_MSG_SSE net_type  nil  
[2022/03/23 15:21:23 812] isr        1667 isr unload!  
============================================================
Time  2022/03/23 15:21:27 511 
============================================================
[2022/03/23 15:21:27 511] isr        1659 isr loaded!  
[2022/03/23 15:21:27 511] isr        1642 SYS_MSG_REGCB param0 =   msp_status_cb  param1 =   func(3c100860) 
[2022/03/23 15:21:27 512] isr        1537 ASR_MSG_SSB  
[2022/03/23 15:21:27 512] isr        1066 session_begin() [in], params:   engine_type = local, 		asr_res_path = fo|/home/wheeltec/SR2.2-HR1.1.3/SR2.2-HR1.1.3/offline_mic/bin/config/msc/res/asr/common.jet, sample_rate = 16000, 		grm_build_path = /home/wheeltec/SR2.2-HR1.1.3/SR2.2-HR1.1.3/offline_mic/bin/config/msc/res/asr/GrmBuilld, local_grammar = call, 		result_type = xml, result_encoding = UTF-8,   nil  
[2022/03/23 15:21:27 512] isr        927  vad_set [in]  
[2022/03/23 15:21:27 512] isr        962  vad_enable :  true  
[2022/03/23 15:21:27 512] isr        980  vad_bos :  10000  
[2022/03/23 15:21:27 512] isr        981  vad_eos :  2000  
[2022/03/23 15:21:27 512] isr        886  enable_vad [in]  
[2022/03/23 15:21:27 513] isr        918  vad enabled!  2000  10000  
[2022/03/23 15:21:27 513] isr        921  enable_vad [out]  
[2022/03/23 15:21:27 513] isr        987  vad_set [out] | ret =  0  
[2022/03/23 15:21:27 513] isr        1182 cur_engine_type =   local  
[2022/03/23 15:21:27 513] isr        992  local_session_begin  
[2022/03/23 15:21:27 516] isr        1547 ASR_MSG_AUW,   local  
[2022/03/23 15:21:27 516] isr        1559 6400  1  
[2022/03/23 15:21:27 516] isr        1569 once_bytes:   6400  
[2022/03/23 15:21:27 517] isr        1547 ASR_MSG_AUW,   local  
[2022/03/23 15:21:27 518] isr        1559 6400  2  
[2022/03/23 15:21:27 519] isr        1547 ASR_MSG_AUW,   local  
[2022/03/23 15:21:27 519] isr        1559 6400  2  
[2022/03/23 15:21:27 521] isr        1547 ASR_MSG_AUW,   local  
[2022/03/23 15:21:27 521] isr        1559 6400  2  
[2022/03/23 15:21:27 522] isr        1547 ASR_MSG_AUW,   local  
[2022/03/23 15:21:27 523] isr        1559 6400  2  
[2022/03/23 15:21:27 524] isr        1547 ASR_MSG_AUW,   local  
[2022/03/23 15:21:27 524] isr        1559 6400  2  
[2022/03/23 15:21:27 525] isr        1547 ASR_MSG_AUW,   local  
[2022/03/23 15:21:27 525] isr        1559 6400  2  
[2022/03/23 15:21:27 526] isr        1547 ASR_MSG_AUW,   local  
[2022/03/23 15:21:27 526] isr        1559 6400  2  
[2022/03/23 15:21:27 528] isr        1547 ASR_MSG_AUW,   local  
[2022/03/23 15:21:27 528] isr        1559 6400  2  
[2022/03/23 15:21:27 528] isr        851  [aud] speech start  
[2022/03/23 15:21:27 528] isr        798  1  msc  
[2022/03/23 15:21:27 529] isr        1547 ASR_MSG_AUW,   local  
[2022/03/23 15:21:27 529] isr        1559 6400  2  
[2022/03/23 15:21:27 530] isr        1547 ASR_MSG_AUW,   local  
[2022/03/23 15:21:27 530] isr        1559 6400  2  
[2022/03/23 15:21:27 531] isr        1547 ASR_MSG_AUW,   local  
[2022/03/23 15:21:27 531] isr        1559 6400  2  
[2022/03/23 15:21:27 532] isr        1547 ASR_MSG_AUW,   local  
[2022/03/23 15:21:27 532] isr        1559 6400  2  
[2022/03/23 15:21:27 533] isr        1547 ASR_MSG_AUW,   local  
[2022/03/23 15:21:27 533] isr        1559 6400  2  
[2022/03/23 15:21:27 534] isr        1547 ASR_MSG_AUW,   local  
[2022/03/23 15:21:27 534] isr        1559 6400  2  
[2022/03/23 15:21:27 536] isr        1547 ASR_MSG_AUW,   local  
[2022/03/23 15:21:27 536] isr        1559 8000  2  
[2022/03/23 15:21:27 537] isr        1547 ASR_MSG_AUW,   local  
[2022/03/23 15:21:27 537] isr        1559 0  4  
[2022/03/23 15:21:27 537] isr        1592 aud end, USER  
[2022/03/23 15:21:27 541] isr        1636 ASR_MSG_GRSLT,   local  
[2022/03/23 15:21:27 541] isr        1307 0  nil  2  
[2022/03/23 15:21:27 561] isr        854  [aud] speech end  
[2022/03/23 15:21:27 562] isr        798  3  msc  
[2022/03/23 15:21:27 642] isr        1636 ASR_MSG_GRSLT,   local  
[2022/03/23 15:21:27 642] isr        1307 0  nil  2  
[2022/03/23 15:21:27 666] isr        723  local_cbmsg_handler  ,msg=  406  param1=  nil  
[2022/03/23 15:21:27 743] isr        1636 ASR_MSG_GRSLT,   local  
[2022/03/23 15:21:27 743] isr        1307 0  nil  2  
[2022/03/23 15:21:27 844] isr        1636 ASR_MSG_GRSLT,   local  
[2022/03/23 15:21:27 844] isr        1307 0  nil  2  
[2022/03/23 15:21:27 945] isr        1636 ASR_MSG_GRSLT,   local  
[2022/03/23 15:21:27 945] isr        1307 0  nil  2  
[2022/03/23 15:21:28 046] isr        1636 ASR_MSG_GRSLT,   local  
[2022/03/23 15:21:28 046] isr        1307 0  nil  2  
[2022/03/23 15:21:28 147] isr        1636 ASR_MSG_GRSLT,   local  
[2022/03/23 15:21:28 147] isr        1307 0  nil  2  
[2022/03/23 15:21:28 247] isr        1636 ASR_MSG_GRSLT,   local  
[2022/03/23 15:21:28 248] isr        1307 0  nil  2  
[2022/03/23 15:21:28 348] isr        1636 ASR_MSG_GRSLT,   local  
[2022/03/23 15:21:28 348] isr        1307 0  nil  2  
[2022/03/23 15:21:28 449] isr        1636 ASR_MSG_GRSLT,   local  
[2022/03/23 15:21:28 449] isr        1307 0  nil  2  
[2022/03/23 15:21:28 550] isr        1636 ASR_MSG_GRSLT,   local  
[2022/03/23 15:21:28 550] isr        1307 0  nil  2  
[2022/03/23 15:21:28 582] isr        723  local_cbmsg_handler  ,msg=  407  param1=  nil  
[2022/03/23 15:21:28 582] isr        641  process_result call:  local  nil  0  2  
[2022/03/23 15:21:28 583] isr        798  3  msc  
[2022/03/23 15:21:28 583] isr        800  already speech end  
[2022/03/23 15:21:28 583] isr        723  local_cbmsg_handler  ,msg=  408  param1=  nil  
[2022/03/23 15:21:28 583] isr        734  local session recognized end!  
[2022/03/23 15:21:28 651] isr        1636 ASR_MSG_GRSLT,   local  
[2022/03/23 15:21:28 651] isr        1307 0  nil  5  
[2022/03/23 15:21:28 752] isr        1639 ASR_MSG_SSE,   local  
[2022/03/23 15:21:28 752] isr        1356 session_end() [in]  
[2022/03/23 15:21:28 752] isr        1377 local_session_end() [in]  
[2022/03/23 15:21:28 753] isr        1416 ASR_LOCAL_MSG_SSE net_type  nil  
[2022/03/23 15:21:28 754] isr        1667 isr unload!  
============================================================
Time  2022/03/23 15:26:33 977 
============================================================
[2022/03/23 15:26:33 977] isr        1659 isr loaded!  
[2022/03/23 15:26:33 977] isr        1642 SYS_MSG_REGCB param0 =   msp_status_cb  param1 =   func(84131dc0) 
[2022/03/23 15:26:33 978] isr        1537 ASR_MSG_SSB  
[2022/03/23 15:26:33 978] isr        1066 session_begin() [in], params:   engine_type = local, 		asr_res_path = fo|/home/wheeltec/SR2.2-HR1.1.3/SR2.2-HR1.1.3/offline_mic/bin/config/msc/res/asr/common.jet, sample_rate = 16000, 		grm_build_path = /home/wheeltec/SR2.2-HR1.1.3/SR2.2-HR1.1.3/offline_mic/bin/config/msc/res/asr/GrmBuilld, local_grammar = call, 		result_type = xml, result_encoding = UTF-8,   nil  
[2022/03/23 15:26:33 978] isr        927  vad_set [in]  
[2022/03/23 15:26:33 978] isr        962  vad_enable :  true  
[2022/03/23 15:26:33 978] isr        980  vad_bos :  10000  
[2022/03/23 15:26:33 978] isr        981  vad_eos :  2000  
[2022/03/23 15:26:33 978] isr        886  enable_vad [in]  
[2022/03/23 15:26:33 979] isr        918  vad enabled!  2000  10000  
[2022/03/23 15:26:33 979] isr        921  enable_vad [out]  
[2022/03/23 15:26:33 979] isr        987  vad_set [out] | ret =  0  
[2022/03/23 15:26:33 979] isr        1182 cur_engine_type =   local  
[2022/03/23 15:26:33 979] isr        992  local_session_begin  
[2022/03/23 15:26:33 982] isr        1547 ASR_MSG_AUW,   local  
[2022/03/23 15:26:33 982] isr        1559 4000  1  
[2022/03/23 15:26:33 982] isr        1569 once_bytes:   4000  
[2022/03/23 15:26:33 983] isr        1547 ASR_MSG_AUW,   local  
[2022/03/23 15:26:33 983] isr        1559 0  4  
[2022/03/23 15:26:33 983] isr        1592 aud end, USER  
[2022/03/23 15:26:33 984] isr        1636 ASR_MSG_GRSLT,   local  
[2022/03/23 15:26:33 984] isr        1307 0  nil  2  
[2022/03/23 15:26:33 986] isr        851  [aud] speech start  
[2022/03/23 15:26:33 986] isr        798  1  msc  
[2022/03/23 15:26:33 987] isr        854  [aud] speech end  
[2022/03/23 15:26:33 988] isr        798  3  msc  
[2022/03/23 15:26:34 085] isr        1636 ASR_MSG_GRSLT,   local  
[2022/03/23 15:26:34 085] isr        1307 0  nil  2  
[2022/03/23 15:26:34 120] isr        723  local_cbmsg_handler  ,msg=  406  param1=  nil  
[2022/03/23 15:26:34 186] isr        1636 ASR_MSG_GRSLT,   local  
[2022/03/23 15:26:34 186] isr        1307 0  nil  2  
[2022/03/23 15:26:34 287] isr        1636 ASR_MSG_GRSLT,   local  
[2022/03/23 15:26:34 288] isr        1307 0  nil  2  
[2022/03/23 15:26:34 290] isr        723  local_cbmsg_handler  ,msg=  407  param1=  nil  
[2022/03/23 15:26:34 291] isr        641  process_result call:  local  nil  0  2  
[2022/03/23 15:26:34 291] isr        798  3  msc  
[2022/03/23 15:26:34 291] isr        800  already speech end  
[2022/03/23 15:26:34 291] isr        723  local_cbmsg_handler  ,msg=  408  param1=  nil  
[2022/03/23 15:26:34 291] isr        734  local session recognized end!  
[2022/03/23 15:26:34 388] isr        1636 ASR_MSG_GRSLT,   local  
[2022/03/23 15:26:34 388] isr        1307 0  nil  5  
[2022/03/23 15:26:34 489] isr        1639 ASR_MSG_SSE,   local  
[2022/03/23 15:26:34 489] isr        1356 session_end() [in]  
[2022/03/23 15:26:34 489] isr        1377 local_session_end() [in]  
[2022/03/23 15:26:34 491] isr        1416 ASR_LOCAL_MSG_SSE net_type  nil  
[2022/03/23 15:26:34 492] isr        1667 isr unload!  
============================================================
Time  2022/03/23 15:26:35 124 
============================================================
[2022/03/23 15:26:35 124] isr        1659 isr loaded!  
[2022/03/23 15:26:35 124] isr        1642 SYS_MSG_REGCB param0 =   msp_status_cb  param1 =   func(7c023300) 
[2022/03/23 15:26:35 124] isr        1537 ASR_MSG_SSB  
[2022/03/23 15:26:35 124] isr        1066 session_begin() [in], params:   engine_type = local, 		asr_res_path = fo|/home/wheeltec/SR2.2-HR1.1.3/SR2.2-HR1.1.3/offline_mic/bin/config/msc/res/asr/common.jet, sample_rate = 16000, 		grm_build_path = /home/wheeltec/SR2.2-HR1.1.3/SR2.2-HR1.1.3/offline_mic/bin/config/msc/res/asr/GrmBuilld, local_grammar = call, 		result_type = xml, result_encoding = UTF-8,   nil  
[2022/03/23 15:26:35 125] isr        927  vad_set [in]  
[2022/03/23 15:26:35 125] isr        962  vad_enable :  true  
[2022/03/23 15:26:35 125] isr        980  vad_bos :  10000  
[2022/03/23 15:26:35 125] isr        981  vad_eos :  2000  
[2022/03/23 15:26:35 125] isr        886  enable_vad [in]  
[2022/03/23 15:26:35 126] isr        918  vad enabled!  2000  10000  
[2022/03/23 15:26:35 126] isr        921  enable_vad [out]  
[2022/03/23 15:26:35 126] isr        987  vad_set [out] | ret =  0  
[2022/03/23 15:26:35 126] isr        1182 cur_engine_type =   local  
[2022/03/23 15:26:35 126] isr        992  local_session_begin  
[2022/03/23 15:26:35 128] isr        1547 ASR_MSG_AUW,   local  
[2022/03/23 15:26:35 129] isr        1559 4000  1  
[2022/03/23 15:26:35 129] isr        1569 once_bytes:   4000  
[2022/03/23 15:26:35 130] isr        1547 ASR_MSG_AUW,   local  
[2022/03/23 15:26:35 130] isr        1559 0  4  
[2022/03/23 15:26:35 130] isr        1592 aud end, USER  
[2022/03/23 15:26:35 130] isr        1636 ASR_MSG_GRSLT,   local  
[2022/03/23 15:26:35 130] isr        1307 0  nil  2  
[2022/03/23 15:26:35 132] isr        851  [aud] speech start  
[2022/03/23 15:26:35 132] isr        798  1  msc  
[2022/03/23 15:26:35 134] isr        854  [aud] speech end  
[2022/03/23 15:26:35 134] isr        798  3  msc  
[2022/03/23 15:26:35 231] isr        1636 ASR_MSG_GRSLT,   local  
[2022/03/23 15:26:35 231] isr        1307 0  nil  2  
[2022/03/23 15:26:35 266] isr        723  local_cbmsg_handler  ,msg=  406  param1=  nil  
[2022/03/23 15:26:35 332] isr        1636 ASR_MSG_GRSLT,   local  
[2022/03/23 15:26:35 333] isr        1307 0  nil  2  
[2022/03/23 15:26:35 432] isr        723  local_cbmsg_handler  ,msg=  407  param1=  nil  
[2022/03/23 15:26:35 433] isr        641  process_result call:  local  nil  0  2  
[2022/03/23 15:26:35 433] isr        798  3  msc  
[2022/03/23 15:26:35 433] isr        800  already speech end  
[2022/03/23 15:26:35 433] isr        723  local_cbmsg_handler  ,msg=  408  param1=  nil  
[2022/03/23 15:26:35 433] isr        734  local session recognized end!  
[2022/03/23 15:26:35 433] isr        1636 ASR_MSG_GRSLT,   local  
[2022/03/23 15:26:35 433] isr        1307 0  nil  5  
[2022/03/23 15:26:35 534] isr        1639 ASR_MSG_SSE,   local  
[2022/03/23 15:26:35 534] isr        1356 session_end() [in]  
[2022/03/23 15:26:35 534] isr        1377 local_session_end() [in]  
[2022/03/23 15:26:35 536] isr        1416 ASR_LOCAL_MSG_SSE net_type  nil  
[2022/03/23 15:26:35 537] isr        1667 isr unload!  
============================================================
Time  2022/03/23 15:26:36 169 
============================================================
[2022/03/23 15:26:36 169] isr        1659 isr loaded!  
[2022/03/23 15:26:36 169] isr        1642 SYS_MSG_REGCB param0 =   msp_status_cb  param1 =   func(8c02ecf0) 
[2022/03/23 15:26:36 170] isr        1537 ASR_MSG_SSB  
[2022/03/23 15:26:36 170] isr        1066 session_begin() [in], params:   engine_type = local, 		asr_res_path = fo|/home/wheeltec/SR2.2-HR1.1.3/SR2.2-HR1.1.3/offline_mic/bin/config/msc/res/asr/common.jet, sample_rate = 16000, 		grm_build_path = /home/wheeltec/SR2.2-HR1.1.3/SR2.2-HR1.1.3/offline_mic/bin/config/msc/res/asr/GrmBuilld, local_grammar = call, 		result_type = xml, result_encoding = UTF-8,   nil  
[2022/03/23 15:26:36 170] isr        927  vad_set [in]  
[2022/03/23 15:26:36 170] isr        962  vad_enable :  true  
[2022/03/23 15:26:36 170] isr        980  vad_bos :  10000  
[2022/03/23 15:26:36 170] isr        981  vad_eos :  2000  
[2022/03/23 15:26:36 170] isr        886  enable_vad [in]  
[2022/03/23 15:26:36 171] isr        918  vad enabled!  2000  10000  
[2022/03/23 15:26:36 171] isr        921  enable_vad [out]  
[2022/03/23 15:26:36 171] isr        987  vad_set [out] | ret =  0  
[2022/03/23 15:26:36 171] isr        1182 cur_engine_type =   local  
[2022/03/23 15:26:36 171] isr        992  local_session_begin  
[2022/03/23 15:26:36 174] isr        1547 ASR_MSG_AUW,   local  
[2022/03/23 15:26:36 174] isr        1559 4000  1  
[2022/03/23 15:26:36 174] isr        1569 once_bytes:   4000  
[2022/03/23 15:26:36 175] isr        1547 ASR_MSG_AUW,   local  
[2022/03/23 15:26:36 175] isr        1559 0  4  
[2022/03/23 15:26:36 175] isr        1592 aud end, USER  
[2022/03/23 15:26:36 176] isr        1636 ASR_MSG_GRSLT,   local  
[2022/03/23 15:26:36 176] isr        1307 0  nil  2  
[2022/03/23 15:26:36 177] isr        851  [aud] speech start  
[2022/03/23 15:26:36 177] isr        798  1  msc  
[2022/03/23 15:26:36 179] isr        854  [aud] speech end  
[2022/03/23 15:26:36 179] isr        798  3  msc  
[2022/03/23 15:26:36 276] isr        1636 ASR_MSG_GRSLT,   local  
[2022/03/23 15:26:36 277] isr        1307 0  nil  2  
[2022/03/23 15:26:36 308] isr        723  local_cbmsg_handler  ,msg=  406  param1=  nil  
[2022/03/23 15:26:36 377] isr        1636 ASR_MSG_GRSLT,   local  
[2022/03/23 15:26:36 378] isr        1307 0  nil  2  
[2022/03/23 15:26:36 472] isr        723  local_cbmsg_handler  ,msg=  407  param1=  nil  
[2022/03/23 15:26:36 472] isr        641  process_result call:  local  nil  0  2  
[2022/03/23 15:26:36 472] isr        798  3  msc  
[2022/03/23 15:26:36 472] isr        800  already speech end  
[2022/03/23 15:26:36 472] isr        723  local_cbmsg_handler  ,msg=  408  param1=  nil  
[2022/03/23 15:26:36 472] isr        734  local session recognized end!  
[2022/03/23 15:26:36 478] isr        1636 ASR_MSG_GRSLT,   local  
[2022/03/23 15:26:36 478] isr        1307 0  nil  5  
[2022/03/23 15:26:36 579] isr        1639 ASR_MSG_SSE,   local  
[2022/03/23 15:26:36 579] isr        1356 session_end() [in]  
[2022/03/23 15:26:36 579] isr        1377 local_session_end() [in]  
[2022/03/23 15:26:36 581] isr        1416 ASR_LOCAL_MSG_SSE net_type  nil  
[2022/03/23 15:26:36 581] isr        1667 isr unload!  
============================================================
Time  2022/03/23 15:26:37 211 
============================================================
[2022/03/23 15:26:37 211] isr        1659 isr loaded!  
[2022/03/23 15:26:37 212] isr        1642 SYS_MSG_REGCB param0 =   msp_status_cb  param1 =   func(9402ed70) 
[2022/03/23 15:26:37 212] isr        1537 ASR_MSG_SSB  
[2022/03/23 15:26:37 212] isr        1066 session_begin() [in], params:   engine_type = local, 		asr_res_path = fo|/home/wheeltec/SR2.2-HR1.1.3/SR2.2-HR1.1.3/offline_mic/bin/config/msc/res/asr/common.jet, sample_rate = 16000, 		grm_build_path = /home/wheeltec/SR2.2-HR1.1.3/SR2.2-HR1.1.3/offline_mic/bin/config/msc/res/asr/GrmBuilld, local_grammar = call, 		result_type = xml, result_encoding = UTF-8,   nil  
[2022/03/23 15:26:37 212] isr        927  vad_set [in]  
[2022/03/23 15:26:37 212] isr        962  vad_enable :  true  
[2022/03/23 15:26:37 212] isr        980  vad_bos :  10000  
[2022/03/23 15:26:37 212] isr        981  vad_eos :  2000  
[2022/03/23 15:26:37 213] isr        886  enable_vad [in]  
[2022/03/23 15:26:37 213] isr        918  vad enabled!  2000  10000  
[2022/03/23 15:26:37 213] isr        921  enable_vad [out]  
[2022/03/23 15:26:37 213] isr        987  vad_set [out] | ret =  0  
[2022/03/23 15:26:37 213] isr        1182 cur_engine_type =   local  
[2022/03/23 15:26:37 213] isr        992  local_session_begin  
[2022/03/23 15:26:37 216] isr        1547 ASR_MSG_AUW,   local  
[2022/03/23 15:26:37 216] isr        1559 4000  1  
[2022/03/23 15:26:37 216] isr        1569 once_bytes:   4000  
[2022/03/23 15:26:37 217] isr        1547 ASR_MSG_AUW,   local  
[2022/03/23 15:26:37 217] isr        1559 0  4  
[2022/03/23 15:26:37 217] isr        1592 aud end, USER  
[2022/03/23 15:26:37 218] isr        1636 ASR_MSG_GRSLT,   local  
[2022/03/23 15:26:37 218] isr        1307 0  nil  2  
[2022/03/23 15:26:37 220] isr        851  [aud] speech start  
[2022/03/23 15:26:37 220] isr        798  1  msc  
[2022/03/23 15:26:37 222] isr        854  [aud] speech end  
[2022/03/23 15:26:37 222] isr        798  3  msc  
[2022/03/23 15:26:37 320] isr        1636 ASR_MSG_GRSLT,   local  
[2022/03/23 15:26:37 320] isr        1307 0  nil  2  
[2022/03/23 15:26:37 352] isr        723  local_cbmsg_handler  ,msg=  406  param1=  nil  
[2022/03/23 15:26:37 421] isr        1636 ASR_MSG_GRSLT,   local  
[2022/03/23 15:26:37 421] isr        1307 0  nil  2  
[2022/03/23 15:26:37 520] isr        723  local_cbmsg_handler  ,msg=  407  param1=  nil  
[2022/03/23 15:26:37 521] isr        641  process_result call:  local  nil  0  2  
[2022/03/23 15:26:37 521] isr        798  3  msc  
[2022/03/23 15:26:37 521] isr        800  already speech end  
[2022/03/23 15:26:37 521] isr        723  local_cbmsg_handler  ,msg=  408  param1=  nil  
[2022/03/23 15:26:37 521] isr        734  local session recognized end!  
[2022/03/23 15:26:37 521] isr        1636 ASR_MSG_GRSLT,   local  
[2022/03/23 15:26:37 522] isr        1307 0  nil  5  
[2022/03/23 15:26:37 622] isr        1639 ASR_MSG_SSE,   local  
[2022/03/23 15:26:37 622] isr        1356 session_end() [in]  
[2022/03/23 15:26:37 622] isr        1377 local_session_end() [in]  
[2022/03/23 15:26:37 624] isr        1416 ASR_LOCAL_MSG_SSE net_type  nil  
[2022/03/23 15:26:37 625] isr        1667 isr unload!  
============================================================
Time  2022/03/23 15:26:38 287 
============================================================
[2022/03/23 15:26:38 287] isr        1659 isr loaded!  
[2022/03/23 15:26:38 287] isr        1642 SYS_MSG_REGCB param0 =   msp_status_cb  param1 =   func(88007270) 
[2022/03/23 15:26:38 287] isr        1537 ASR_MSG_SSB  
[2022/03/23 15:26:38 287] isr        1066 session_begin() [in], params:   engine_type = local, 		asr_res_path = fo|/home/wheeltec/SR2.2-HR1.1.3/SR2.2-HR1.1.3/offline_mic/bin/config/msc/res/asr/common.jet, sample_rate = 16000, 		grm_build_path = /home/wheeltec/SR2.2-HR1.1.3/SR2.2-HR1.1.3/offline_mic/bin/config/msc/res/asr/GrmBuilld, local_grammar = call, 		result_type = xml, result_encoding = UTF-8,   nil  
[2022/03/23 15:26:38 288] isr        927  vad_set [in]  
[2022/03/23 15:26:38 288] isr        962  vad_enable :  true  
[2022/03/23 15:26:38 288] isr        980  vad_bos :  10000  
[2022/03/23 15:26:38 288] isr        981  vad_eos :  2000  
[2022/03/23 15:26:38 288] isr        886  enable_vad [in]  
[2022/03/23 15:26:38 289] isr        918  vad enabled!  2000  10000  
[2022/03/23 15:26:38 289] isr        921  enable_vad [out]  
[2022/03/23 15:26:38 289] isr        987  vad_set [out] | ret =  0  
[2022/03/23 15:26:38 289] isr        1182 cur_engine_type =   local  
[2022/03/23 15:26:38 289] isr        992  local_session_begin  
[2022/03/23 15:26:38 292] isr        1547 ASR_MSG_AUW,   local  
[2022/03/23 15:26:38 292] isr        1559 4000  1  
[2022/03/23 15:26:38 292] isr        1569 once_bytes:   4000  
[2022/03/23 15:26:38 293] isr        1547 ASR_MSG_AUW,   local  
[2022/03/23 15:26:38 293] isr        1559 0  4  
[2022/03/23 15:26:38 293] isr        1592 aud end, USER  
[2022/03/23 15:26:38 294] isr        1636 ASR_MSG_GRSLT,   local  
[2022/03/23 15:26:38 294] isr        1307 0  nil  2  
[2022/03/23 15:26:38 295] isr        851  [aud] speech start  
[2022/03/23 15:26:38 295] isr        798  1  msc  
[2022/03/23 15:26:38 297] isr        854  [aud] speech end  
[2022/03/23 15:26:38 297] isr        798  3  msc  
[2022/03/23 15:26:38 395] isr        1636 ASR_MSG_GRSLT,   local  
[2022/03/23 15:26:38 395] isr        1307 0  nil  2  
[2022/03/23 15:26:38 425] isr        723  local_cbmsg_handler  ,msg=  406  param1=  nil  
[2022/03/23 15:26:38 496] isr        1636 ASR_MSG_GRSLT,   local  
[2022/03/23 15:26:38 510] isr        1307 0  nil  2  
[2022/03/23 15:26:38 597] isr        723  local_cbmsg_handler  ,msg=  407  param1=  nil  
[2022/03/23 15:26:38 597] isr        641  process_result call:  local  nil  0  2  
[2022/03/23 15:26:38 597] isr        798  3  msc  
[2022/03/23 15:26:38 597] isr        800  already speech end  
[2022/03/23 15:26:38 597] isr        723  local_cbmsg_handler  ,msg=  408  param1=  nil  
[2022/03/23 15:26:38 597] isr        734  local session recognized end!  
[2022/03/23 15:26:38 611] isr        1636 ASR_MSG_GRSLT,   local  
[2022/03/23 15:26:38 611] isr        1307 0  nil  5  
[2022/03/23 15:26:38 712] isr        1639 ASR_MSG_SSE,   local  
[2022/03/23 15:26:38 712] isr        1356 session_end() [in]  
[2022/03/23 15:26:38 712] isr        1377 local_session_end() [in]  
[2022/03/23 15:26:38 713] isr        1416 ASR_LOCAL_MSG_SSE net_type  nil  
[2022/03/23 15:26:38 714] isr        1667 isr unload!  
============================================================
Time  2022/03/23 15:37:23 165 
============================================================
[2022/03/23 15:37:23 165] isr        1659 isr loaded!  
[2022/03/23 15:37:23 166] isr        1642 SYS_MSG_REGCB param0 =   msp_status_cb  param1 =   func(50131dc0) 
[2022/03/23 15:37:23 166] isr        1537 ASR_MSG_SSB  
[2022/03/23 15:37:23 166] isr        1066 session_begin() [in], params:   engine_type = local, 		asr_res_path = fo|/home/wheeltec/SR2.2-HR1.1.3/SR2.2-HR1.1.3/offline_mic/bin/config/msc/res/asr/common.jet, sample_rate = 16000, 		grm_build_path = /home/wheeltec/SR2.2-HR1.1.3/SR2.2-HR1.1.3/offline_mic/bin/config/msc/res/asr/GrmBuilld, local_grammar = call, 		result_type = xml, result_encoding = UTF-8,   nil  
[2022/03/23 15:37:23 166] isr        927  vad_set [in]  
[2022/03/23 15:37:23 166] isr        962  vad_enable :  true  
[2022/03/23 15:37:23 166] isr        980  vad_bos :  10000  
[2022/03/23 15:37:23 166] isr        981  vad_eos :  2000  
[2022/03/23 15:37:23 166] isr        886  enable_vad [in]  
[2022/03/23 15:37:23 167] isr        918  vad enabled!  2000  10000  
[2022/03/23 15:37:23 167] isr        921  enable_vad [out]  
[2022/03/23 15:37:23 167] isr        987  vad_set [out] | ret =  0  
[2022/03/23 15:37:23 167] isr        1182 cur_engine_type =   local  
[2022/03/23 15:37:23 168] isr        992  local_session_begin  
[2022/03/23 15:37:23 170] isr        1547 ASR_MSG_AUW,   local  
[2022/03/23 15:37:23 170] isr        1559 4000  1  
[2022/03/23 15:37:23 170] isr        1569 once_bytes:   4000  
[2022/03/23 15:37:23 171] isr        1547 ASR_MSG_AUW,   local  
[2022/03/23 15:37:23 172] isr        1559 0  4  
[2022/03/23 15:37:23 172] isr        1592 aud end, USER  
[2022/03/23 15:37:23 172] isr        1636 ASR_MSG_GRSLT,   local  
[2022/03/23 15:37:23 172] isr        1307 0  nil  2  
[2022/03/23 15:37:23 173] isr        851  [aud] speech start  
[2022/03/23 15:37:23 174] isr        798  1  msc  
[2022/03/23 15:37:23 175] isr        854  [aud] speech end  
[2022/03/23 15:37:23 176] isr        798  3  msc  
[2022/03/23 15:37:23 273] isr        1636 ASR_MSG_GRSLT,   local  
[2022/03/23 15:37:23 273] isr        1307 0  nil  2  
[2022/03/23 15:37:23 342] isr        723  local_cbmsg_handler  ,msg=  406  param1=  nil  
[2022/03/23 15:37:23 374] isr        1636 ASR_MSG_GRSLT,   local  
[2022/03/23 15:37:23 374] isr        1307 0  nil  2  
[2022/03/23 15:37:23 475] isr        1636 ASR_MSG_GRSLT,   local  
[2022/03/23 15:37:23 475] isr        1307 0  nil  2  
[2022/03/23 15:37:23 480] isr        723  local_cbmsg_handler  ,msg=  407  param1=  nil  
[2022/03/23 15:37:23 480] isr        641  process_result call:  local  nil  0  2  
[2022/03/23 15:37:23 480] isr        798  3  msc  
[2022/03/23 15:37:23 480] isr        800  already speech end  
[2022/03/23 15:37:23 481] isr        723  local_cbmsg_handler  ,msg=  408  param1=  nil  
[2022/03/23 15:37:23 481] isr        734  local session recognized end!  
[2022/03/23 15:37:23 576] isr        1636 ASR_MSG_GRSLT,   local  
[2022/03/23 15:37:23 576] isr        1307 0  nil  5  
[2022/03/23 15:37:23 677] isr        1639 ASR_MSG_SSE,   local  
[2022/03/23 15:37:23 677] isr        1356 session_end() [in]  
[2022/03/23 15:37:23 677] isr        1377 local_session_end() [in]  
[2022/03/23 15:37:23 678] isr        1416 ASR_LOCAL_MSG_SSE net_type  nil  
[2022/03/23 15:37:23 679] isr        1667 isr unload!  
============================================================
Time  2022/03/23 15:37:24 203 
============================================================
[2022/03/23 15:37:24 203] isr        1659 isr loaded!  
[2022/03/23 15:37:24 203] isr        1642 SYS_MSG_REGCB param0 =   msp_status_cb  param1 =   func(6402ed00) 
[2022/03/23 15:37:24 204] isr        1537 ASR_MSG_SSB  
[2022/03/23 15:37:24 204] isr        1066 session_begin() [in], params:   engine_type = local, 		asr_res_path = fo|/home/wheeltec/SR2.2-HR1.1.3/SR2.2-HR1.1.3/offline_mic/bin/config/msc/res/asr/common.jet, sample_rate = 16000, 		grm_build_path = /home/wheeltec/SR2.2-HR1.1.3/SR2.2-HR1.1.3/offline_mic/bin/config/msc/res/asr/GrmBuilld, local_grammar = call, 		result_type = xml, result_encoding = UTF-8,   nil  
[2022/03/23 15:37:24 204] isr        927  vad_set [in]  
[2022/03/23 15:37:24 204] isr        962  vad_enable :  true  
[2022/03/23 15:37:24 204] isr        980  vad_bos :  10000  
[2022/03/23 15:37:24 204] isr        981  vad_eos :  2000  
[2022/03/23 15:37:24 204] isr        886  enable_vad [in]  
[2022/03/23 15:37:24 205] isr        918  vad enabled!  2000  10000  
[2022/03/23 15:37:24 205] isr        921  enable_vad [out]  
[2022/03/23 15:37:24 205] isr        987  vad_set [out] | ret =  0  
[2022/03/23 15:37:24 205] isr        1182 cur_engine_type =   local  
[2022/03/23 15:37:24 205] isr        992  local_session_begin  
[2022/03/23 15:37:24 208] isr        1547 ASR_MSG_AUW,   local  
[2022/03/23 15:37:24 208] isr        1559 4000  1  
[2022/03/23 15:37:24 208] isr        1569 once_bytes:   4000  
[2022/03/23 15:37:24 209] isr        1547 ASR_MSG_AUW,   local  
[2022/03/23 15:37:24 209] isr        1559 0  4  
[2022/03/23 15:37:24 209] isr        1592 aud end, USER  
[2022/03/23 15:37:24 210] isr        1636 ASR_MSG_GRSLT,   local  
[2022/03/23 15:37:24 210] isr        1307 0  nil  2  
[2022/03/23 15:37:24 211] isr        851  [aud] speech start  
[2022/03/23 15:37:24 211] isr        798  1  msc  
[2022/03/23 15:37:24 213] isr        854  [aud] speech end  
[2022/03/23 15:37:24 213] isr        798  3  msc  
[2022/03/23 15:37:24 311] isr        1636 ASR_MSG_GRSLT,   local  
[2022/03/23 15:37:24 311] isr        1307 0  nil  2  
[2022/03/23 15:37:24 344] isr        723  local_cbmsg_handler  ,msg=  406  param1=  nil  
[2022/03/23 15:37:24 412] isr        1636 ASR_MSG_GRSLT,   local  
[2022/03/23 15:37:24 412] isr        1307 0  nil  2  
[2022/03/23 15:37:24 509] isr        723  local_cbmsg_handler  ,msg=  407  param1=  nil  
[2022/03/23 15:37:24 509] isr        641  process_result call:  local  nil  0  2  
[2022/03/23 15:37:24 509] isr        798  3  msc  
[2022/03/23 15:37:24 509] isr        800  already speech end  
[2022/03/23 15:37:24 510] isr        723  local_cbmsg_handler  ,msg=  408  param1=  nil  
[2022/03/23 15:37:24 510] isr        734  local session recognized end!  
[2022/03/23 15:37:24 513] isr        1636 ASR_MSG_GRSLT,   local  
[2022/03/23 15:37:24 513] isr        1307 0  nil  5  
[2022/03/23 15:37:24 613] isr        1639 ASR_MSG_SSE,   local  
[2022/03/23 15:37:24 614] isr        1356 session_end() [in]  
[2022/03/23 15:37:24 614] isr        1377 local_session_end() [in]  
[2022/03/23 15:37:24 615] isr        1416 ASR_LOCAL_MSG_SSE net_type  nil  
[2022/03/23 15:37:24 616] isr        1667 isr unload!  
============================================================
Time  2022/03/23 16:29:19 022 
============================================================
[2022/03/23 16:29:19 022] isr        1659 isr loaded!  
[2022/03/23 16:29:19 022] isr        1642 SYS_MSG_REGCB param0 =   msp_status_cb  param1 =   func(8c131c50) 
[2022/03/23 16:29:19 023] isr        1537 ASR_MSG_SSB  
[2022/03/23 16:29:19 023] isr        1066 session_begin() [in], params:   engine_type = local, 		asr_res_path = fo|/home/wheeltec/SR2.2-HR1.1.3/SR2.2-HR1.1.3/offline_mic/bin/config/msc/res/asr/common.jet, sample_rate = 16000, 		grm_build_path = /home/wheeltec/SR2.2-HR1.1.3/SR2.2-HR1.1.3/offline_mic/bin/config/msc/res/asr/GrmBuilld, local_grammar = call, 		result_type = xml, result_encoding = UTF-8,   nil  
[2022/03/23 16:29:19 023] isr        927  vad_set [in]  
[2022/03/23 16:29:19 023] isr        962  vad_enable :  true  
[2022/03/23 16:29:19 023] isr        980  vad_bos :  10000  
[2022/03/23 16:29:19 023] isr        981  vad_eos :  2000  
[2022/03/23 16:29:19 023] isr        886  enable_vad [in]  
[2022/03/23 16:29:19 024] isr        918  vad enabled!  2000  10000  
[2022/03/23 16:29:19 024] isr        921  enable_vad [out]  
[2022/03/23 16:29:19 024] isr        987  vad_set [out] | ret =  0  
[2022/03/23 16:29:19 024] isr        1182 cur_engine_type =   local  
[2022/03/23 16:29:19 024] isr        992  local_session_begin  
[2022/03/23 16:29:19 027] isr        1547 ASR_MSG_AUW,   local  
[2022/03/23 16:29:19 027] isr        1559 4000  1  
[2022/03/23 16:29:19 027] isr        1569 once_bytes:   4000  
[2022/03/23 16:29:19 028] isr        1547 ASR_MSG_AUW,   local  
[2022/03/23 16:29:19 028] isr        1559 0  4  
[2022/03/23 16:29:19 029] isr        1592 aud end, USER  
[2022/03/23 16:29:19 029] isr        1636 ASR_MSG_GRSLT,   local  
[2022/03/23 16:29:19 029] isr        1307 0  nil  2  
[2022/03/23 16:29:19 031] isr        851  [aud] speech start  
[2022/03/23 16:29:19 031] isr        798  1  msc  
[2022/03/23 16:29:19 032] isr        854  [aud] speech end  
[2022/03/23 16:29:19 032] isr        798  3  msc  
[2022/03/23 16:29:19 130] isr        1636 ASR_MSG_GRSLT,   local  
[2022/03/23 16:29:19 130] isr        1307 0  nil  2  
[2022/03/23 16:29:19 166] isr        723  local_cbmsg_handler  ,msg=  406  param1=  nil  
[2022/03/23 16:29:19 231] isr        1636 ASR_MSG_GRSLT,   local  
[2022/03/23 16:29:19 232] isr        1307 0  nil  2  
[2022/03/23 16:29:19 332] isr        1636 ASR_MSG_GRSLT,   local  
[2022/03/23 16:29:19 333] isr        1307 0  nil  2  
[2022/03/23 16:29:19 337] isr        723  local_cbmsg_handler  ,msg=  407  param1=  nil  
[2022/03/23 16:29:19 337] isr        641  process_result call:  local  nil  0  2  
[2022/03/23 16:29:19 337] isr        798  3  msc  
[2022/03/23 16:29:19 337] isr        800  already speech end  
[2022/03/23 16:29:19 337] isr        723  local_cbmsg_handler  ,msg=  408  param1=  nil  
[2022/03/23 16:29:19 337] isr        734  local session recognized end!  
[2022/03/23 16:29:19 433] isr        1636 ASR_MSG_GRSLT,   local  
[2022/03/23 16:29:19 433] isr        1307 0  nil  5  
[2022/03/23 16:29:19 534] isr        1639 ASR_MSG_SSE,   local  
[2022/03/23 16:29:19 547] isr        1356 session_end() [in]  
[2022/03/23 16:29:19 547] isr        1377 local_session_end() [in]  
[2022/03/23 16:29:19 549] isr        1416 ASR_LOCAL_MSG_SSE net_type  nil  
[2022/03/23 16:29:19 550] isr        1667 isr unload!  
============================================================
Time  2022/03/23 16:29:20 179 
============================================================
[2022/03/23 16:29:20 179] isr        1659 isr loaded!  
[2022/03/23 16:29:20 180] isr        1642 SYS_MSG_REGCB param0 =   msp_status_cb  param1 =   func(84131dc0) 
[2022/03/23 16:29:20 180] isr        1537 ASR_MSG_SSB  
[2022/03/23 16:29:20 180] isr        1066 session_begin() [in], params:   engine_type = local, 		asr_res_path = fo|/home/wheeltec/SR2.2-HR1.1.3/SR2.2-HR1.1.3/offline_mic/bin/config/msc/res/asr/common.jet, sample_rate = 16000, 		grm_build_path = /home/wheeltec/SR2.2-HR1.1.3/SR2.2-HR1.1.3/offline_mic/bin/config/msc/res/asr/GrmBuilld, local_grammar = call, 		result_type = xml, result_encoding = UTF-8,   nil  
[2022/03/23 16:29:20 180] isr        927  vad_set [in]  
[2022/03/23 16:29:20 180] isr        962  vad_enable :  true  
[2022/03/23 16:29:20 180] isr        980  vad_bos :  10000  
[2022/03/23 16:29:20 180] isr        981  vad_eos :  2000  
[2022/03/23 16:29:20 181] isr        886  enable_vad [in]  
[2022/03/23 16:29:20 181] isr        918  vad enabled!  2000  10000  
[2022/03/23 16:29:20 181] isr        921  enable_vad [out]  
[2022/03/23 16:29:20 181] isr        987  vad_set [out] | ret =  0  
[2022/03/23 16:29:20 181] isr        1182 cur_engine_type =   local  
[2022/03/23 16:29:20 181] isr        992  local_session_begin  
[2022/03/23 16:29:20 184] isr        1547 ASR_MSG_AUW,   local  
[2022/03/23 16:29:20 184] isr        1559 4000  1  
[2022/03/23 16:29:20 184] isr        1569 once_bytes:   4000  
[2022/03/23 16:29:20 185] isr        1547 ASR_MSG_AUW,   local  
[2022/03/23 16:29:20 185] isr        1559 0  4  
[2022/03/23 16:29:20 185] isr        1592 aud end, USER  
[2022/03/23 16:29:20 186] isr        1636 ASR_MSG_GRSLT,   local  
[2022/03/23 16:29:20 186] isr        1307 0  nil  2  
[2022/03/23 16:29:20 187] isr        851  [aud] speech start  
[2022/03/23 16:29:20 187] isr        798  1  msc  
[2022/03/23 16:29:20 189] isr        854  [aud] speech end  
[2022/03/23 16:29:20 189] isr        798  3  msc  
[2022/03/23 16:29:20 287] isr        1636 ASR_MSG_GRSLT,   local  
[2022/03/23 16:29:20 287] isr        1307 0  nil  2  
[2022/03/23 16:29:20 321] isr        723  local_cbmsg_handler  ,msg=  406  param1=  nil  
[2022/03/23 16:29:20 388] isr        1636 ASR_MSG_GRSLT,   local  
[2022/03/23 16:29:20 388] isr        1307 0  nil  2  
[2022/03/23 16:29:20 488] isr        723  local_cbmsg_handler  ,msg=  407  param1=  nil  
[2022/03/23 16:29:20 488] isr        641  process_result call:  local  nil  0  2  
[2022/03/23 16:29:20 488] isr        798  3  msc  
[2022/03/23 16:29:20 488] isr        800  already speech end  
[2022/03/23 16:29:20 488] isr        723  local_cbmsg_handler  ,msg=  408  param1=  nil  
[2022/03/23 16:29:20 488] isr        734  local session recognized end!  
[2022/03/23 16:29:20 489] isr        1636 ASR_MSG_GRSLT,   local  
[2022/03/23 16:29:20 489] isr        1307 0  nil  5  
[2022/03/23 16:29:20 590] isr        1639 ASR_MSG_SSE,   local  
[2022/03/23 16:29:20 590] isr        1356 session_end() [in]  
[2022/03/23 16:29:20 590] isr        1377 local_session_end() [in]  
[2022/03/23 16:29:20 591] isr        1416 ASR_LOCAL_MSG_SSE net_type  nil  
[2022/03/23 16:29:20 592] isr        1667 isr unload!  
============================================================
Time  2022/03/23 16:29:21 224 
============================================================
[2022/03/23 16:29:21 224] isr        1659 isr loaded!  
[2022/03/23 16:29:21 224] isr        1642 SYS_MSG_REGCB param0 =   msp_status_cb  param1 =   func(8c2984d0) 
[2022/03/23 16:29:21 224] isr        1537 ASR_MSG_SSB  
[2022/03/23 16:29:21 225] isr        1066 session_begin() [in], params:   engine_type = local, 		asr_res_path = fo|/home/wheeltec/SR2.2-HR1.1.3/SR2.2-HR1.1.3/offline_mic/bin/config/msc/res/asr/common.jet, sample_rate = 16000, 		grm_build_path = /home/wheeltec/SR2.2-HR1.1.3/SR2.2-HR1.1.3/offline_mic/bin/config/msc/res/asr/GrmBuilld, local_grammar = call, 		result_type = xml, result_encoding = UTF-8,   nil  
[2022/03/23 16:29:21 225] isr        927  vad_set [in]  
[2022/03/23 16:29:21 225] isr        962  vad_enable :  true  
[2022/03/23 16:29:21 225] isr        980  vad_bos :  10000  
[2022/03/23 16:29:21 225] isr        981  vad_eos :  2000  
[2022/03/23 16:29:21 225] isr        886  enable_vad [in]  
[2022/03/23 16:29:21 226] isr        918  vad enabled!  2000  10000  
[2022/03/23 16:29:21 226] isr        921  enable_vad [out]  
[2022/03/23 16:29:21 226] isr        987  vad_set [out] | ret =  0  
[2022/03/23 16:29:21 226] isr        1182 cur_engine_type =   local  
[2022/03/23 16:29:21 226] isr        992  local_session_begin  
[2022/03/23 16:29:21 229] isr        1547 ASR_MSG_AUW,   local  
[2022/03/23 16:29:21 229] isr        1559 4000  1  
[2022/03/23 16:29:21 229] isr        1569 once_bytes:   4000  
[2022/03/23 16:29:21 230] isr        1547 ASR_MSG_AUW,   local  
[2022/03/23 16:29:21 230] isr        1559 0  4  
[2022/03/23 16:29:21 230] isr        1592 aud end, USER  
[2022/03/23 16:29:21 231] isr        1636 ASR_MSG_GRSLT,   local  
[2022/03/23 16:29:21 231] isr        1307 0  nil  2  
[2022/03/23 16:29:21 232] isr        851  [aud] speech start  
[2022/03/23 16:29:21 232] isr        798  1  msc  
[2022/03/23 16:29:21 234] isr        854  [aud] speech end  
[2022/03/23 16:29:21 234] isr        798  3  msc  
[2022/03/23 16:29:21 332] isr        1636 ASR_MSG_GRSLT,   local  
[2022/03/23 16:29:21 332] isr        1307 0  nil  2  
[2022/03/23 16:29:21 362] isr        723  local_cbmsg_handler  ,msg=  406  param1=  nil  
[2022/03/23 16:29:21 433] isr        1636 ASR_MSG_GRSLT,   local  
[2022/03/23 16:29:21 433] isr        1307 0  nil  2  
[2022/03/23 16:29:21 526] isr        723  local_cbmsg_handler  ,msg=  407  param1=  nil  
[2022/03/23 16:29:21 526] isr        641  process_result call:  local  nil  0  2  
[2022/03/23 16:29:21 526] isr        798  3  msc  
[2022/03/23 16:29:21 526] isr        800  already speech end  
[2022/03/23 16:29:21 527] isr        723  local_cbmsg_handler  ,msg=  408  param1=  nil  
[2022/03/23 16:29:21 527] isr        734  local session recognized end!  
[2022/03/23 16:29:21 534] isr        1636 ASR_MSG_GRSLT,   local  
[2022/03/23 16:29:21 534] isr        1307 0  nil  5  
[2022/03/23 16:29:21 634] isr        1639 ASR_MSG_SSE,   local  
[2022/03/23 16:29:21 634] isr        1356 session_end() [in]  
[2022/03/23 16:29:21 634] isr        1377 local_session_end() [in]  
[2022/03/23 16:29:21 636] isr        1416 ASR_LOCAL_MSG_SSE net_type  nil  
[2022/03/23 16:29:21 637] isr        1667 isr unload!  
============================================================
Time  2022/03/23 16:29:22 268 
============================================================
[2022/03/23 16:29:22 268] isr        1659 isr loaded!  
[2022/03/23 16:29:22 269] isr        1642 SYS_MSG_REGCB param0 =   msp_status_cb  param1 =   func(a4131da0) 
[2022/03/23 16:29:22 269] isr        1537 ASR_MSG_SSB  
[2022/03/23 16:29:22 269] isr        1066 session_begin() [in], params:   engine_type = local, 		asr_res_path = fo|/home/wheeltec/SR2.2-HR1.1.3/SR2.2-HR1.1.3/offline_mic/bin/config/msc/res/asr/common.jet, sample_rate = 16000, 		grm_build_path = /home/wheeltec/SR2.2-HR1.1.3/SR2.2-HR1.1.3/offline_mic/bin/config/msc/res/asr/GrmBuilld, local_grammar = call, 		result_type = xml, result_encoding = UTF-8,   nil  
[2022/03/23 16:29:22 269] isr        927  vad_set [in]  
[2022/03/23 16:29:22 269] isr        962  vad_enable :  true  
[2022/03/23 16:29:22 269] isr        980  vad_bos :  10000  
[2022/03/23 16:29:22 269] isr        981  vad_eos :  2000  
[2022/03/23 16:29:22 269] isr        886  enable_vad [in]  
[2022/03/23 16:29:22 270] isr        918  vad enabled!  2000  10000  
[2022/03/23 16:29:22 270] isr        921  enable_vad [out]  
[2022/03/23 16:29:22 270] isr        987  vad_set [out] | ret =  0  
[2022/03/23 16:29:22 270] isr        1182 cur_engine_type =   local  
[2022/03/23 16:29:22 271] isr        992  local_session_begin  
[2022/03/23 16:29:22 273] isr        1547 ASR_MSG_AUW,   local  
[2022/03/23 16:29:22 273] isr        1559 4000  1  
[2022/03/23 16:29:22 274] isr        1569 once_bytes:   4000  
[2022/03/23 16:29:22 274] isr        1547 ASR_MSG_AUW,   local  
[2022/03/23 16:29:22 275] isr        1559 0  4  
[2022/03/23 16:29:22 275] isr        1592 aud end, USER  
[2022/03/23 16:29:22 276] isr        1636 ASR_MSG_GRSLT,   local  
[2022/03/23 16:29:22 276] isr        1307 0  nil  2  
[2022/03/23 16:29:22 277] isr        851  [aud] speech start  
[2022/03/23 16:29:22 277] isr        798  1  msc  
[2022/03/23 16:29:22 279] isr        854  [aud] speech end  
[2022/03/23 16:29:22 279] isr        798  3  msc  
[2022/03/23 16:29:22 377] isr        1636 ASR_MSG_GRSLT,   local  
[2022/03/23 16:29:22 377] isr        1307 0  nil  2  
[2022/03/23 16:29:22 406] isr        723  local_cbmsg_handler  ,msg=  406  param1=  nil  
[2022/03/23 16:29:22 478] isr        1636 ASR_MSG_GRSLT,   local  
[2022/03/23 16:29:22 478] isr        1307 0  nil  2  
[2022/03/23 16:29:22 573] isr        723  local_cbmsg_handler  ,msg=  407  param1=  nil  
[2022/03/23 16:29:22 573] isr        641  process_result call:  local  nil  0  2  
[2022/03/23 16:29:22 573] isr        798  3  msc  
[2022/03/23 16:29:22 573] isr        800  already speech end  
[2022/03/23 16:29:22 573] isr        723  local_cbmsg_handler  ,msg=  408  param1=  nil  
[2022/03/23 16:29:22 573] isr        734  local session recognized end!  
[2022/03/23 16:29:22 578] isr        1636 ASR_MSG_GRSLT,   local  
[2022/03/23 16:29:22 578] isr        1307 0  nil  5  
[2022/03/23 16:29:22 679] isr        1639 ASR_MSG_SSE,   local  
[2022/03/23 16:29:22 679] isr        1356 session_end() [in]  
[2022/03/23 16:29:22 679] isr        1377 local_session_end() [in]  
[2022/03/23 16:29:22 681] isr        1416 ASR_LOCAL_MSG_SSE net_type  nil  
[2022/03/23 16:29:22 682] isr        1667 isr unload!  
============================================================
Time  2022/03/23 16:30:20 269 
============================================================
[2022/03/23 16:30:20 269] isr        1659 isr loaded!  
[2022/03/23 16:30:20 270] isr        1642 SYS_MSG_REGCB param0 =   msp_status_cb  param1 =   func(94131c40) 
[2022/03/23 16:30:20 270] isr        1537 ASR_MSG_SSB  
[2022/03/23 16:30:20 270] isr        1066 session_begin() [in], params:   engine_type = local, 		asr_res_path = fo|/home/wheeltec/SR2.2-HR1.1.3/SR2.2-HR1.1.3/offline_mic/bin/config/msc/res/asr/common.jet, sample_rate = 16000, 		grm_build_path = /home/wheeltec/SR2.2-HR1.1.3/SR2.2-HR1.1.3/offline_mic/bin/config/msc/res/asr/GrmBuilld, local_grammar = call, 		result_type = xml, result_encoding = UTF-8,   nil  
[2022/03/23 16:30:20 270] isr        927  vad_set [in]  
[2022/03/23 16:30:20 270] isr        962  vad_enable :  true  
[2022/03/23 16:30:20 270] isr        980  vad_bos :  10000  
[2022/03/23 16:30:20 270] isr        981  vad_eos :  2000  
[2022/03/23 16:30:20 271] isr        886  enable_vad [in]  
[2022/03/23 16:30:20 271] isr        918  vad enabled!  2000  10000  
[2022/03/23 16:30:20 271] isr        921  enable_vad [out]  
[2022/03/23 16:30:20 271] isr        987  vad_set [out] | ret =  0  
[2022/03/23 16:30:20 272] isr        1182 cur_engine_type =   local  
[2022/03/23 16:30:20 272] isr        992  local_session_begin  
[2022/03/23 16:30:20 274] isr        1547 ASR_MSG_AUW,   local  
[2022/03/23 16:30:20 274] isr        1559 4000  1  
[2022/03/23 16:30:20 275] isr        1569 once_bytes:   4000  
[2022/03/23 16:30:20 276] isr        1547 ASR_MSG_AUW,   local  
[2022/03/23 16:30:20 276] isr        1559 0  4  
[2022/03/23 16:30:20 276] isr        1592 aud end, USER  
[2022/03/23 16:30:20 277] isr        1636 ASR_MSG_GRSLT,   local  
[2022/03/23 16:30:20 277] isr        1307 0  nil  2  
[2022/03/23 16:30:20 278] isr        851  [aud] speech start  
[2022/03/23 16:30:20 278] isr        798  1  msc  
[2022/03/23 16:30:20 280] isr        854  [aud] speech end  
[2022/03/23 16:30:20 280] isr        798  3  msc  
[2022/03/23 16:30:20 378] isr        1636 ASR_MSG_GRSLT,   local  
[2022/03/23 16:30:20 378] isr        1307 0  nil  2  
[2022/03/23 16:30:20 415] isr        723  local_cbmsg_handler  ,msg=  406  param1=  nil  
[2022/03/23 16:30:20 479] isr        1636 ASR_MSG_GRSLT,   local  
[2022/03/23 16:30:20 479] isr        1307 0  nil  2  
[2022/03/23 16:30:20 580] isr        1636 ASR_MSG_GRSLT,   local  
[2022/03/23 16:30:20 580] isr        1307 0  nil  2  
[2022/03/23 16:30:20 586] isr        723  local_cbmsg_handler  ,msg=  407  param1=  nil  
[2022/03/23 16:30:20 586] isr        641  process_result call:  local  nil  0  2  
[2022/03/23 16:30:20 586] isr        798  3  msc  
[2022/03/23 16:30:20 586] isr        800  already speech end  
[2022/03/23 16:30:20 587] isr        723  local_cbmsg_handler  ,msg=  408  param1=  nil  
[2022/03/23 16:30:20 587] isr        734  local session recognized end!  
[2022/03/23 16:30:20 681] isr        1636 ASR_MSG_GRSLT,   local  
[2022/03/23 16:30:20 681] isr        1307 0  nil  5  
[2022/03/23 16:30:20 781] isr        1639 ASR_MSG_SSE,   local  
[2022/03/23 16:30:20 782] isr        1356 session_end() [in]  
[2022/03/23 16:30:20 782] isr        1377 local_session_end() [in]  
[2022/03/23 16:30:20 783] isr        1416 ASR_LOCAL_MSG_SSE net_type  nil  
[2022/03/23 16:30:20 784] isr        1667 isr unload!  
============================================================
Time  2022/03/23 16:30:21 347 
============================================================
[2022/03/23 16:30:21 347] isr        1659 isr loaded!  
[2022/03/23 16:30:21 347] isr        1642 SYS_MSG_REGCB param0 =   msp_status_cb  param1 =   func(9802ed00) 
[2022/03/23 16:30:21 347] isr        1537 ASR_MSG_SSB  
[2022/03/23 16:30:21 347] isr        1066 session_begin() [in], params:   engine_type = local, 		asr_res_path = fo|/home/wheeltec/SR2.2-HR1.1.3/SR2.2-HR1.1.3/offline_mic/bin/config/msc/res/asr/common.jet, sample_rate = 16000, 		grm_build_path = /home/wheeltec/SR2.2-HR1.1.3/SR2.2-HR1.1.3/offline_mic/bin/config/msc/res/asr/GrmBuilld, local_grammar = call, 		result_type = xml, result_encoding = UTF-8,   nil  
[2022/03/23 16:30:21 348] isr        927  vad_set [in]  
[2022/03/23 16:30:21 348] isr        962  vad_enable :  true  
[2022/03/23 16:30:21 348] isr        980  vad_bos :  10000  
[2022/03/23 16:30:21 348] isr        981  vad_eos :  2000  
[2022/03/23 16:30:21 348] isr        886  enable_vad [in]  
[2022/03/23 16:30:21 348] isr        918  vad enabled!  2000  10000  
[2022/03/23 16:30:21 349] isr        921  enable_vad [out]  
[2022/03/23 16:30:21 349] isr        987  vad_set [out] | ret =  0  
[2022/03/23 16:30:21 349] isr        1182 cur_engine_type =   local  
[2022/03/23 16:30:21 349] isr        992  local_session_begin  
[2022/03/23 16:30:21 351] isr        1547 ASR_MSG_AUW,   local  
[2022/03/23 16:30:21 352] isr        1559 4000  1  
[2022/03/23 16:30:21 352] isr        1569 once_bytes:   4000  
[2022/03/23 16:30:21 353] isr        1547 ASR_MSG_AUW,   local  
[2022/03/23 16:30:21 353] isr        1559 0  4  
[2022/03/23 16:30:21 354] isr        1592 aud end, USER  
[2022/03/23 16:30:21 356] isr        851  [aud] speech start  
[2022/03/23 16:30:21 356] isr        798  1  msc  
[2022/03/23 16:30:21 358] isr        854  [aud] speech end  
[2022/03/23 16:30:21 358] isr        798  3  msc  
[2022/03/23 16:30:21 359] isr        1636 ASR_MSG_GRSLT,   local  
[2022/03/23 16:30:21 359] isr        1307 0  nil  2  
[2022/03/23 16:30:21 460] isr        1636 ASR_MSG_GRSLT,   local  
[2022/03/23 16:30:21 460] isr        1307 0  nil  2  
[2022/03/23 16:30:21 489] isr        723  local_cbmsg_handler  ,msg=  406  param1=  nil  
[2022/03/23 16:30:21 561] isr        1636 ASR_MSG_GRSLT,   local  
[2022/03/23 16:30:21 561] isr        1307 0  nil  2  
[2022/03/23 16:30:21 655] isr        723  local_cbmsg_handler  ,msg=  407  param1=  nil  
[2022/03/23 16:30:21 655] isr        641  process_result call:  local  nil  0  2  
[2022/03/23 16:30:21 655] isr        798  3  msc  
[2022/03/23 16:30:21 655] isr        800  already speech end  
[2022/03/23 16:30:21 656] isr        723  local_cbmsg_handler  ,msg=  408  param1=  nil  
[2022/03/23 16:30:21 656] isr        734  local session recognized end!  
[2022/03/23 16:30:21 661] isr        1636 ASR_MSG_GRSLT,   local  
[2022/03/23 16:30:21 661] isr        1307 0  nil  5  
[2022/03/23 16:30:21 762] isr        1639 ASR_MSG_SSE,   local  
[2022/03/23 16:30:21 762] isr        1356 session_end() [in]  
[2022/03/23 16:30:21 762] isr        1377 local_session_end() [in]  
[2022/03/23 16:30:21 764] isr        1416 ASR_LOCAL_MSG_SSE net_type  nil  
[2022/03/23 16:30:21 765] isr        1667 isr unload!  
============================================================
Time  2022/03/23 16:30:22 391 
============================================================
[2022/03/23 16:30:22 391] isr        1659 isr loaded!  
[2022/03/23 16:30:22 391] isr        1642 SYS_MSG_REGCB param0 =   msp_status_cb  param1 =   func(8c031be0) 
[2022/03/23 16:30:22 391] isr        1537 ASR_MSG_SSB  
[2022/03/23 16:30:22 391] isr        1066 session_begin() [in], params:   engine_type = local, 		asr_res_path = fo|/home/wheeltec/SR2.2-HR1.1.3/SR2.2-HR1.1.3/offline_mic/bin/config/msc/res/asr/common.jet, sample_rate = 16000, 		grm_build_path = /home/wheeltec/SR2.2-HR1.1.3/SR2.2-HR1.1.3/offline_mic/bin/config/msc/res/asr/GrmBuilld, local_grammar = call, 		result_type = xml, result_encoding = UTF-8,   nil  
[2022/03/23 16:30:22 392] isr        927  vad_set [in]  
[2022/03/23 16:30:22 392] isr        962  vad_enable :  true  
[2022/03/23 16:30:22 392] isr        980  vad_bos :  10000  
[2022/03/23 16:30:22 392] isr        981  vad_eos :  2000  
[2022/03/23 16:30:22 392] isr        886  enable_vad [in]  
[2022/03/23 16:30:22 393] isr        918  vad enabled!  2000  10000  
[2022/03/23 16:30:22 393] isr        921  enable_vad [out]  
[2022/03/23 16:30:22 393] isr        987  vad_set [out] | ret =  0  
[2022/03/23 16:30:22 393] isr        1182 cur_engine_type =   local  
[2022/03/23 16:30:22 393] isr        992  local_session_begin  
[2022/03/23 16:30:22 395] isr        1547 ASR_MSG_AUW,   local  
[2022/03/23 16:30:22 396] isr        1559 4000  1  
[2022/03/23 16:30:22 396] isr        1569 once_bytes:   4000  
[2022/03/23 16:30:22 397] isr        1547 ASR_MSG_AUW,   local  
[2022/03/23 16:30:22 397] isr        1559 0  4  
[2022/03/23 16:30:22 397] isr        1592 aud end, USER  
[2022/03/23 16:30:22 397] isr        1636 ASR_MSG_GRSLT,   local  
[2022/03/23 16:30:22 397] isr        1307 0  nil  2  
[2022/03/23 16:30:22 399] isr        851  [aud] speech start  
[2022/03/23 16:30:22 399] isr        798  1  msc  
[2022/03/23 16:30:22 401] isr        854  [aud] speech end  
[2022/03/23 16:30:22 401] isr        798  3  msc  
[2022/03/23 16:30:22 498] isr        1636 ASR_MSG_GRSLT,   local  
[2022/03/23 16:30:22 498] isr        1307 0  nil  2  
[2022/03/23 16:30:22 530] isr        723  local_cbmsg_handler  ,msg=  406  param1=  nil  
[2022/03/23 16:30:22 599] isr        1636 ASR_MSG_GRSLT,   local  
[2022/03/23 16:30:22 599] isr        1307 0  nil  2  
[2022/03/23 16:30:22 700] isr        723  local_cbmsg_handler  ,msg=  407  param1=  nil  
[2022/03/23 16:30:22 701] isr        641  process_result call:  local  nil  0  2  
[2022/03/23 16:30:22 701] isr        798  3  msc  
[2022/03/23 16:30:22 701] isr        800  already speech end  
[2022/03/23 16:30:22 701] isr        723  local_cbmsg_handler  ,msg=  408  param1=  nil  
[2022/03/23 16:30:22 701] isr        734  local session recognized end!  
[2022/03/23 16:30:22 701] isr        1636 ASR_MSG_GRSLT,   local  
[2022/03/23 16:30:22 701] isr        1307 0  nil  5  
[2022/03/23 16:30:22 802] isr        1639 ASR_MSG_SSE,   local  
[2022/03/23 16:30:22 802] isr        1356 session_end() [in]  
[2022/03/23 16:30:22 802] isr        1377 local_session_end() [in]  
[2022/03/23 16:30:22 804] isr        1416 ASR_LOCAL_MSG_SSE net_type  nil  
[2022/03/23 16:30:22 805] isr        1667 isr unload!  
============================================================
Time  2022/03/23 16:30:23 431 
============================================================
[2022/03/23 16:30:23 431] isr        1659 isr loaded!  
[2022/03/23 16:30:23 431] isr        1642 SYS_MSG_REGCB param0 =   msp_status_cb  param1 =   func(90027f10) 
[2022/03/23 16:30:23 432] isr        1537 ASR_MSG_SSB  
[2022/03/23 16:30:23 432] isr        1066 session_begin() [in], params:   engine_type = local, 		asr_res_path = fo|/home/wheeltec/SR2.2-HR1.1.3/SR2.2-HR1.1.3/offline_mic/bin/config/msc/res/asr/common.jet, sample_rate = 16000, 		grm_build_path = /home/wheeltec/SR2.2-HR1.1.3/SR2.2-HR1.1.3/offline_mic/bin/config/msc/res/asr/GrmBuilld, local_grammar = call, 		result_type = xml, result_encoding = UTF-8,   nil  
[2022/03/23 16:30:23 432] isr        927  vad_set [in]  
[2022/03/23 16:30:23 432] isr        962  vad_enable :  true  
[2022/03/23 16:30:23 432] isr        980  vad_bos :  10000  
[2022/03/23 16:30:23 432] isr        981  vad_eos :  2000  
[2022/03/23 16:30:23 432] isr        886  enable_vad [in]  
[2022/03/23 16:30:23 433] isr        918  vad enabled!  2000  10000  
[2022/03/23 16:30:23 433] isr        921  enable_vad [out]  
[2022/03/23 16:30:23 433] isr        987  vad_set [out] | ret =  0  
[2022/03/23 16:30:23 433] isr        1182 cur_engine_type =   local  
[2022/03/23 16:30:23 433] isr        992  local_session_begin  
[2022/03/23 16:30:23 436] isr        1547 ASR_MSG_AUW,   local  
[2022/03/23 16:30:23 436] isr        1559 4000  1  
[2022/03/23 16:30:23 437] isr        1569 once_bytes:   4000  
[2022/03/23 16:30:23 437] isr        1547 ASR_MSG_AUW,   local  
[2022/03/23 16:30:23 438] isr        1559 0  4  
[2022/03/23 16:30:23 438] isr        1592 aud end, USER  
[2022/03/23 16:30:23 455] isr        1636 ASR_MSG_GRSLT,   local  
[2022/03/23 16:30:23 455] isr        1307 0  nil  2  
[2022/03/23 16:30:23 456] isr        851  [aud] speech start  
[2022/03/23 16:30:23 456] isr        798  1  msc  
[2022/03/23 16:30:23 457] isr        854  [aud] speech end  
[2022/03/23 16:30:23 457] isr        798  3  msc  
[2022/03/23 16:30:23 556] isr        1636 ASR_MSG_GRSLT,   local  
[2022/03/23 16:30:23 556] isr        1307 0  nil  2  
[2022/03/23 16:30:23 570] isr        723  local_cbmsg_handler  ,msg=  406  param1=  nil  
[2022/03/23 16:30:23 657] isr        1636 ASR_MSG_GRSLT,   local  
[2022/03/23 16:30:23 657] isr        1307 0  nil  2  
[2022/03/23 16:30:23 735] isr        723  local_cbmsg_handler  ,msg=  407  param1=  nil  
[2022/03/23 16:30:23 735] isr        641  process_result call:  local  nil  0  2  
[2022/03/23 16:30:23 735] isr        798  3  msc  
[2022/03/23 16:30:23 735] isr        800  already speech end  
[2022/03/23 16:30:23 736] isr        723  local_cbmsg_handler  ,msg=  408  param1=  nil  
[2022/03/23 16:30:23 736] isr        734  local session recognized end!  
[2022/03/23 16:30:23 757] isr        1636 ASR_MSG_GRSLT,   local  
[2022/03/23 16:30:23 758] isr        1307 0  nil  5  
[2022/03/23 16:30:23 858] isr        1639 ASR_MSG_SSE,   local  
[2022/03/23 16:30:23 858] isr        1356 session_end() [in]  
[2022/03/23 16:30:23 858] isr        1377 local_session_end() [in]  
[2022/03/23 16:30:23 860] isr        1416 ASR_LOCAL_MSG_SSE net_type  nil  
[2022/03/23 16:30:23 861] isr        1667 isr unload!  
============================================================
Time  2022/03/23 16:49:13 366 
============================================================
[2022/03/23 16:49:13 366] isr        1659 isr loaded!  
[2022/03/23 16:49:13 366] isr        1642 SYS_MSG_REGCB param0 =   msp_status_cb  param1 =   func(74131c50) 
[2022/03/23 16:49:13 367] isr        1537 ASR_MSG_SSB  
[2022/03/23 16:49:13 367] isr        1066 session_begin() [in], params:   engine_type = local, 		asr_res_path = fo|/home/wheeltec/SR2.2-HR1.1.3/SR2.2-HR1.1.3/offline_mic/bin/config/msc/res/asr/common.jet, sample_rate = 16000, 		grm_build_path = /home/wheeltec/SR2.2-HR1.1.3/SR2.2-HR1.1.3/offline_mic/bin/config/msc/res/asr/GrmBuilld, local_grammar = call, 		result_type = xml, result_encoding = UTF-8,   nil  
[2022/03/23 16:49:13 367] isr        927  vad_set [in]  
[2022/03/23 16:49:13 367] isr        962  vad_enable :  true  
[2022/03/23 16:49:13 367] isr        980  vad_bos :  10000  
[2022/03/23 16:49:13 367] isr        981  vad_eos :  2000  
[2022/03/23 16:49:13 367] isr        886  enable_vad [in]  
[2022/03/23 16:49:13 368] isr        918  vad enabled!  2000  10000  
[2022/03/23 16:49:13 368] isr        921  enable_vad [out]  
[2022/03/23 16:49:13 368] isr        987  vad_set [out] | ret =  0  
[2022/03/23 16:49:13 368] isr        1182 cur_engine_type =   local  
[2022/03/23 16:49:13 368] isr        992  local_session_begin  
[2022/03/23 16:49:13 371] isr        1547 ASR_MSG_AUW,   local  
[2022/03/23 16:49:13 371] isr        1559 6400  1  
[2022/03/23 16:49:13 371] isr        1569 once_bytes:   6400  
[2022/03/23 16:49:13 373] isr        1547 ASR_MSG_AUW,   local  
[2022/03/23 16:49:13 373] isr        1559 6400  2  
[2022/03/23 16:49:13 374] isr        1547 ASR_MSG_AUW,   local  
[2022/03/23 16:49:13 374] isr        1559 6400  2  
[2022/03/23 16:49:13 375] isr        1547 ASR_MSG_AUW,   local  
[2022/03/23 16:49:13 375] isr        1559 6400  2  
[2022/03/23 16:49:13 376] isr        1547 ASR_MSG_AUW,   local  
[2022/03/23 16:49:13 377] isr        1559 6400  2  
[2022/03/23 16:49:13 379] isr        1547 ASR_MSG_AUW,   local  
[2022/03/23 16:49:13 379] isr        1559 6400  2  
[2022/03/23 16:49:13 383] isr        851  [aud] speech start  
[2022/03/23 16:49:13 384] isr        798  1  msc  
[2022/03/23 16:49:13 385] isr        1547 ASR_MSG_AUW,   local  
[2022/03/23 16:49:13 385] isr        1559 6400  2  
[2022/03/23 16:49:13 386] isr        1547 ASR_MSG_AUW,   local  
[2022/03/23 16:49:13 386] isr        1559 6400  2  
[2022/03/23 16:49:13 387] isr        1547 ASR_MSG_AUW,   local  
[2022/03/23 16:49:13 387] isr        1559 6400  2  
[2022/03/23 16:49:13 388] isr        1547 ASR_MSG_AUW,   local  
[2022/03/23 16:49:13 388] isr        1559 6400  2  
[2022/03/23 16:49:13 388] isr        1547 ASR_MSG_AUW,   local  
[2022/03/23 16:49:13 388] isr        1559 6400  2  
[2022/03/23 16:49:13 391] isr        1547 ASR_MSG_AUW,   local  
[2022/03/23 16:49:13 391] isr        1559 6400  2  
[2022/03/23 16:49:13 392] isr        1547 ASR_MSG_AUW,   local  
[2022/03/23 16:49:13 392] isr        1559 6400  2  
[2022/03/23 16:49:13 393] isr        1547 ASR_MSG_AUW,   local  
[2022/03/23 16:49:13 393] isr        1559 6400  2  
[2022/03/23 16:49:13 394] isr        1547 ASR_MSG_AUW,   local  
[2022/03/23 16:49:13 394] isr        1559 6400  2  
[2022/03/23 16:49:13 396] isr        1547 ASR_MSG_AUW,   local  
[2022/03/23 16:49:13 396] isr        1559 6400  2  
[2022/03/23 16:49:13 397] isr        1547 ASR_MSG_AUW,   local  
[2022/03/23 16:49:13 397] isr        1559 6400  2  
[2022/03/23 16:49:13 398] isr        1547 ASR_MSG_AUW,   local  
[2022/03/23 16:49:13 398] isr        1559 6400  2  
[2022/03/23 16:49:13 398] isr        1547 ASR_MSG_AUW,   local  
[2022/03/23 16:49:13 399] isr        1559 6400  2  
[2022/03/23 16:49:13 400] isr        1547 ASR_MSG_AUW,   local  
[2022/03/23 16:49:13 400] isr        1559 6400  2  
[2022/03/23 16:49:13 401] isr        1547 ASR_MSG_AUW,   local  
[2022/03/23 16:49:13 401] isr        1559 0  4  
[2022/03/23 16:49:13 401] isr        1592 aud end, USER  
[2022/03/23 16:49:13 404] isr        1636 ASR_MSG_GRSLT,   local  
[2022/03/23 16:49:13 404] isr        1307 0  nil  2  
[2022/03/23 16:49:13 428] isr        854  [aud] speech end  
[2022/03/23 16:49:13 428] isr        798  3  msc  
[2022/03/23 16:49:13 505] isr        1636 ASR_MSG_GRSLT,   local  
[2022/03/23 16:49:13 505] isr        1307 0  nil  2  
[2022/03/23 16:49:13 531] isr        723  local_cbmsg_handler  ,msg=  406  param1=  nil  
[2022/03/23 16:49:13 606] isr        1636 ASR_MSG_GRSLT,   local  
[2022/03/23 16:49:13 606] isr        1307 0  nil  2  
[2022/03/23 16:49:13 707] isr        1636 ASR_MSG_GRSLT,   local  
[2022/03/23 16:49:13 707] isr        1307 0  nil  2  
[2022/03/23 16:49:13 763] isr        723  local_cbmsg_handler  ,msg=  407  param1=  nil  
[2022/03/23 16:49:13 764] isr        641  process_result call:  local  nil  0  2  
[2022/03/23 16:49:13 764] isr        798  3  msc  
[2022/03/23 16:49:13 764] isr        800  already speech end  
[2022/03/23 16:49:13 764] isr        723  local_cbmsg_handler  ,msg=  408  param1=  nil  
[2022/03/23 16:49:13 764] isr        734  local session recognized end!  
[2022/03/23 16:49:13 808] isr        1636 ASR_MSG_GRSLT,   local  
[2022/03/23 16:49:13 808] isr        1307 0  nil  5  
[2022/03/23 16:49:13 908] isr        1639 ASR_MSG_SSE,   local  
[2022/03/23 16:49:13 908] isr        1356 session_end() [in]  
[2022/03/23 16:49:13 908] isr        1377 local_session_end() [in]  
[2022/03/23 16:49:13 910] isr        1416 ASR_LOCAL_MSG_SSE net_type  nil  
[2022/03/23 16:49:13 911] isr        1667 isr unload!  
============================================================
Time  2022/03/23 16:49:17 380 
============================================================
[2022/03/23 16:49:17 380] isr        1659 isr loaded!  
[2022/03/23 16:49:17 380] isr        1642 SYS_MSG_REGCB param0 =   msp_status_cb  param1 =   func(5c0232d0) 
[2022/03/23 16:49:17 380] isr        1537 ASR_MSG_SSB  
[2022/03/23 16:49:17 381] isr        1066 session_begin() [in], params:   engine_type = local, 		asr_res_path = fo|/home/wheeltec/SR2.2-HR1.1.3/SR2.2-HR1.1.3/offline_mic/bin/config/msc/res/asr/common.jet, sample_rate = 16000, 		grm_build_path = /home/wheeltec/SR2.2-HR1.1.3/SR2.2-HR1.1.3/offline_mic/bin/config/msc/res/asr/GrmBuilld, local_grammar = call, 		result_type = xml, result_encoding = UTF-8,   nil  
[2022/03/23 16:49:17 381] isr        927  vad_set [in]  
[2022/03/23 16:49:17 381] isr        962  vad_enable :  true  
[2022/03/23 16:49:17 381] isr        980  vad_bos :  10000  
[2022/03/23 16:49:17 381] isr        981  vad_eos :  2000  
[2022/03/23 16:49:17 381] isr        886  enable_vad [in]  
[2022/03/23 16:49:17 382] isr        918  vad enabled!  2000  10000  
[2022/03/23 16:49:17 382] isr        921  enable_vad [out]  
[2022/03/23 16:49:17 382] isr        987  vad_set [out] | ret =  0  
[2022/03/23 16:49:17 382] isr        1182 cur_engine_type =   local  
[2022/03/23 16:49:17 382] isr        992  local_session_begin  
[2022/03/23 16:49:17 385] isr        1547 ASR_MSG_AUW,   local  
[2022/03/23 16:49:17 385] isr        1559 6400  1  
[2022/03/23 16:49:17 385] isr        1569 once_bytes:   6400  
[2022/03/23 16:49:17 386] isr        1547 ASR_MSG_AUW,   local  
[2022/03/23 16:49:17 386] isr        1559 6400  2  
[2022/03/23 16:49:17 387] isr        1547 ASR_MSG_AUW,   local  
[2022/03/23 16:49:17 387] isr        1559 6400  2  
[2022/03/23 16:49:17 389] isr        1547 ASR_MSG_AUW,   local  
[2022/03/23 16:49:17 389] isr        1559 6400  2  
[2022/03/23 16:49:17 390] isr        1547 ASR_MSG_AUW,   local  
[2022/03/23 16:49:17 390] isr        1559 6400  2  
[2022/03/23 16:49:17 394] isr        1547 ASR_MSG_AUW,   local  
[2022/03/23 16:49:17 394] isr        1559 6400  2  
[2022/03/23 16:49:17 395] isr        851  [aud] speech start  
[2022/03/23 16:49:17 395] isr        798  1  msc  
[2022/03/23 16:49:17 397] isr        1547 ASR_MSG_AUW,   local  
[2022/03/23 16:49:17 397] isr        1559 6400  2  
[2022/03/23 16:49:17 397] isr        1547 ASR_MSG_AUW,   local  
[2022/03/23 16:49:17 397] isr        1559 6400  2  
[2022/03/23 16:49:17 398] isr        1547 ASR_MSG_AUW,   local  
[2022/03/23 16:49:17 398] isr        1559 6400  2  
[2022/03/23 16:49:17 398] isr        1547 ASR_MSG_AUW,   local  
[2022/03/23 16:49:17 398] isr        1559 6400  2  
[2022/03/23 16:49:17 399] isr        1547 ASR_MSG_AUW,   local  
[2022/03/23 16:49:17 399] isr        1559 6400  2  
[2022/03/23 16:49:17 402] isr        1547 ASR_MSG_AUW,   local  
[2022/03/23 16:49:17 402] isr        1559 6400  2  
[2022/03/23 16:49:17 403] isr        1547 ASR_MSG_AUW,   local  
[2022/03/23 16:49:17 403] isr        1559 6400  2  
[2022/03/23 16:49:17 404] isr        1547 ASR_MSG_AUW,   local  
[2022/03/23 16:49:17 404] isr        1559 6400  2  
[2022/03/23 16:49:17 406] isr        1547 ASR_MSG_AUW,   local  
[2022/03/23 16:49:17 406] isr        1559 6400  2  
[2022/03/23 16:49:17 407] isr        1547 ASR_MSG_AUW,   local  
[2022/03/23 16:49:17 407] isr        1559 0  4  
[2022/03/23 16:49:17 407] isr        1592 aud end, USER  
[2022/03/23 16:49:17 411] isr        1636 ASR_MSG_GRSLT,   local  
[2022/03/23 16:49:17 411] isr        1307 0  nil  2  
[2022/03/23 16:49:17 425] isr        854  [aud] speech end  
[2022/03/23 16:49:17 425] isr        798  3  msc  
[2022/03/23 16:49:17 511] isr        1636 ASR_MSG_GRSLT,   local  
[2022/03/23 16:49:17 511] isr        1307 0  nil  2  
[2022/03/23 16:49:17 536] isr        723  local_cbmsg_handler  ,msg=  406  param1=  nil  
[2022/03/23 16:49:17 612] isr        1636 ASR_MSG_GRSLT,   local  
[2022/03/23 16:49:17 612] isr        1307 0  nil  2  
[2022/03/23 16:49:17 713] isr        1636 ASR_MSG_GRSLT,   local  
[2022/03/23 16:49:17 713] isr        1307 0  nil  2  
[2022/03/23 16:49:17 750] isr        723  local_cbmsg_handler  ,msg=  407  param1=  nil  
[2022/03/23 16:49:17 750] isr        641  process_result call:  local  nil  0  2  
[2022/03/23 16:49:17 750] isr        798  3  msc  
[2022/03/23 16:49:17 750] isr        800  already speech end  
[2022/03/23 16:49:17 750] isr        723  local_cbmsg_handler  ,msg=  408  param1=  nil  
[2022/03/23 16:49:17 750] isr        734  local session recognized end!  
[2022/03/23 16:49:17 814] isr        1636 ASR_MSG_GRSLT,   local  
[2022/03/23 16:49:17 814] isr        1307 0  nil  5  
[2022/03/23 16:49:17 914] isr        1639 ASR_MSG_SSE,   local  
[2022/03/23 16:49:17 915] isr        1356 session_end() [in]  
[2022/03/23 16:49:17 915] isr        1377 local_session_end() [in]  
[2022/03/23 16:49:17 916] isr        1416 ASR_LOCAL_MSG_SSE net_type  nil  
[2022/03/23 16:49:17 917] isr        1667 isr unload!  
============================================================
Time  2022/03/23 16:49:21 375 
============================================================
[2022/03/23 16:49:21 375] isr        1659 isr loaded!  
[2022/03/23 16:49:21 375] isr        1642 SYS_MSG_REGCB param0 =   msp_status_cb  param1 =   func(7802ed20) 
[2022/03/23 16:49:21 376] isr        1537 ASR_MSG_SSB  
[2022/03/23 16:49:21 376] isr        1066 session_begin() [in], params:   engine_type = local, 		asr_res_path = fo|/home/wheeltec/SR2.2-HR1.1.3/SR2.2-HR1.1.3/offline_mic/bin/config/msc/res/asr/common.jet, sample_rate = 16000, 		grm_build_path = /home/wheeltec/SR2.2-HR1.1.3/SR2.2-HR1.1.3/offline_mic/bin/config/msc/res/asr/GrmBuilld, local_grammar = call, 		result_type = xml, result_encoding = UTF-8,   nil  
[2022/03/23 16:49:21 376] isr        927  vad_set [in]  
[2022/03/23 16:49:21 376] isr        962  vad_enable :  true  
[2022/03/23 16:49:21 376] isr        980  vad_bos :  10000  
[2022/03/23 16:49:21 376] isr        981  vad_eos :  2000  
[2022/03/23 16:49:21 376] isr        886  enable_vad [in]  
[2022/03/23 16:49:21 377] isr        918  vad enabled!  2000  10000  
[2022/03/23 16:49:21 377] isr        921  enable_vad [out]  
[2022/03/23 16:49:21 377] isr        987  vad_set [out] | ret =  0  
[2022/03/23 16:49:21 377] isr        1182 cur_engine_type =   local  
[2022/03/23 16:49:21 377] isr        992  local_session_begin  
[2022/03/23 16:49:21 380] isr        1547 ASR_MSG_AUW,   local  
[2022/03/23 16:49:21 380] isr        1559 6400  1  
[2022/03/23 16:49:21 380] isr        1569 once_bytes:   6400  
[2022/03/23 16:49:21 381] isr        1547 ASR_MSG_AUW,   local  
[2022/03/23 16:49:21 382] isr        1559 6400  2  
[2022/03/23 16:49:21 383] isr        1547 ASR_MSG_AUW,   local  
[2022/03/23 16:49:21 383] isr        1559 6400  2  
[2022/03/23 16:49:21 384] isr        1547 ASR_MSG_AUW,   local  
[2022/03/23 16:49:21 384] isr        1559 6400  2  
[2022/03/23 16:49:21 385] isr        1547 ASR_MSG_AUW,   local  
[2022/03/23 16:49:21 385] isr        1559 6400  2  
[2022/03/23 16:49:21 387] isr        1547 ASR_MSG_AUW,   local  
[2022/03/23 16:49:21 388] isr        1559 6400  2  
[2022/03/23 16:49:21 391] isr        1547 ASR_MSG_AUW,   local  
[2022/03/23 16:49:21 391] isr        1559 6400  2  
[2022/03/23 16:49:21 391] isr        851  [aud] speech start  
[2022/03/23 16:49:21 391] isr        798  1  msc  
[2022/03/23 16:49:21 392] isr        1547 ASR_MSG_AUW,   local  
[2022/03/23 16:49:21 392] isr        1559 6400  2  
[2022/03/23 16:49:21 393] isr        1547 ASR_MSG_AUW,   local  
[2022/03/23 16:49:21 393] isr        1559 6400  2  
[2022/03/23 16:49:21 394] isr        1547 ASR_MSG_AUW,   local  
[2022/03/23 16:49:21 394] isr        1559 6400  2  
[2022/03/23 16:49:21 394] isr        1547 ASR_MSG_AUW,   local  
[2022/03/23 16:49:21 395] isr        1559 6400  2  
[2022/03/23 16:49:21 396] isr        1547 ASR_MSG_AUW,   local  
[2022/03/23 16:49:21 396] isr        1559 6400  2  
[2022/03/23 16:49:21 396] isr        1547 ASR_MSG_AUW,   local  
[2022/03/23 16:49:21 396] isr        1559 6400  2  
[2022/03/23 16:49:21 399] isr        1547 ASR_MSG_AUW,   local  
[2022/03/23 16:49:21 399] isr        1559 6400  2  
[2022/03/23 16:49:21 400] isr        1547 ASR_MSG_AUW,   local  
[2022/03/23 16:49:21 400] isr        1559 6400  2  
[2022/03/23 16:49:21 401] isr        1547 ASR_MSG_AUW,   local  
[2022/03/23 16:49:21 401] isr        1559 0  4  
[2022/03/23 16:49:21 401] isr        1592 aud end, USER  
[2022/03/23 16:49:21 407] isr        1636 ASR_MSG_GRSLT,   local  
[2022/03/23 16:49:21 407] isr        1307 0  nil  2  
[2022/03/23 16:49:21 423] isr        854  [aud] speech end  
[2022/03/23 16:49:21 423] isr        798  3  msc  
[2022/03/23 16:49:21 508] isr        1636 ASR_MSG_GRSLT,   local  
[2022/03/23 16:49:21 508] isr        1307 0  nil  2  
[2022/03/23 16:49:21 532] isr        723  local_cbmsg_handler  ,msg=  406  param1=  nil  
[2022/03/23 16:49:21 609] isr        1636 ASR_MSG_GRSLT,   local  
[2022/03/23 16:49:21 609] isr        1307 0  nil  2  
[2022/03/23 16:49:21 709] isr        1636 ASR_MSG_GRSLT,   local  
[2022/03/23 16:49:21 710] isr        1307 0  nil  2  
[2022/03/23 16:49:21 745] isr        723  local_cbmsg_handler  ,msg=  407  param1=  nil  
[2022/03/23 16:49:21 745] isr        641  process_result call:  local  nil  0  2  
[2022/03/23 16:49:21 745] isr        798  3  msc  
[2022/03/23 16:49:21 745] isr        800  already speech end  
[2022/03/23 16:49:21 745] isr        723  local_cbmsg_handler  ,msg=  408  param1=  nil  
[2022/03/23 16:49:21 746] isr        734  local session recognized end!  
[2022/03/23 16:49:21 810] isr        1636 ASR_MSG_GRSLT,   local  
[2022/03/23 16:49:21 810] isr        1307 0  nil  5  
[2022/03/23 16:49:21 911] isr        1639 ASR_MSG_SSE,   local  
[2022/03/23 16:49:21 911] isr        1356 session_end() [in]  
[2022/03/23 16:49:21 911] isr        1377 local_session_end() [in]  
[2022/03/23 16:49:21 913] isr        1416 ASR_LOCAL_MSG_SSE net_type  nil  
[2022/03/23 16:49:21 913] isr        1667 isr unload!  
============================================================
Time  2022/03/23 16:49:25 375 
============================================================
[2022/03/23 16:49:25 375] isr        1659 isr loaded!  
[2022/03/23 16:49:25 375] isr        1642 SYS_MSG_REGCB param0 =   msp_status_cb  param1 =   func(5c02f8f0) 
[2022/03/23 16:49:25 376] isr        1537 ASR_MSG_SSB  
[2022/03/23 16:49:25 376] isr        1066 session_begin() [in], params:   engine_type = local, 		asr_res_path = fo|/home/wheeltec/SR2.2-HR1.1.3/SR2.2-HR1.1.3/offline_mic/bin/config/msc/res/asr/common.jet, sample_rate = 16000, 		grm_build_path = /home/wheeltec/SR2.2-HR1.1.3/SR2.2-HR1.1.3/offline_mic/bin/config/msc/res/asr/GrmBuilld, local_grammar = call, 		result_type = xml, result_encoding = UTF-8,   nil  
[2022/03/23 16:49:25 376] isr        927  vad_set [in]  
[2022/03/23 16:49:25 376] isr        962  vad_enable :  true  
[2022/03/23 16:49:25 376] isr        980  vad_bos :  10000  
[2022/03/23 16:49:25 376] isr        981  vad_eos :  2000  
[2022/03/23 16:49:25 376] isr        886  enable_vad [in]  
[2022/03/23 16:49:25 377] isr        918  vad enabled!  2000  10000  
[2022/03/23 16:49:25 377] isr        921  enable_vad [out]  
[2022/03/23 16:49:25 377] isr        987  vad_set [out] | ret =  0  
[2022/03/23 16:49:25 377] isr        1182 cur_engine_type =   local  
[2022/03/23 16:49:25 377] isr        992  local_session_begin  
[2022/03/23 16:49:25 380] isr        1547 ASR_MSG_AUW,   local  
[2022/03/23 16:49:25 380] isr        1559 6400  1  
[2022/03/23 16:49:25 380] isr        1569 once_bytes:   6400  
[2022/03/23 16:49:25 381] isr        1547 ASR_MSG_AUW,   local  
[2022/03/23 16:49:25 381] isr        1559 6400  2  
[2022/03/23 16:49:25 382] isr        1547 ASR_MSG_AUW,   local  
[2022/03/23 16:49:25 383] isr        1559 6400  2  
[2022/03/23 16:49:25 384] isr        1547 ASR_MSG_AUW,   local  
[2022/03/23 16:49:25 384] isr        1559 6400  2  
[2022/03/23 16:49:25 385] isr        1547 ASR_MSG_AUW,   local  
[2022/03/23 16:49:25 386] isr        1559 6400  2  
[2022/03/23 16:49:25 387] isr        1547 ASR_MSG_AUW,   local  
[2022/03/23 16:49:25 387] isr        1559 6400  2  
[2022/03/23 16:49:25 390] isr        1547 ASR_MSG_AUW,   local  
[2022/03/23 16:49:25 390] isr        1559 6400  2  
[2022/03/23 16:49:25 391] isr        851  [aud] speech start  
[2022/03/23 16:49:25 391] isr        798  1  msc  
[2022/03/23 16:49:25 392] isr        1547 ASR_MSG_AUW,   local  
[2022/03/23 16:49:25 392] isr        1559 6400  2  
[2022/03/23 16:49:25 393] isr        1547 ASR_MSG_AUW,   local  
[2022/03/23 16:49:25 393] isr        1559 6400  2  
[2022/03/23 16:49:25 394] isr        1547 ASR_MSG_AUW,   local  
[2022/03/23 16:49:25 394] isr        1559 6400  2  
[2022/03/23 16:49:25 395] isr        1547 ASR_MSG_AUW,   local  
[2022/03/23 16:49:25 395] isr        1559 6400  2  
[2022/03/23 16:49:25 396] isr        1547 ASR_MSG_AUW,   local  
[2022/03/23 16:49:25 396] isr        1559 6400  2  
[2022/03/23 16:49:25 399] isr        1547 ASR_MSG_AUW,   local  
[2022/03/23 16:49:25 399] isr        1559 6400  2  
[2022/03/23 16:49:25 400] isr        1547 ASR_MSG_AUW,   local  
[2022/03/23 16:49:25 400] isr        1559 6400  2  
[2022/03/23 16:49:25 401] isr        1547 ASR_MSG_AUW,   local  
[2022/03/23 16:49:25 401] isr        1559 6400  2  
[2022/03/23 16:49:25 402] isr        1547 ASR_MSG_AUW,   local  
[2022/03/23 16:49:25 402] isr        1559 0  4  
[2022/03/23 16:49:25 402] isr        1592 aud end, USER  
[2022/03/23 16:49:25 407] isr        1636 ASR_MSG_GRSLT,   local  
[2022/03/23 16:49:25 407] isr        1307 0  nil  2  
[2022/03/23 16:49:25 421] isr        854  [aud] speech end  
[2022/03/23 16:49:25 421] isr        798  3  msc  
[2022/03/23 16:49:25 507] isr        1636 ASR_MSG_GRSLT,   local  
[2022/03/23 16:49:25 508] isr        1307 0  nil  2  
[2022/03/23 16:49:25 530] isr        723  local_cbmsg_handler  ,msg=  406  param1=  nil  
[2022/03/23 16:49:25 608] isr        1636 ASR_MSG_GRSLT,   local  
[2022/03/23 16:49:25 608] isr        1307 0  nil  2  
[2022/03/23 16:49:25 709] isr        1636 ASR_MSG_GRSLT,   local  
[2022/03/23 16:49:25 709] isr        1307 0  nil  2  
[2022/03/23 16:49:25 747] isr        723  local_cbmsg_handler  ,msg=  407  param1=  nil  
[2022/03/23 16:49:25 747] isr        641  process_result call:  local  nil  0  2  
[2022/03/23 16:49:25 747] isr        798  3  msc  
[2022/03/23 16:49:25 747] isr        800  already speech end  
[2022/03/23 16:49:25 748] isr        723  local_cbmsg_handler  ,msg=  408  param1=  nil  
[2022/03/23 16:49:25 748] isr        734  local session recognized end!  
[2022/03/23 16:49:25 810] isr        1636 ASR_MSG_GRSLT,   local  
[2022/03/23 16:49:25 810] isr        1307 0  nil  5  
[2022/03/23 16:49:25 911] isr        1639 ASR_MSG_SSE,   local  
[2022/03/23 16:49:25 911] isr        1356 session_end() [in]  
[2022/03/23 16:49:25 911] isr        1377 local_session_end() [in]  
[2022/03/23 16:49:25 912] isr        1416 ASR_LOCAL_MSG_SSE net_type  nil  
[2022/03/23 16:49:25 913] isr        1667 isr unload!  
============================================================
Time  2022/03/23 16:49:29 378 
============================================================
[2022/03/23 16:49:29 378] isr        1659 isr loaded!  
[2022/03/23 16:49:29 378] isr        1642 SYS_MSG_REGCB param0 =   msp_status_cb  param1 =   func(8002b160) 
[2022/03/23 16:49:29 378] isr        1537 ASR_MSG_SSB  
[2022/03/23 16:49:29 378] isr        1066 session_begin() [in], params:   engine_type = local, 		asr_res_path = fo|/home/wheeltec/SR2.2-HR1.1.3/SR2.2-HR1.1.3/offline_mic/bin/config/msc/res/asr/common.jet, sample_rate = 16000, 		grm_build_path = /home/wheeltec/SR2.2-HR1.1.3/SR2.2-HR1.1.3/offline_mic/bin/config/msc/res/asr/GrmBuilld, local_grammar = call, 		result_type = xml, result_encoding = UTF-8,   nil  
[2022/03/23 16:49:29 378] isr        927  vad_set [in]  
[2022/03/23 16:49:29 378] isr        962  vad_enable :  true  
[2022/03/23 16:49:29 378] isr        980  vad_bos :  10000  
[2022/03/23 16:49:29 379] isr        981  vad_eos :  2000  
[2022/03/23 16:49:29 379] isr        886  enable_vad [in]  
[2022/03/23 16:49:29 379] isr        918  vad enabled!  2000  10000  
[2022/03/23 16:49:29 379] isr        921  enable_vad [out]  
[2022/03/23 16:49:29 379] isr        987  vad_set [out] | ret =  0  
[2022/03/23 16:49:29 380] isr        1182 cur_engine_type =   local  
[2022/03/23 16:49:29 380] isr        992  local_session_begin  
[2022/03/23 16:49:29 382] isr        1547 ASR_MSG_AUW,   local  
[2022/03/23 16:49:29 382] isr        1559 6400  1  
[2022/03/23 16:49:29 382] isr        1569 once_bytes:   6400  
[2022/03/23 16:49:29 383] isr        1547 ASR_MSG_AUW,   local  
[2022/03/23 16:49:29 384] isr        1559 6400  2  
[2022/03/23 16:49:29 385] isr        1547 ASR_MSG_AUW,   local  
[2022/03/23 16:49:29 385] isr        1559 6400  2  
[2022/03/23 16:49:29 386] isr        1547 ASR_MSG_AUW,   local  
[2022/03/23 16:49:29 386] isr        1559 6400  2  
[2022/03/23 16:49:29 387] isr        1547 ASR_MSG_AUW,   local  
[2022/03/23 16:49:29 387] isr        1559 6400  2  
[2022/03/23 16:49:29 389] isr        1547 ASR_MSG_AUW,   local  
[2022/03/23 16:49:29 389] isr        1559 6400  2  
[2022/03/23 16:49:29 390] isr        851  [aud] speech start  
[2022/03/23 16:49:29 390] isr        798  1  msc  
[2022/03/23 16:49:29 392] isr        1547 ASR_MSG_AUW,   local  
[2022/03/23 16:49:29 392] isr        1559 6400  2  
[2022/03/23 16:49:29 394] isr        1547 ASR_MSG_AUW,   local  
[2022/03/23 16:49:29 395] isr        1559 6400  2  
[2022/03/23 16:49:29 395] isr        1547 ASR_MSG_AUW,   local  
[2022/03/23 16:49:29 395] isr        1559 6400  2  
[2022/03/23 16:49:29 396] isr        1547 ASR_MSG_AUW,   local  
[2022/03/23 16:49:29 396] isr        1559 6400  2  
[2022/03/23 16:49:29 398] isr        1547 ASR_MSG_AUW,   local  
[2022/03/23 16:49:29 398] isr        1559 6400  2  
[2022/03/23 16:49:29 399] isr        1547 ASR_MSG_AUW,   local  
[2022/03/23 16:49:29 399] isr        1559 6400  2  
[2022/03/23 16:49:29 400] isr        1547 ASR_MSG_AUW,   local  
[2022/03/23 16:49:29 400] isr        1559 6400  2  
[2022/03/23 16:49:29 401] isr        1547 ASR_MSG_AUW,   local  
[2022/03/23 16:49:29 401] isr        1559 6400  2  
[2022/03/23 16:49:29 401] isr        1547 ASR_MSG_AUW,   local  
[2022/03/23 16:49:29 401] isr        1559 6400  2  
[2022/03/23 16:49:29 404] isr        1547 ASR_MSG_AUW,   local  
[2022/03/23 16:49:29 404] isr        1559 0  4  
[2022/03/23 16:49:29 404] isr        1592 aud end, USER  
[2022/03/23 16:49:29 406] isr        1636 ASR_MSG_GRSLT,   local  
[2022/03/23 16:49:29 406] isr        1307 0  nil  2  
[2022/03/23 16:49:29 426] isr        854  [aud] speech end  
[2022/03/23 16:49:29 426] isr        798  3  msc  
[2022/03/23 16:49:29 507] isr        1636 ASR_MSG_GRSLT,   local  
[2022/03/23 16:49:29 507] isr        1307 0  nil  2  
[2022/03/23 16:49:29 530] isr        723  local_cbmsg_handler  ,msg=  406  param1=  nil  
[2022/03/23 16:49:29 608] isr        1636 ASR_MSG_GRSLT,   local  
[2022/03/23 16:49:29 608] isr        1307 0  nil  2  
[2022/03/23 16:49:29 658] isr        723  local_cbmsg_handler  ,msg=  404  param1=  nil  
[2022/03/23 16:49:29 709] isr        1636 ASR_MSG_GRSLT,   local  
[2022/03/23 16:49:29 709] isr        1307 0  nil  2  
[2022/03/23 16:49:29 809] isr        1636 ASR_MSG_GRSLT,   local  
[2022/03/23 16:49:29 810] isr        1307 0  nil  2  
[2022/03/23 16:49:29 898] isr        723  local_cbmsg_handler  ,msg=  407  param1=  nil  
[2022/03/23 16:49:29 899] isr        641  process_result call:  local  nil  0  2  
[2022/03/23 16:49:29 899] isr        798  3  msc  
[2022/03/23 16:49:29 899] isr        800  already speech end  
[2022/03/23 16:49:29 899] isr        723  local_cbmsg_handler  ,msg=  408  param1=  nil  
[2022/03/23 16:49:29 899] isr        734  local session recognized end!  
[2022/03/23 16:49:29 910] isr        1636 ASR_MSG_GRSLT,   local  
[2022/03/23 16:49:29 910] isr        1307 0  nil  5  
[2022/03/23 16:49:30 011] isr        1639 ASR_MSG_SSE,   local  
[2022/03/23 16:49:30 011] isr        1356 session_end() [in]  
[2022/03/23 16:49:30 011] isr        1377 local_session_end() [in]  
[2022/03/23 16:49:30 013] isr        1416 ASR_LOCAL_MSG_SSE net_type  nil  
[2022/03/23 16:49:30 013] isr        1667 isr unload!  
============================================================
Time  2022/03/23 16:49:43 639 
============================================================
[2022/03/23 16:49:43 639] isr        1659 isr loaded!  
[2022/03/23 16:49:43 639] isr        1642 SYS_MSG_REGCB param0 =   msp_status_cb  param1 =   func(8402eab0) 
[2022/03/23 16:49:43 640] isr        1537 ASR_MSG_SSB  
[2022/03/23 16:49:43 640] isr        1066 session_begin() [in], params:   engine_type = local, 		asr_res_path = fo|/home/wheeltec/SR2.2-HR1.1.3/SR2.2-HR1.1.3/offline_mic/bin/config/msc/res/asr/common.jet, sample_rate = 16000, 		grm_build_path = /home/wheeltec/SR2.2-HR1.1.3/SR2.2-HR1.1.3/offline_mic/bin/config/msc/res/asr/GrmBuilld, local_grammar = call, 		result_type = xml, result_encoding = UTF-8,   nil  
[2022/03/23 16:49:43 640] isr        927  vad_set [in]  
[2022/03/23 16:49:43 640] isr        962  vad_enable :  true  
[2022/03/23 16:49:43 640] isr        980  vad_bos :  10000  
[2022/03/23 16:49:43 640] isr        981  vad_eos :  2000  
[2022/03/23 16:49:43 640] isr        886  enable_vad [in]  
[2022/03/23 16:49:43 641] isr        918  vad enabled!  2000  10000  
[2022/03/23 16:49:43 641] isr        921  enable_vad [out]  
[2022/03/23 16:49:43 641] isr        987  vad_set [out] | ret =  0  
[2022/03/23 16:49:43 641] isr        1182 cur_engine_type =   local  
[2022/03/23 16:49:43 641] isr        992  local_session_begin  
[2022/03/23 16:49:43 644] isr        1547 ASR_MSG_AUW,   local  
[2022/03/23 16:49:43 644] isr        1559 6400  1  
[2022/03/23 16:49:43 644] isr        1569 once_bytes:   6400  
[2022/03/23 16:49:43 645] isr        1547 ASR_MSG_AUW,   local  
[2022/03/23 16:49:43 646] isr        1559 6400  2  
[2022/03/23 16:49:43 647] isr        1547 ASR_MSG_AUW,   local  
[2022/03/23 16:49:43 647] isr        1559 6400  2  
[2022/03/23 16:49:43 648] isr        1547 ASR_MSG_AUW,   local  
[2022/03/23 16:49:43 648] isr        1559 6400  2  
[2022/03/23 16:49:43 649] isr        1547 ASR_MSG_AUW,   local  
[2022/03/23 16:49:43 649] isr        1559 6400  2  
[2022/03/23 16:49:43 651] isr        1547 ASR_MSG_AUW,   local  
[2022/03/23 16:49:43 651] isr        1559 6400  2  
[2022/03/23 16:49:43 653] isr        1547 ASR_MSG_AUW,   local  
[2022/03/23 16:49:43 653] isr        1559 6400  2  
[2022/03/23 16:49:43 654] isr        851  [aud] speech start  
[2022/03/23 16:49:43 655] isr        798  1  msc  
[2022/03/23 16:49:43 657] isr        1547 ASR_MSG_AUW,   local  
[2022/03/23 16:49:43 657] isr        1559 6400  2  
[2022/03/23 16:49:43 659] isr        1547 ASR_MSG_AUW,   local  
[2022/03/23 16:49:43 659] isr        1559 6400  2  
[2022/03/23 16:49:43 660] isr        1547 ASR_MSG_AUW,   local  
[2022/03/23 16:49:43 660] isr        1559 6400  2  
[2022/03/23 16:49:43 661] isr        1547 ASR_MSG_AUW,   local  
[2022/03/23 16:49:43 661] isr        1559 6400  2  
[2022/03/23 16:49:43 664] isr        1547 ASR_MSG_AUW,   local  
[2022/03/23 16:49:43 664] isr        1559 6400  2  
[2022/03/23 16:49:43 665] isr        1547 ASR_MSG_AUW,   local  
[2022/03/23 16:49:43 665] isr        1559 6400  2  
[2022/03/23 16:49:43 666] isr        1547 ASR_MSG_AUW,   local  
[2022/03/23 16:49:43 666] isr        1559 6400  2  
[2022/03/23 16:49:43 668] isr        1547 ASR_MSG_AUW,   local  
[2022/03/23 16:49:43 668] isr        1559 6400  2  
[2022/03/23 16:49:43 668] isr        1547 ASR_MSG_AUW,   local  
[2022/03/23 16:49:43 668] isr        1559 6400  2  
[2022/03/23 16:49:43 669] isr        1547 ASR_MSG_AUW,   local  
[2022/03/23 16:49:43 669] isr        1559 6400  2  
[2022/03/23 16:49:43 670] isr        1547 ASR_MSG_AUW,   local  
[2022/03/23 16:49:43 670] isr        1559 6400  2  
[2022/03/23 16:49:43 671] isr        1547 ASR_MSG_AUW,   local  
[2022/03/23 16:49:43 671] isr        1559 6400  2  
[2022/03/23 16:49:43 672] isr        1547 ASR_MSG_AUW,   local  
[2022/03/23 16:49:43 672] isr        1559 10400  2  
[2022/03/23 16:49:43 673] isr        1547 ASR_MSG_AUW,   local  
[2022/03/23 16:49:43 673] isr        1559 0  4  
[2022/03/23 16:49:43 673] isr        1592 aud end, USER  
[2022/03/23 16:49:43 677] isr        1636 ASR_MSG_GRSLT,   local  
[2022/03/23 16:49:43 677] isr        1307 0  nil  2  
[2022/03/23 16:49:43 702] isr        854  [aud] speech end  
[2022/03/23 16:49:43 703] isr        798  3  msc  
[2022/03/23 16:49:43 778] isr        1636 ASR_MSG_GRSLT,   local  
[2022/03/23 16:49:43 778] isr        1307 0  nil  2  
[2022/03/23 16:49:43 794] isr        723  local_cbmsg_handler  ,msg=  406  param1=  nil  
[2022/03/23 16:49:43 879] isr        1636 ASR_MSG_GRSLT,   local  
[2022/03/23 16:49:43 879] isr        1307 0  nil  2  
[2022/03/23 16:49:43 912] isr        723  local_cbmsg_handler  ,msg=  404  param1=  nil  
[2022/03/23 16:49:43 980] isr        1636 ASR_MSG_GRSLT,   local  
[2022/03/23 16:49:43 980] isr        1307 0  nil  2  
[2022/03/23 16:49:44 081] isr        1636 ASR_MSG_GRSLT,   local  
[2022/03/23 16:49:44 081] isr        1307 0  nil  2  
[2022/03/23 16:49:44 182] isr        1636 ASR_MSG_GRSLT,   local  
[2022/03/23 16:49:44 182] isr        1307 0  nil  2  
[2022/03/23 16:49:44 282] isr        1636 ASR_MSG_GRSLT,   local  
[2022/03/23 16:49:44 283] isr        1307 0  nil  2  
[2022/03/23 16:49:44 337] isr        723  local_cbmsg_handler  ,msg=  407  param1=  udata(84294338) 
[2022/03/23 16:49:44 338] isr        641  process_result call:  local  udata(84294338) 63  2  
[2022/03/23 16:49:44 338] isr        798  3  msc  
[2022/03/23 16:49:44 338] isr        800  already speech end  
[2022/03/23 16:49:44 338] isr        723  local_cbmsg_handler  ,msg=  408  param1=  nil  
[2022/03/23 16:49:44 338] isr        734  local session recognized end!  
[2022/03/23 16:49:44 383] isr        1636 ASR_MSG_GRSLT,   local  
[2022/03/23 16:49:44 383] isr        1307 0  udata(84294338) 5  
[2022/03/23 16:49:44 484] isr        1639 ASR_MSG_SSE,   local  
[2022/03/23 16:49:44 484] isr        1356 session_end() [in]  
[2022/03/23 16:49:44 484] isr        1377 local_session_end() [in]  
[2022/03/23 16:49:44 486] isr        1416 ASR_LOCAL_MSG_SSE net_type  nil  
[2022/03/23 16:49:44 487] isr        1667 isr unload!  
============================================================
Time  2022/03/23 16:49:47 572 
============================================================
[2022/03/23 16:49:47 572] isr        1659 isr loaded!  
[2022/03/23 16:49:47 572] isr        1642 SYS_MSG_REGCB param0 =   msp_status_cb  param1 =   func(580231d0) 
[2022/03/23 16:49:47 572] isr        1537 ASR_MSG_SSB  
[2022/03/23 16:49:47 573] isr        1066 session_begin() [in], params:   engine_type = local, 		asr_res_path = fo|/home/wheeltec/SR2.2-HR1.1.3/SR2.2-HR1.1.3/offline_mic/bin/config/msc/res/asr/common.jet, sample_rate = 16000, 		grm_build_path = /home/wheeltec/SR2.2-HR1.1.3/SR2.2-HR1.1.3/offline_mic/bin/config/msc/res/asr/GrmBuilld, local_grammar = call, 		result_type = xml, result_encoding = UTF-8,   nil  
[2022/03/23 16:49:47 573] isr        927  vad_set [in]  
[2022/03/23 16:49:47 573] isr        962  vad_enable :  true  
[2022/03/23 16:49:47 573] isr        980  vad_bos :  10000  
[2022/03/23 16:49:47 573] isr        981  vad_eos :  2000  
[2022/03/23 16:49:47 573] isr        886  enable_vad [in]  
[2022/03/23 16:49:47 574] isr        918  vad enabled!  2000  10000  
[2022/03/23 16:49:47 574] isr        921  enable_vad [out]  
[2022/03/23 16:49:47 574] isr        987  vad_set [out] | ret =  0  
[2022/03/23 16:49:47 574] isr        1182 cur_engine_type =   local  
[2022/03/23 16:49:47 574] isr        992  local_session_begin  
[2022/03/23 16:49:47 576] isr        1547 ASR_MSG_AUW,   local  
[2022/03/23 16:49:47 577] isr        1559 6400  1  
[2022/03/23 16:49:47 577] isr        1569 once_bytes:   6400  
[2022/03/23 16:49:47 578] isr        1547 ASR_MSG_AUW,   local  
[2022/03/23 16:49:47 578] isr        1559 6400  2  
[2022/03/23 16:49:47 579] isr        1547 ASR_MSG_AUW,   local  
[2022/03/23 16:49:47 579] isr        1559 6400  2  
[2022/03/23 16:49:47 580] isr        1547 ASR_MSG_AUW,   local  
[2022/03/23 16:49:47 581] isr        1559 6400  2  
[2022/03/23 16:49:47 582] isr        1547 ASR_MSG_AUW,   local  
[2022/03/23 16:49:47 582] isr        1559 6400  2  
[2022/03/23 16:49:47 585] isr        851  [aud] speech start  
[2022/03/23 16:49:47 585] isr        798  1  msc  
[2022/03/23 16:49:47 586] isr        1547 ASR_MSG_AUW,   local  
[2022/03/23 16:49:47 586] isr        1559 6400  2  
[2022/03/23 16:49:47 587] isr        1547 ASR_MSG_AUW,   local  
[2022/03/23 16:49:47 587] isr        1559 6400  2  
[2022/03/23 16:49:47 588] isr        1547 ASR_MSG_AUW,   local  
[2022/03/23 16:49:47 588] isr        1559 6400  2  
[2022/03/23 16:49:47 588] isr        1547 ASR_MSG_AUW,   local  
[2022/03/23 16:49:47 588] isr        1559 6400  2  
[2022/03/23 16:49:47 590] isr        1547 ASR_MSG_AUW,   local  
[2022/03/23 16:49:47 590] isr        1559 6400  2  
[2022/03/23 16:49:47 592] isr        1547 ASR_MSG_AUW,   local  
[2022/03/23 16:49:47 592] isr        1559 6400  2  
[2022/03/23 16:49:47 593] isr        1547 ASR_MSG_AUW,   local  
[2022/03/23 16:49:47 593] isr        1559 6400  2  
[2022/03/23 16:49:47 594] isr        1547 ASR_MSG_AUW,   local  
[2022/03/23 16:49:47 594] isr        1559 7200  2  
[2022/03/23 16:49:47 594] isr        1547 ASR_MSG_AUW,   local  
[2022/03/23 16:49:47 594] isr        1559 0  4  
[2022/03/23 16:49:47 595] isr        1592 aud end, USER  
[2022/03/23 16:49:47 599] isr        1636 ASR_MSG_GRSLT,   local  
[2022/03/23 16:49:47 599] isr        1307 0  nil  2  
[2022/03/23 16:49:47 615] isr        854  [aud] speech end  
[2022/03/23 16:49:47 616] isr        798  3  msc  
[2022/03/23 16:49:47 700] isr        1636 ASR_MSG_GRSLT,   local  
[2022/03/23 16:49:47 700] isr        1307 0  nil  2  
[2022/03/23 16:49:47 741] isr        723  local_cbmsg_handler  ,msg=  406  param1=  nil  
[2022/03/23 16:49:47 801] isr        1636 ASR_MSG_GRSLT,   local  
[2022/03/23 16:49:47 801] isr        1307 0  nil  2  
[2022/03/23 16:49:47 902] isr        1636 ASR_MSG_GRSLT,   local  
[2022/03/23 16:49:47 902] isr        1307 0  nil  2  
[2022/03/23 16:49:48 002] isr        1636 ASR_MSG_GRSLT,   local  
[2022/03/23 16:49:48 003] isr        1307 0  nil  2  
[2022/03/23 16:49:48 103] isr        1636 ASR_MSG_GRSLT,   local  
[2022/03/23 16:49:48 104] isr        1307 0  nil  2  
[2022/03/23 16:49:48 204] isr        1636 ASR_MSG_GRSLT,   local  
[2022/03/23 16:49:48 204] isr        1307 0  nil  2  
[2022/03/23 16:49:48 305] isr        1636 ASR_MSG_GRSLT,   local  
[2022/03/23 16:49:48 305] isr        1307 0  nil  2  
[2022/03/23 16:49:48 406] isr        1636 ASR_MSG_GRSLT,   local  
[2022/03/23 16:49:48 406] isr        1307 0  nil  2  
[2022/03/23 16:49:48 507] isr        1636 ASR_MSG_GRSLT,   local  
[2022/03/23 16:49:48 507] isr        1307 0  nil  2  
[2022/03/23 16:49:48 512] isr        723  local_cbmsg_handler  ,msg=  407  param1=  nil  
[2022/03/23 16:49:48 513] isr        641  process_result call:  local  nil  0  2  
[2022/03/23 16:49:48 513] isr        798  3  msc  
[2022/03/23 16:49:48 513] isr        800  already speech end  
[2022/03/23 16:49:48 513] isr        723  local_cbmsg_handler  ,msg=  408  param1=  nil  
[2022/03/23 16:49:48 513] isr        734  local session recognized end!  
[2022/03/23 16:49:48 608] isr        1636 ASR_MSG_GRSLT,   local  
[2022/03/23 16:49:48 608] isr        1307 0  nil  5  
[2022/03/23 16:49:48 709] isr        1639 ASR_MSG_SSE,   local  
[2022/03/23 16:49:48 709] isr        1356 session_end() [in]  
[2022/03/23 16:49:48 709] isr        1377 local_session_end() [in]  
[2022/03/23 16:49:48 710] isr        1416 ASR_LOCAL_MSG_SSE net_type  nil  
[2022/03/23 16:49:48 711] isr        1667 isr unload!  
============================================================
Time  2022/03/23 16:49:51 546 
============================================================
[2022/03/23 16:49:51 547] isr        1659 isr loaded!  
[2022/03/23 16:49:51 547] isr        1642 SYS_MSG_REGCB param0 =   msp_status_cb  param1 =   func(701029c0) 
[2022/03/23 16:49:51 547] isr        1537 ASR_MSG_SSB  
[2022/03/23 16:49:51 547] isr        1066 session_begin() [in], params:   engine_type = local, 		asr_res_path = fo|/home/wheeltec/SR2.2-HR1.1.3/SR2.2-HR1.1.3/offline_mic/bin/config/msc/res/asr/common.jet, sample_rate = 16000, 		grm_build_path = /home/wheeltec/SR2.2-HR1.1.3/SR2.2-HR1.1.3/offline_mic/bin/config/msc/res/asr/GrmBuilld, local_grammar = call, 		result_type = xml, result_encoding = UTF-8,   nil  
[2022/03/23 16:49:51 547] isr        927  vad_set [in]  
[2022/03/23 16:49:51 547] isr        962  vad_enable :  true  
[2022/03/23 16:49:51 548] isr        980  vad_bos :  10000  
[2022/03/23 16:49:51 548] isr        981  vad_eos :  2000  
[2022/03/23 16:49:51 548] isr        886  enable_vad [in]  
[2022/03/23 16:49:51 548] isr        918  vad enabled!  2000  10000  
[2022/03/23 16:49:51 548] isr        921  enable_vad [out]  
[2022/03/23 16:49:51 548] isr        987  vad_set [out] | ret =  0  
[2022/03/23 16:49:51 549] isr        1182 cur_engine_type =   local  
[2022/03/23 16:49:51 549] isr        992  local_session_begin  
[2022/03/23 16:49:51 551] isr        1547 ASR_MSG_AUW,   local  
[2022/03/23 16:49:51 551] isr        1559 6400  1  
[2022/03/23 16:49:51 551] isr        1569 once_bytes:   6400  
[2022/03/23 16:49:51 552] isr        1547 ASR_MSG_AUW,   local  
[2022/03/23 16:49:51 553] isr        1559 6400  2  
[2022/03/23 16:49:51 554] isr        1547 ASR_MSG_AUW,   local  
[2022/03/23 16:49:51 554] isr        1559 6400  2  
[2022/03/23 16:49:51 555] isr        1547 ASR_MSG_AUW,   local  
[2022/03/23 16:49:51 555] isr        1559 6400  2  
[2022/03/23 16:49:51 556] isr        1547 ASR_MSG_AUW,   local  
[2022/03/23 16:49:51 557] isr        1559 6400  2  
[2022/03/23 16:49:51 558] isr        1547 ASR_MSG_AUW,   local  
[2022/03/23 16:49:51 559] isr        1559 6400  2  
[2022/03/23 16:49:51 560] isr        851  [aud] speech start  
[2022/03/23 16:49:51 560] isr        798  1  msc  
[2022/03/23 16:49:51 561] isr        1547 ASR_MSG_AUW,   local  
[2022/03/23 16:49:51 561] isr        1559 6400  2  
[2022/03/23 16:49:51 561] isr        1547 ASR_MSG_AUW,   local  
[2022/03/23 16:49:51 561] isr        1559 6400  2  
[2022/03/23 16:49:51 562] isr        1547 ASR_MSG_AUW,   local  
[2022/03/23 16:49:51 562] isr        1559 6400  2  
[2022/03/23 16:49:51 563] isr        1547 ASR_MSG_AUW,   local  
[2022/03/23 16:49:51 563] isr        1559 6400  2  
[2022/03/23 16:49:51 563] isr        1547 ASR_MSG_AUW,   local  
[2022/03/23 16:49:51 563] isr        1559 12000  2  
[2022/03/23 16:49:51 564] isr        1547 ASR_MSG_AUW,   local  
[2022/03/23 16:49:51 564] isr        1559 0  4  
[2022/03/23 16:49:51 564] isr        1592 aud end, USER  
[2022/03/23 16:49:51 568] isr        1636 ASR_MSG_GRSLT,   local  
[2022/03/23 16:49:51 568] isr        1307 0  nil  2  
[2022/03/23 16:49:51 585] isr        854  [aud] speech end  
[2022/03/23 16:49:51 585] isr        798  3  msc  
[2022/03/23 16:49:51 669] isr        1636 ASR_MSG_GRSLT,   local  
[2022/03/23 16:49:51 669] isr        1307 0  nil  2  
[2022/03/23 16:49:51 694] isr        723  local_cbmsg_handler  ,msg=  406  param1=  nil  
[2022/03/23 16:49:51 770] isr        1636 ASR_MSG_GRSLT,   local  
[2022/03/23 16:49:51 770] isr        1307 0  nil  2  
[2022/03/23 16:49:51 871] isr        1636 ASR_MSG_GRSLT,   local  
[2022/03/23 16:49:51 871] isr        1307 0  nil  2  
[2022/03/23 16:49:51 972] isr        1636 ASR_MSG_GRSLT,   local  
[2022/03/23 16:49:51 972] isr        1307 0  nil  2  
[2022/03/23 16:49:52 073] isr        1636 ASR_MSG_GRSLT,   local  
[2022/03/23 16:49:52 073] isr        1307 0  nil  2  
[2022/03/23 16:49:52 173] isr        1636 ASR_MSG_GRSLT,   local  
[2022/03/23 16:49:52 173] isr        1307 0  nil  2  
[2022/03/23 16:49:52 274] isr        1636 ASR_MSG_GRSLT,   local  
[2022/03/23 16:49:52 274] isr        1307 0  nil  2  
[2022/03/23 16:49:52 375] isr        1636 ASR_MSG_GRSLT,   local  
[2022/03/23 16:49:52 375] isr        1307 0  nil  2  
[2022/03/23 16:49:52 394] isr        723  local_cbmsg_handler  ,msg=  407  param1=  nil  
[2022/03/23 16:49:52 394] isr        641  process_result call:  local  nil  0  2  
[2022/03/23 16:49:52 395] isr        798  3  msc  
[2022/03/23 16:49:52 395] isr        800  already speech end  
[2022/03/23 16:49:52 395] isr        723  local_cbmsg_handler  ,msg=  408  param1=  nil  
[2022/03/23 16:49:52 395] isr        734  local session recognized end!  
[2022/03/23 16:49:52 476] isr        1636 ASR_MSG_GRSLT,   local  
[2022/03/23 16:49:52 476] isr        1307 0  nil  5  
[2022/03/23 16:49:52 577] isr        1639 ASR_MSG_SSE,   local  
[2022/03/23 16:49:52 577] isr        1356 session_end() [in]  
[2022/03/23 16:49:52 577] isr        1377 local_session_end() [in]  
[2022/03/23 16:49:52 578] isr        1416 ASR_LOCAL_MSG_SSE net_type  nil  
[2022/03/23 16:49:52 579] isr        1667 isr unload!  
============================================================
Time  2022/03/23 16:49:55 542 
============================================================
[2022/03/23 16:49:55 542] isr        1659 isr loaded!  
[2022/03/23 16:49:55 542] isr        1642 SYS_MSG_REGCB param0 =   msp_status_cb  param1 =   func(8402fd10) 
[2022/03/23 16:49:55 543] isr        1537 ASR_MSG_SSB  
[2022/03/23 16:49:55 543] isr        1066 session_begin() [in], params:   engine_type = local, 		asr_res_path = fo|/home/wheeltec/SR2.2-HR1.1.3/SR2.2-HR1.1.3/offline_mic/bin/config/msc/res/asr/common.jet, sample_rate = 16000, 		grm_build_path = /home/wheeltec/SR2.2-HR1.1.3/SR2.2-HR1.1.3/offline_mic/bin/config/msc/res/asr/GrmBuilld, local_grammar = call, 		result_type = xml, result_encoding = UTF-8,   nil  
[2022/03/23 16:49:55 543] isr        927  vad_set [in]  
[2022/03/23 16:49:55 543] isr        962  vad_enable :  true  
[2022/03/23 16:49:55 543] isr        980  vad_bos :  10000  
[2022/03/23 16:49:55 543] isr        981  vad_eos :  2000  
[2022/03/23 16:49:55 543] isr        886  enable_vad [in]  
[2022/03/23 16:49:55 544] isr        918  vad enabled!  2000  10000  
[2022/03/23 16:49:55 544] isr        921  enable_vad [out]  
[2022/03/23 16:49:55 544] isr        987  vad_set [out] | ret =  0  
[2022/03/23 16:49:55 544] isr        1182 cur_engine_type =   local  
[2022/03/23 16:49:55 544] isr        992  local_session_begin  
[2022/03/23 16:49:55 547] isr        1547 ASR_MSG_AUW,   local  
[2022/03/23 16:49:55 547] isr        1559 6400  1  
[2022/03/23 16:49:55 547] isr        1569 once_bytes:   6400  
[2022/03/23 16:49:55 549] isr        1547 ASR_MSG_AUW,   local  
[2022/03/23 16:49:55 549] isr        1559 6400  2  
[2022/03/23 16:49:55 550] isr        1547 ASR_MSG_AUW,   local  
[2022/03/23 16:49:55 550] isr        1559 6400  2  
[2022/03/23 16:49:55 551] isr        1547 ASR_MSG_AUW,   local  
[2022/03/23 16:49:55 551] isr        1559 6400  2  
[2022/03/23 16:49:55 552] isr        1547 ASR_MSG_AUW,   local  
[2022/03/23 16:49:55 553] isr        1559 6400  2  
[2022/03/23 16:49:55 554] isr        1547 ASR_MSG_AUW,   local  
[2022/03/23 16:49:55 554] isr        1559 6400  2  
[2022/03/23 16:49:55 556] isr        1547 ASR_MSG_AUW,   local  
[2022/03/23 16:49:55 556] isr        1559 6400  2  
[2022/03/23 16:49:55 557] isr        851  [aud] speech start  
[2022/03/23 16:49:55 557] isr        798  1  msc  
[2022/03/23 16:49:55 558] isr        1547 ASR_MSG_AUW,   local  
[2022/03/23 16:49:55 558] isr        1559 6400  2  
[2022/03/23 16:49:55 559] isr        1547 ASR_MSG_AUW,   local  
[2022/03/23 16:49:55 559] isr        1559 6400  2  
[2022/03/23 16:49:55 559] isr        1547 ASR_MSG_AUW,   local  
[2022/03/23 16:49:55 560] isr        1559 6400  2  
[2022/03/23 16:49:55 560] isr        1547 ASR_MSG_AUW,   local  
[2022/03/23 16:49:55 560] isr        1559 6400  2  
[2022/03/23 16:49:55 562] isr        1547 ASR_MSG_AUW,   local  
[2022/03/23 16:49:55 562] isr        1559 9600  2  
[2022/03/23 16:49:55 563] isr        1547 ASR_MSG_AUW,   local  
[2022/03/23 16:49:55 563] isr        1559 0  4  
[2022/03/23 16:49:55 563] isr        1592 aud end, USER  
[2022/03/23 16:49:55 567] isr        1636 ASR_MSG_GRSLT,   local  
[2022/03/23 16:49:55 567] isr        1307 0  nil  2  
[2022/03/23 16:49:55 584] isr        854  [aud] speech end  
[2022/03/23 16:49:55 585] isr        798  3  msc  
[2022/03/23 16:49:55 668] isr        1636 ASR_MSG_GRSLT,   local  
[2022/03/23 16:49:55 668] isr        1307 0  nil  2  
[2022/03/23 16:49:55 693] isr        723  local_cbmsg_handler  ,msg=  406  param1=  nil  
[2022/03/23 16:49:55 769] isr        1636 ASR_MSG_GRSLT,   local  
[2022/03/23 16:49:55 769] isr        1307 0  nil  2  
[2022/03/23 16:49:55 869] isr        1636 ASR_MSG_GRSLT,   local  
[2022/03/23 16:49:55 870] isr        1307 0  nil  2  
[2022/03/23 16:49:55 970] isr        1636 ASR_MSG_GRSLT,   local  
[2022/03/23 16:49:55 970] isr        1307 0  nil  2  
[2022/03/23 16:49:56 071] isr        1636 ASR_MSG_GRSLT,   local  
[2022/03/23 16:49:56 071] isr        1307 0  nil  2  
[2022/03/23 16:49:56 172] isr        1636 ASR_MSG_GRSLT,   local  
[2022/03/23 16:49:56 172] isr        1307 0  nil  2  
[2022/03/23 16:49:56 273] isr        1636 ASR_MSG_GRSLT,   local  
[2022/03/23 16:49:56 273] isr        1307 0  nil  2  
[2022/03/23 16:49:56 374] isr        1636 ASR_MSG_GRSLT,   local  
[2022/03/23 16:49:56 374] isr        1307 0  nil  2  
[2022/03/23 16:49:56 444] isr        723  local_cbmsg_handler  ,msg=  407  param1=  nil  
[2022/03/23 16:49:56 444] isr        641  process_result call:  local  nil  0  2  
[2022/03/23 16:49:56 444] isr        798  3  msc  
[2022/03/23 16:49:56 444] isr        800  already speech end  
[2022/03/23 16:49:56 444] isr        723  local_cbmsg_handler  ,msg=  408  param1=  nil  
[2022/03/23 16:49:56 444] isr        734  local session recognized end!  
[2022/03/23 16:49:56 474] isr        1636 ASR_MSG_GRSLT,   local  
[2022/03/23 16:49:56 475] isr        1307 0  nil  5  
[2022/03/23 16:49:56 575] isr        1639 ASR_MSG_SSE,   local  
[2022/03/23 16:49:56 575] isr        1356 session_end() [in]  
[2022/03/23 16:49:56 575] isr        1377 local_session_end() [in]  
[2022/03/23 16:49:56 577] isr        1416 ASR_LOCAL_MSG_SSE net_type  nil  
[2022/03/23 16:49:56 578] isr        1667 isr unload!  
============================================================
Time  2022/03/23 16:50:06 203 
============================================================
[2022/03/23 16:50:06 203] isr        1659 isr loaded!  
[2022/03/23 16:50:06 204] isr        1642 SYS_MSG_REGCB param0 =   msp_status_cb  param1 =   func(7412e0d0) 
[2022/03/23 16:50:06 204] isr        1537 ASR_MSG_SSB  
[2022/03/23 16:50:06 204] isr        1066 session_begin() [in], params:   engine_type = local, 		asr_res_path = fo|/home/wheeltec/SR2.2-HR1.1.3/SR2.2-HR1.1.3/offline_mic/bin/config/msc/res/asr/common.jet, sample_rate = 16000, 		grm_build_path = /home/wheeltec/SR2.2-HR1.1.3/SR2.2-HR1.1.3/offline_mic/bin/config/msc/res/asr/GrmBuilld, local_grammar = call, 		result_type = xml, result_encoding = UTF-8,   nil  
[2022/03/23 16:50:06 204] isr        927  vad_set [in]  
[2022/03/23 16:50:06 204] isr        962  vad_enable :  true  
[2022/03/23 16:50:06 204] isr        980  vad_bos :  10000  
[2022/03/23 16:50:06 204] isr        981  vad_eos :  2000  
[2022/03/23 16:50:06 204] isr        886  enable_vad [in]  
[2022/03/23 16:50:06 205] isr        918  vad enabled!  2000  10000  
[2022/03/23 16:50:06 205] isr        921  enable_vad [out]  
[2022/03/23 16:50:06 205] isr        987  vad_set [out] | ret =  0  
[2022/03/23 16:50:06 205] isr        1182 cur_engine_type =   local  
[2022/03/23 16:50:06 205] isr        992  local_session_begin  
[2022/03/23 16:50:06 208] isr        1547 ASR_MSG_AUW,   local  
[2022/03/23 16:50:06 208] isr        1559 6400  1  
[2022/03/23 16:50:06 208] isr        1569 once_bytes:   6400  
[2022/03/23 16:50:06 209] isr        1547 ASR_MSG_AUW,   local  
[2022/03/23 16:50:06 209] isr        1559 6400  2  
[2022/03/23 16:50:06 211] isr        1547 ASR_MSG_AUW,   local  
[2022/03/23 16:50:06 211] isr        1559 6400  2  
[2022/03/23 16:50:06 212] isr        1547 ASR_MSG_AUW,   local  
[2022/03/23 16:50:06 212] isr        1559 6400  2  
[2022/03/23 16:50:06 213] isr        1547 ASR_MSG_AUW,   local  
[2022/03/23 16:50:06 214] isr        1559 6400  2  
[2022/03/23 16:50:06 216] isr        1547 ASR_MSG_AUW,   local  
[2022/03/23 16:50:06 216] isr        1559 6400  2  
[2022/03/23 16:50:06 217] isr        851  [aud] speech start  
[2022/03/23 16:50:06 218] isr        798  1  msc  
[2022/03/23 16:50:06 219] isr        1547 ASR_MSG_AUW,   local  
[2022/03/23 16:50:06 219] isr        1559 6400  2  
[2022/03/23 16:50:06 223] isr        1547 ASR_MSG_AUW,   local  
[2022/03/23 16:50:06 223] isr        1559 6400  2  
[2022/03/23 16:50:06 224] isr        1547 ASR_MSG_AUW,   local  
[2022/03/23 16:50:06 224] isr        1559 6400  2  
[2022/03/23 16:50:06 226] isr        1547 ASR_MSG_AUW,   local  
[2022/03/23 16:50:06 226] isr        1559 6400  2  
[2022/03/23 16:50:06 227] isr        1547 ASR_MSG_AUW,   local  
[2022/03/23 16:50:06 227] isr        1559 6400  2  
[2022/03/23 16:50:06 228] isr        1547 ASR_MSG_AUW,   local  
[2022/03/23 16:50:06 228] isr        1559 6400  2  
[2022/03/23 16:50:06 228] isr        1547 ASR_MSG_AUW,   local  
[2022/03/23 16:50:06 229] isr        1559 6400  2  
[2022/03/23 16:50:06 229] isr        1547 ASR_MSG_AUW,   local  
[2022/03/23 16:50:06 229] isr        1559 6400  2  
[2022/03/23 16:50:06 232] isr        1547 ASR_MSG_AUW,   local  
[2022/03/23 16:50:06 232] isr        1559 6400  2  
[2022/03/23 16:50:06 232] isr        1547 ASR_MSG_AUW,   local  
[2022/03/23 16:50:06 232] isr        1559 6400  2  
[2022/03/23 16:50:06 233] isr        1547 ASR_MSG_AUW,   local  
[2022/03/23 16:50:06 233] isr        1559 6400  2  
[2022/03/23 16:50:06 234] isr        1547 ASR_MSG_AUW,   local  
[2022/03/23 16:50:06 234] isr        1559 6400  2  
[2022/03/23 16:50:06 236] isr        1547 ASR_MSG_AUW,   local  
[2022/03/23 16:50:06 236] isr        1559 6400  2  
[2022/03/23 16:50:06 237] isr        1547 ASR_MSG_AUW,   local  
[2022/03/23 16:50:06 237] isr        1559 10400  2  
[2022/03/23 16:50:06 237] isr        1547 ASR_MSG_AUW,   local  
[2022/03/23 16:50:06 237] isr        1559 0  4  
[2022/03/23 16:50:06 237] isr        1592 aud end, USER  
[2022/03/23 16:50:06 242] isr        1636 ASR_MSG_GRSLT,   local  
[2022/03/23 16:50:06 243] isr        1307 0  nil  2  
[2022/03/23 16:50:06 265] isr        854  [aud] speech end  
[2022/03/23 16:50:06 265] isr        798  3  msc  
[2022/03/23 16:50:06 343] isr        1636 ASR_MSG_GRSLT,   local  
[2022/03/23 16:50:06 344] isr        1307 0  nil  2  
[2022/03/23 16:50:06 357] isr        723  local_cbmsg_handler  ,msg=  406  param1=  nil  
[2022/03/23 16:50:06 444] isr        1636 ASR_MSG_GRSLT,   local  
[2022/03/23 16:50:06 444] isr        1307 0  nil  2  
[2022/03/23 16:50:06 545] isr        1636 ASR_MSG_GRSLT,   local  
[2022/03/23 16:50:06 545] isr        1307 0  nil  2  
[2022/03/23 16:50:06 646] isr        1636 ASR_MSG_GRSLT,   local  
[2022/03/23 16:50:06 646] isr        1307 0  nil  2  
[2022/03/23 16:50:06 747] isr        1636 ASR_MSG_GRSLT,   local  
[2022/03/23 16:50:06 747] isr        1307 0  nil  2  
[2022/03/23 16:50:06 848] isr        1636 ASR_MSG_GRSLT,   local  
[2022/03/23 16:50:06 848] isr        1307 0  nil  2  
[2022/03/23 16:50:06 948] isr        1636 ASR_MSG_GRSLT,   local  
[2022/03/23 16:50:06 949] isr        1307 0  nil  2  
[2022/03/23 16:50:07 049] isr        1636 ASR_MSG_GRSLT,   local  
[2022/03/23 16:50:07 049] isr        1307 0  nil  2  
[2022/03/23 16:50:07 150] isr        1636 ASR_MSG_GRSLT,   local  
[2022/03/23 16:50:07 150] isr        1307 0  nil  2  
[2022/03/23 16:50:07 251] isr        1636 ASR_MSG_GRSLT,   local  
[2022/03/23 16:50:07 251] isr        1307 0  nil  2  
[2022/03/23 16:50:07 294] isr        723  local_cbmsg_handler  ,msg=  407  param1=  nil  
[2022/03/23 16:50:07 294] isr        641  process_result call:  local  nil  0  2  
[2022/03/23 16:50:07 294] isr        798  3  msc  
[2022/03/23 16:50:07 294] isr        800  already speech end  
[2022/03/23 16:50:07 294] isr        723  local_cbmsg_handler  ,msg=  408  param1=  nil  
[2022/03/23 16:50:07 294] isr        734  local session recognized end!  
[2022/03/23 16:50:07 352] isr        1636 ASR_MSG_GRSLT,   local  
[2022/03/23 16:50:07 352] isr        1307 0  nil  5  
[2022/03/23 16:50:07 452] isr        1639 ASR_MSG_SSE,   local  
[2022/03/23 16:50:07 453] isr        1356 session_end() [in]  
[2022/03/23 16:50:07 453] isr        1377 local_session_end() [in]  
[2022/03/23 16:50:07 454] isr        1416 ASR_LOCAL_MSG_SSE net_type  nil  
[2022/03/23 16:50:07 455] isr        1667 isr unload!  
============================================================
Time  2022/03/23 16:51:07 694 
============================================================
[2022/03/23 16:51:07 694] isr        1659 isr loaded!  
[2022/03/23 16:51:07 694] isr        1642 SYS_MSG_REGCB param0 =   msp_status_cb  param1 =   func(74131c50) 
[2022/03/23 16:51:07 695] isr        1537 ASR_MSG_SSB  
[2022/03/23 16:51:07 695] isr        1066 session_begin() [in], params:   engine_type = local, 		asr_res_path = fo|/home/wheeltec/SR2.2-HR1.1.3/SR2.2-HR1.1.3/offline_mic/bin/config/msc/res/asr/common.jet, sample_rate = 16000, 		grm_build_path = /home/wheeltec/SR2.2-HR1.1.3/SR2.2-HR1.1.3/offline_mic/bin/config/msc/res/asr/GrmBuilld, local_grammar = call, 		result_type = xml, result_encoding = UTF-8,   nil  
[2022/03/23 16:51:07 695] isr        927  vad_set [in]  
[2022/03/23 16:51:07 695] isr        962  vad_enable :  true  
[2022/03/23 16:51:07 695] isr        980  vad_bos :  10000  
[2022/03/23 16:51:07 695] isr        981  vad_eos :  2000  
[2022/03/23 16:51:07 696] isr        886  enable_vad [in]  
[2022/03/23 16:51:07 696] isr        918  vad enabled!  2000  10000  
[2022/03/23 16:51:07 696] isr        921  enable_vad [out]  
[2022/03/23 16:51:07 696] isr        987  vad_set [out] | ret =  0  
[2022/03/23 16:51:07 697] isr        1182 cur_engine_type =   local  
[2022/03/23 16:51:07 697] isr        992  local_session_begin  
[2022/03/23 16:51:07 699] isr        1547 ASR_MSG_AUW,   local  
[2022/03/23 16:51:07 699] isr        1559 6400  1  
[2022/03/23 16:51:07 700] isr        1569 once_bytes:   6400  
[2022/03/23 16:51:07 700] isr        1547 ASR_MSG_AUW,   local  
[2022/03/23 16:51:07 701] isr        1559 6400  2  
[2022/03/23 16:51:07 702] isr        1547 ASR_MSG_AUW,   local  
[2022/03/23 16:51:07 702] isr        1559 6400  2  
[2022/03/23 16:51:07 703] isr        1547 ASR_MSG_AUW,   local  
[2022/03/23 16:51:07 703] isr        1559 6400  2  
[2022/03/23 16:51:07 704] isr        1547 ASR_MSG_AUW,   local  
[2022/03/23 16:51:07 705] isr        1559 6400  2  
[2022/03/23 16:51:07 706] isr        1547 ASR_MSG_AUW,   local  
[2022/03/23 16:51:07 706] isr        1559 6400  2  
[2022/03/23 16:51:07 709] isr        1547 ASR_MSG_AUW,   local  
[2022/03/23 16:51:07 709] isr        1559 6400  2  
[2022/03/23 16:51:07 710] isr        851  [aud] speech start  
[2022/03/23 16:51:07 710] isr        798  1  msc  
[2022/03/23 16:51:07 713] isr        1547 ASR_MSG_AUW,   local  
[2022/03/23 16:51:07 713] isr        1559 6400  2  
[2022/03/23 16:51:07 714] isr        1547 ASR_MSG_AUW,   local  
[2022/03/23 16:51:07 715] isr        1559 6400  2  
[2022/03/23 16:51:07 715] isr        1547 ASR_MSG_AUW,   local  
[2022/03/23 16:51:07 716] isr        1559 6400  2  
[2022/03/23 16:51:07 717] isr        1547 ASR_MSG_AUW,   local  
[2022/03/23 16:51:07 717] isr        1559 6400  2  
[2022/03/23 16:51:07 719] isr        1547 ASR_MSG_AUW,   local  
[2022/03/23 16:51:07 719] isr        1559 6400  2  
[2022/03/23 16:51:07 720] isr        1547 ASR_MSG_AUW,   local  
[2022/03/23 16:51:07 720] isr        1559 6400  2  
[2022/03/23 16:51:07 721] isr        1547 ASR_MSG_AUW,   local  
[2022/03/23 16:51:07 721] isr        1559 6400  2  
[2022/03/23 16:51:07 722] isr        1547 ASR_MSG_AUW,   local  
[2022/03/23 16:51:07 722] isr        1559 6400  2  
[2022/03/23 16:51:07 724] isr        1547 ASR_MSG_AUW,   local  
[2022/03/23 16:51:07 724] isr        1559 6400  2  
[2022/03/23 16:51:07 725] isr        1547 ASR_MSG_AUW,   local  
[2022/03/23 16:51:07 725] isr        1559 6400  2  
[2022/03/23 16:51:07 725] isr        1547 ASR_MSG_AUW,   local  
[2022/03/23 16:51:07 725] isr        1559 6400  2  
[2022/03/23 16:51:07 726] isr        1547 ASR_MSG_AUW,   local  
[2022/03/23 16:51:07 726] isr        1559 6400  2  
[2022/03/23 16:51:07 726] isr        1547 ASR_MSG_AUW,   local  
[2022/03/23 16:51:07 726] isr        1559 6400  2  
[2022/03/23 16:51:07 728] isr        1547 ASR_MSG_AUW,   local  
[2022/03/23 16:51:07 728] isr        1559 0  4  
[2022/03/23 16:51:07 729] isr        1592 aud end, USER  
[2022/03/23 16:51:07 736] isr        1636 ASR_MSG_GRSLT,   local  
[2022/03/23 16:51:07 736] isr        1307 0  nil  2  
[2022/03/23 16:51:07 739] isr        854  [aud] speech end  
[2022/03/23 16:51:07 740] isr        798  3  msc  
[2022/03/23 16:51:07 837] isr        1636 ASR_MSG_GRSLT,   local  
[2022/03/23 16:51:07 837] isr        1307 0  nil  2  
[2022/03/23 16:51:07 855] isr        723  local_cbmsg_handler  ,msg=  406  param1=  nil  
[2022/03/23 16:51:07 938] isr        1636 ASR_MSG_GRSLT,   local  
[2022/03/23 16:51:07 938] isr        1307 0  nil  2  
[2022/03/23 16:51:08 039] isr        1636 ASR_MSG_GRSLT,   local  
[2022/03/23 16:51:08 039] isr        1307 0  nil  2  
[2022/03/23 16:51:08 066] isr        723  local_cbmsg_handler  ,msg=  407  param1=  nil  
[2022/03/23 16:51:08 066] isr        641  process_result call:  local  nil  0  2  
[2022/03/23 16:51:08 066] isr        798  3  msc  
[2022/03/23 16:51:08 066] isr        800  already speech end  
[2022/03/23 16:51:08 066] isr        723  local_cbmsg_handler  ,msg=  408  param1=  nil  
[2022/03/23 16:51:08 066] isr        734  local session recognized end!  
[2022/03/23 16:51:08 140] isr        1636 ASR_MSG_GRSLT,   local  
[2022/03/23 16:51:08 140] isr        1307 0  nil  5  
[2022/03/23 16:51:08 240] isr        1639 ASR_MSG_SSE,   local  
[2022/03/23 16:51:08 241] isr        1356 session_end() [in]  
[2022/03/23 16:51:08 241] isr        1377 local_session_end() [in]  
[2022/03/23 16:51:08 242] isr        1416 ASR_LOCAL_MSG_SSE net_type  nil  
[2022/03/23 16:51:08 243] isr        1667 isr unload!  
============================================================
Time  2022/03/23 16:51:11 712 
============================================================
[2022/03/23 16:51:11 712] isr        1659 isr loaded!  
[2022/03/23 16:51:11 713] isr        1642 SYS_MSG_REGCB param0 =   msp_status_cb  param1 =   func(6002ea90) 
[2022/03/23 16:51:11 713] isr        1537 ASR_MSG_SSB  
[2022/03/23 16:51:11 713] isr        1066 session_begin() [in], params:   engine_type = local, 		asr_res_path = fo|/home/wheeltec/SR2.2-HR1.1.3/SR2.2-HR1.1.3/offline_mic/bin/config/msc/res/asr/common.jet, sample_rate = 16000, 		grm_build_path = /home/wheeltec/SR2.2-HR1.1.3/SR2.2-HR1.1.3/offline_mic/bin/config/msc/res/asr/GrmBuilld, local_grammar = call, 		result_type = xml, result_encoding = UTF-8,   nil  
[2022/03/23 16:51:11 713] isr        927  vad_set [in]  
[2022/03/23 16:51:11 713] isr        962  vad_enable :  true  
[2022/03/23 16:51:11 713] isr        980  vad_bos :  10000  
[2022/03/23 16:51:11 714] isr        981  vad_eos :  2000  
[2022/03/23 16:51:11 714] isr        886  enable_vad [in]  
[2022/03/23 16:51:11 714] isr        918  vad enabled!  2000  10000  
[2022/03/23 16:51:11 714] isr        921  enable_vad [out]  
[2022/03/23 16:51:11 714] isr        987  vad_set [out] | ret =  0  
[2022/03/23 16:51:11 714] isr        1182 cur_engine_type =   local  
[2022/03/23 16:51:11 715] isr        992  local_session_begin  
[2022/03/23 16:51:11 717] isr        1547 ASR_MSG_AUW,   local  
[2022/03/23 16:51:11 717] isr        1559 6400  1  
[2022/03/23 16:51:11 717] isr        1569 once_bytes:   6400  
[2022/03/23 16:51:11 719] isr        1547 ASR_MSG_AUW,   local  
[2022/03/23 16:51:11 719] isr        1559 6400  2  
[2022/03/23 16:51:11 720] isr        1547 ASR_MSG_AUW,   local  
[2022/03/23 16:51:11 720] isr        1559 6400  2  
[2022/03/23 16:51:11 721] isr        1547 ASR_MSG_AUW,   local  
[2022/03/23 16:51:11 722] isr        1559 6400  2  
[2022/03/23 16:51:11 723] isr        1547 ASR_MSG_AUW,   local  
[2022/03/23 16:51:11 723] isr        1559 6400  2  
[2022/03/23 16:51:11 725] isr        1547 ASR_MSG_AUW,   local  
[2022/03/23 16:51:11 725] isr        1559 6400  2  
[2022/03/23 16:51:11 728] isr        1547 ASR_MSG_AUW,   local  
[2022/03/23 16:51:11 728] isr        1559 6400  2  
[2022/03/23 16:51:11 728] isr        851  [aud] speech start  
[2022/03/23 16:51:11 728] isr        798  1  msc  
[2022/03/23 16:51:11 729] isr        1547 ASR_MSG_AUW,   local  
[2022/03/23 16:51:11 730] isr        1559 6400  2  
[2022/03/23 16:51:11 730] isr        1547 ASR_MSG_AUW,   local  
[2022/03/23 16:51:11 730] isr        1559 6400  2  
[2022/03/23 16:51:11 731] isr        1547 ASR_MSG_AUW,   local  
[2022/03/23 16:51:11 731] isr        1559 6400  2  
[2022/03/23 16:51:11 732] isr        1547 ASR_MSG_AUW,   local  
[2022/03/23 16:51:11 732] isr        1559 6400  2  
[2022/03/23 16:51:11 734] isr        1547 ASR_MSG_AUW,   local  
[2022/03/23 16:51:11 735] isr        1559 6400  2  
[2022/03/23 16:51:11 736] isr        1547 ASR_MSG_AUW,   local  
[2022/03/23 16:51:11 736] isr        1559 6400  2  
[2022/03/23 16:51:11 736] isr        1547 ASR_MSG_AUW,   local  
[2022/03/23 16:51:11 737] isr        1559 6400  2  
[2022/03/23 16:51:11 737] isr        1547 ASR_MSG_AUW,   local  
[2022/03/23 16:51:11 737] isr        1559 6400  2  
[2022/03/23 16:51:11 738] isr        1547 ASR_MSG_AUW,   local  
[2022/03/23 16:51:11 738] isr        1559 0  4  
[2022/03/23 16:51:11 739] isr        1592 aud end, USER  
[2022/03/23 16:51:11 742] isr        1636 ASR_MSG_GRSLT,   local  
[2022/03/23 16:51:11 742] isr        1307 0  nil  2  
[2022/03/23 16:51:11 761] isr        854  [aud] speech end  
[2022/03/23 16:51:11 761] isr        798  3  msc  
[2022/03/23 16:51:11 843] isr        1636 ASR_MSG_GRSLT,   local  
[2022/03/23 16:51:11 843] isr        1307 0  nil  2  
[2022/03/23 16:51:11 869] isr        723  local_cbmsg_handler  ,msg=  406  param1=  nil  
[2022/03/23 16:51:11 944] isr        1636 ASR_MSG_GRSLT,   local  
[2022/03/23 16:51:11 944] isr        1307 0  nil  2  
[2022/03/23 16:51:11 994] isr        723  local_cbmsg_handler  ,msg=  404  param1=  nil  
[2022/03/23 16:51:12 045] isr        1636 ASR_MSG_GRSLT,   local  
[2022/03/23 16:51:12 045] isr        1307 0  nil  2  
[2022/03/23 16:51:12 145] isr        1636 ASR_MSG_GRSLT,   local  
[2022/03/23 16:51:12 146] isr        1307 0  nil  2  
[2022/03/23 16:51:12 239] isr        723  local_cbmsg_handler  ,msg=  407  param1=  nil  
[2022/03/23 16:51:12 239] isr        641  process_result call:  local  nil  0  2  
[2022/03/23 16:51:12 239] isr        798  3  msc  
[2022/03/23 16:51:12 239] isr        800  already speech end  
[2022/03/23 16:51:12 239] isr        723  local_cbmsg_handler  ,msg=  408  param1=  nil  
[2022/03/23 16:51:12 239] isr        734  local session recognized end!  
[2022/03/23 16:51:12 246] isr        1636 ASR_MSG_GRSLT,   local  
[2022/03/23 16:51:12 246] isr        1307 0  nil  5  
[2022/03/23 16:51:12 347] isr        1639 ASR_MSG_SSE,   local  
[2022/03/23 16:51:12 347] isr        1356 session_end() [in]  
[2022/03/23 16:51:12 347] isr        1377 local_session_end() [in]  
[2022/03/23 16:51:12 349] isr        1416 ASR_LOCAL_MSG_SSE net_type  nil  
[2022/03/23 16:51:12 349] isr        1667 isr unload!  
============================================================
Time  2022/03/23 16:51:21 976 
============================================================
[2022/03/23 16:51:21 976] isr        1659 isr loaded!  
[2022/03/23 16:51:21 976] isr        1642 SYS_MSG_REGCB param0 =   msp_status_cb  param1 =   func(6c02f710) 
[2022/03/23 16:51:21 976] isr        1537 ASR_MSG_SSB  
[2022/03/23 16:51:21 976] isr        1066 session_begin() [in], params:   engine_type = local, 		asr_res_path = fo|/home/wheeltec/SR2.2-HR1.1.3/SR2.2-HR1.1.3/offline_mic/bin/config/msc/res/asr/common.jet, sample_rate = 16000, 		grm_build_path = /home/wheeltec/SR2.2-HR1.1.3/SR2.2-HR1.1.3/offline_mic/bin/config/msc/res/asr/GrmBuilld, local_grammar = call, 		result_type = xml, result_encoding = UTF-8,   nil  
[2022/03/23 16:51:21 976] isr        927  vad_set [in]  
[2022/03/23 16:51:21 977] isr        962  vad_enable :  true  
[2022/03/23 16:51:21 977] isr        980  vad_bos :  10000  
[2022/03/23 16:51:21 977] isr        981  vad_eos :  2000  
[2022/03/23 16:51:21 977] isr        886  enable_vad [in]  
[2022/03/23 16:51:21 977] isr        918  vad enabled!  2000  10000  
[2022/03/23 16:51:21 977] isr        921  enable_vad [out]  
[2022/03/23 16:51:21 978] isr        987  vad_set [out] | ret =  0  
[2022/03/23 16:51:21 978] isr        1182 cur_engine_type =   local  
[2022/03/23 16:51:21 978] isr        992  local_session_begin  
[2022/03/23 16:51:21 980] isr        1547 ASR_MSG_AUW,   local  
[2022/03/23 16:51:21 980] isr        1559 6400  1  
[2022/03/23 16:51:21 980] isr        1569 once_bytes:   6400  
[2022/03/23 16:51:21 982] isr        1547 ASR_MSG_AUW,   local  
[2022/03/23 16:51:21 982] isr        1559 6400  2  
[2022/03/23 16:51:21 983] isr        1547 ASR_MSG_AUW,   local  
[2022/03/23 16:51:21 983] isr        1559 6400  2  
[2022/03/23 16:51:21 985] isr        1547 ASR_MSG_AUW,   local  
[2022/03/23 16:51:21 985] isr        1559 6400  2  
[2022/03/23 16:51:21 986] isr        1547 ASR_MSG_AUW,   local  
[2022/03/23 16:51:21 986] isr        1559 6400  2  
[2022/03/23 16:51:21 988] isr        1547 ASR_MSG_AUW,   local  
[2022/03/23 16:51:21 988] isr        1559 6400  2  
[2022/03/23 16:51:21 992] isr        1547 ASR_MSG_AUW,   local  
[2022/03/23 16:51:21 992] isr        1559 6400  2  
[2022/03/23 16:51:21 994] isr        851  [aud] speech start  
[2022/03/23 16:51:21 994] isr        798  1  msc  
[2022/03/23 16:51:21 995] isr        1547 ASR_MSG_AUW,   local  
[2022/03/23 16:51:21 995] isr        1559 6400  2  
[2022/03/23 16:51:21 996] isr        1547 ASR_MSG_AUW,   local  
[2022/03/23 16:51:21 996] isr        1559 6400  2  
[2022/03/23 16:51:21 997] isr        1547 ASR_MSG_AUW,   local  
[2022/03/23 16:51:21 997] isr        1559 6400  2  
[2022/03/23 16:51:21 998] isr        1547 ASR_MSG_AUW,   local  
[2022/03/23 16:51:21 998] isr        1559 6400  2  
[2022/03/23 16:51:22 000] isr        1547 ASR_MSG_AUW,   local  
[2022/03/23 16:51:22 000] isr        1559 6400  2  
[2022/03/23 16:51:22 001] isr        1547 ASR_MSG_AUW,   local  
[2022/03/23 16:51:22 001] isr        1559 6400  2  
[2022/03/23 16:51:22 002] isr        1547 ASR_MSG_AUW,   local  
[2022/03/23 16:51:22 002] isr        1559 6400  2  
[2022/03/23 16:51:22 003] isr        1547 ASR_MSG_AUW,   local  
[2022/03/23 16:51:22 003] isr        1559 6400  2  
[2022/03/23 16:51:22 004] isr        1547 ASR_MSG_AUW,   local  
[2022/03/23 16:51:22 004] isr        1559 6400  2  
[2022/03/23 16:51:22 005] isr        1547 ASR_MSG_AUW,   local  
[2022/03/23 16:51:22 005] isr        1559 6400  2  
[2022/03/23 16:51:22 006] isr        1547 ASR_MSG_AUW,   local  
[2022/03/23 16:51:22 007] isr        1559 6400  2  
[2022/03/23 16:51:22 007] isr        1547 ASR_MSG_AUW,   local  
[2022/03/23 16:51:22 007] isr        1559 6400  2  
[2022/03/23 16:51:22 008] isr        1547 ASR_MSG_AUW,   local  
[2022/03/23 16:51:22 008] isr        1559 10400  2  
[2022/03/23 16:51:22 009] isr        1547 ASR_MSG_AUW,   local  
[2022/03/23 16:51:22 009] isr        1559 0  4  
[2022/03/23 16:51:22 009] isr        1592 aud end, USER  
[2022/03/23 16:51:22 014] isr        1636 ASR_MSG_GRSLT,   local  
[2022/03/23 16:51:22 014] isr        1307 0  nil  2  
[2022/03/23 16:51:22 040] isr        854  [aud] speech end  
[2022/03/23 16:51:22 040] isr        798  3  msc  
[2022/03/23 16:51:22 115] isr        1636 ASR_MSG_GRSLT,   local  
[2022/03/23 16:51:22 115] isr        1307 0  nil  2  
[2022/03/23 16:51:22 129] isr        723  local_cbmsg_handler  ,msg=  406  param1=  nil  
[2022/03/23 16:51:22 215] isr        1636 ASR_MSG_GRSLT,   local  
[2022/03/23 16:51:22 215] isr        1307 0  nil  2  
[2022/03/23 16:51:22 316] isr        1636 ASR_MSG_GRSLT,   local  
[2022/03/23 16:51:22 316] isr        1307 0  nil  2  
[2022/03/23 16:51:22 417] isr        1636 ASR_MSG_GRSLT,   local  
[2022/03/23 16:51:22 417] isr        1307 0  nil  2  
[2022/03/23 16:51:22 518] isr        1636 ASR_MSG_GRSLT,   local  
[2022/03/23 16:51:22 518] isr        1307 0  nil  2  
[2022/03/23 16:51:22 619] isr        1636 ASR_MSG_GRSLT,   local  
[2022/03/23 16:51:22 619] isr        1307 0  nil  2  
[2022/03/23 16:51:22 720] isr        1636 ASR_MSG_GRSLT,   local  
[2022/03/23 16:51:22 720] isr        1307 0  nil  2  
[2022/03/23 16:51:22 820] isr        1636 ASR_MSG_GRSLT,   local  
[2022/03/23 16:51:22 820] isr        1307 0  nil  2  
[2022/03/23 16:51:22 921] isr        1636 ASR_MSG_GRSLT,   local  
[2022/03/23 16:51:22 921] isr        1307 0  nil  2  
[2022/03/23 16:51:22 982] isr        723  local_cbmsg_handler  ,msg=  407  param1=  nil  
[2022/03/23 16:51:22 982] isr        641  process_result call:  local  nil  0  2  
[2022/03/23 16:51:22 982] isr        798  3  msc  
[2022/03/23 16:51:22 982] isr        800  already speech end  
[2022/03/23 16:51:22 983] isr        723  local_cbmsg_handler  ,msg=  408  param1=  nil  
[2022/03/23 16:51:22 983] isr        734  local session recognized end!  
[2022/03/23 16:51:23 022] isr        1636 ASR_MSG_GRSLT,   local  
[2022/03/23 16:51:23 022] isr        1307 0  nil  5  
[2022/03/23 16:51:23 123] isr        1639 ASR_MSG_SSE,   local  
[2022/03/23 16:51:23 123] isr        1356 session_end() [in]  
[2022/03/23 16:51:23 123] isr        1377 local_session_end() [in]  
[2022/03/23 16:51:23 124] isr        1416 ASR_LOCAL_MSG_SSE net_type  nil  
[2022/03/23 16:51:23 125] isr        1667 isr unload!  
============================================================
Time  2022/03/23 17:00:55 850 
============================================================
[2022/03/23 17:00:55 850] isr        1659 isr loaded!  
[2022/03/23 17:00:55 850] isr        1642 SYS_MSG_REGCB param0 =   msp_status_cb  param1 =   func(98131dd0) 
[2022/03/23 17:00:55 851] isr        1537 ASR_MSG_SSB  
[2022/03/23 17:00:55 851] isr        1066 session_begin() [in], params:   engine_type = local, 		asr_res_path = fo|/home/wheeltec/SR2.2-HR1.1.3/SR2.2-HR1.1.3/offline_mic/bin/config/msc/res/asr/common.jet, sample_rate = 16000, 		grm_build_path = /home/wheeltec/SR2.2-HR1.1.3/SR2.2-HR1.1.3/offline_mic/bin/config/msc/res/asr/GrmBuilld, local_grammar = call, 		result_type = xml, result_encoding = UTF-8,   nil  
[2022/03/23 17:00:55 851] isr        927  vad_set [in]  
[2022/03/23 17:00:55 851] isr        962  vad_enable :  true  
[2022/03/23 17:00:55 851] isr        980  vad_bos :  10000  
[2022/03/23 17:00:55 851] isr        981  vad_eos :  2000  
[2022/03/23 17:00:55 851] isr        886  enable_vad [in]  
[2022/03/23 17:00:55 852] isr        918  vad enabled!  2000  10000  
[2022/03/23 17:00:55 852] isr        921  enable_vad [out]  
[2022/03/23 17:00:55 852] isr        987  vad_set [out] | ret =  0  
[2022/03/23 17:00:55 852] isr        1182 cur_engine_type =   local  
[2022/03/23 17:00:55 852] isr        992  local_session_begin  
[2022/03/23 17:00:55 855] isr        1547 ASR_MSG_AUW,   local  
[2022/03/23 17:00:55 855] isr        1559 6400  1  
[2022/03/23 17:00:55 855] isr        1569 once_bytes:   6400  
[2022/03/23 17:00:55 857] isr        1547 ASR_MSG_AUW,   local  
[2022/03/23 17:00:55 857] isr        1559 6400  2  
[2022/03/23 17:00:55 858] isr        1547 ASR_MSG_AUW,   local  
[2022/03/23 17:00:55 858] isr        1559 6400  2  
[2022/03/23 17:00:55 860] isr        1547 ASR_MSG_AUW,   local  
[2022/03/23 17:00:55 860] isr        1559 6400  2  
[2022/03/23 17:00:55 861] isr        1547 ASR_MSG_AUW,   local  
[2022/03/23 17:00:55 861] isr        1559 6400  2  
[2022/03/23 17:00:55 862] isr        1547 ASR_MSG_AUW,   local  
[2022/03/23 17:00:55 862] isr        1559 6400  2  
[2022/03/23 17:00:55 863] isr        1547 ASR_MSG_AUW,   local  
[2022/03/23 17:00:55 863] isr        1559 6400  2  
[2022/03/23 17:00:55 864] isr        1547 ASR_MSG_AUW,   local  
[2022/03/23 17:00:55 864] isr        1559 6400  2  
[2022/03/23 17:00:55 865] isr        851  [aud] speech start  
[2022/03/23 17:00:55 865] isr        798  1  msc  
[2022/03/23 17:00:55 866] isr        1547 ASR_MSG_AUW,   local  
[2022/03/23 17:00:55 866] isr        1559 6400  2  
[2022/03/23 17:00:55 867] isr        1547 ASR_MSG_AUW,   local  
[2022/03/23 17:00:55 867] isr        1559 6400  2  
[2022/03/23 17:00:55 868] isr        1547 ASR_MSG_AUW,   local  
[2022/03/23 17:00:55 868] isr        1559 0  4  
[2022/03/23 17:00:55 869] isr        1592 aud end, USER  
[2022/03/23 17:00:55 873] isr        1636 ASR_MSG_GRSLT,   local  
[2022/03/23 17:00:55 873] isr        1307 0  nil  2  
[2022/03/23 17:00:55 884] isr        854  [aud] speech end  
[2022/03/23 17:00:55 884] isr        798  3  msc  
[2022/03/23 17:00:55 973] isr        1636 ASR_MSG_GRSLT,   local  
[2022/03/23 17:00:55 973] isr        1307 0  nil  2  
[2022/03/23 17:00:56 003] isr        723  local_cbmsg_handler  ,msg=  406  param1=  nil  
[2022/03/23 17:00:56 074] isr        1636 ASR_MSG_GRSLT,   local  
[2022/03/23 17:00:56 074] isr        1307 0  nil  2  
[2022/03/23 17:00:56 175] isr        1636 ASR_MSG_GRSLT,   local  
[2022/03/23 17:00:56 175] isr        1307 0  nil  2  
[2022/03/23 17:00:56 202] isr        723  local_cbmsg_handler  ,msg=  407  param1=  nil  
[2022/03/23 17:00:56 202] isr        641  process_result call:  local  nil  0  2  
[2022/03/23 17:00:56 202] isr        798  3  msc  
[2022/03/23 17:00:56 203] isr        800  already speech end  
[2022/03/23 17:00:56 203] isr        723  local_cbmsg_handler  ,msg=  408  param1=  nil  
[2022/03/23 17:00:56 203] isr        734  local session recognized end!  
[2022/03/23 17:00:56 276] isr        1636 ASR_MSG_GRSLT,   local  
[2022/03/23 17:00:56 276] isr        1307 0  nil  5  
[2022/03/23 17:00:56 377] isr        1639 ASR_MSG_SSE,   local  
[2022/03/23 17:00:56 377] isr        1356 session_end() [in]  
[2022/03/23 17:00:56 377] isr        1377 local_session_end() [in]  
[2022/03/23 17:00:56 378] isr        1416 ASR_LOCAL_MSG_SSE net_type  nil  
[2022/03/23 17:00:56 379] isr        1667 isr unload!  
============================================================
Time  2022/03/23 17:00:58 852 
============================================================
[2022/03/23 17:00:58 852] isr        1659 isr loaded!  
[2022/03/23 17:00:58 853] isr        1642 SYS_MSG_REGCB param0 =   msp_status_cb  param1 =   func(8402ed00) 
[2022/03/23 17:00:58 853] isr        1537 ASR_MSG_SSB  
[2022/03/23 17:00:58 853] isr        1066 session_begin() [in], params:   engine_type = local, 		asr_res_path = fo|/home/wheeltec/SR2.2-HR1.1.3/SR2.2-HR1.1.3/offline_mic/bin/config/msc/res/asr/common.jet, sample_rate = 16000, 		grm_build_path = /home/wheeltec/SR2.2-HR1.1.3/SR2.2-HR1.1.3/offline_mic/bin/config/msc/res/asr/GrmBuilld, local_grammar = call, 		result_type = xml, result_encoding = UTF-8,   nil  
[2022/03/23 17:00:58 853] isr        927  vad_set [in]  
[2022/03/23 17:00:58 853] isr        962  vad_enable :  true  
[2022/03/23 17:00:58 853] isr        980  vad_bos :  10000  
[2022/03/23 17:00:58 853] isr        981  vad_eos :  2000  
[2022/03/23 17:00:58 853] isr        886  enable_vad [in]  
[2022/03/23 17:00:58 854] isr        918  vad enabled!  2000  10000  
[2022/03/23 17:00:58 854] isr        921  enable_vad [out]  
[2022/03/23 17:00:58 854] isr        987  vad_set [out] | ret =  0  
[2022/03/23 17:00:58 854] isr        1182 cur_engine_type =   local  
[2022/03/23 17:00:58 854] isr        992  local_session_begin  
[2022/03/23 17:00:58 857] isr        1547 ASR_MSG_AUW,   local  
[2022/03/23 17:00:58 857] isr        1559 6400  1  
[2022/03/23 17:00:58 858] isr        1569 once_bytes:   6400  
[2022/03/23 17:00:58 858] isr        1547 ASR_MSG_AUW,   local  
[2022/03/23 17:00:58 859] isr        1559 6400  2  
[2022/03/23 17:00:58 860] isr        1547 ASR_MSG_AUW,   local  
[2022/03/23 17:00:58 860] isr        1559 6400  2  
[2022/03/23 17:00:58 862] isr        1547 ASR_MSG_AUW,   local  
[2022/03/23 17:00:58 862] isr        1559 6400  2  
[2022/03/23 17:00:58 863] isr        1547 ASR_MSG_AUW,   local  
[2022/03/23 17:00:58 864] isr        1559 6400  2  
[2022/03/23 17:00:58 865] isr        1547 ASR_MSG_AUW,   local  
[2022/03/23 17:00:58 865] isr        1559 6400  2  
[2022/03/23 17:00:58 866] isr        1547 ASR_MSG_AUW,   local  
[2022/03/23 17:00:58 866] isr        1559 6400  2  
[2022/03/23 17:00:58 867] isr        851  [aud] speech start  
[2022/03/23 17:00:58 867] isr        798  1  msc  
[2022/03/23 17:00:58 868] isr        1547 ASR_MSG_AUW,   local  
[2022/03/23 17:00:58 868] isr        1559 6400  2  
[2022/03/23 17:00:58 869] isr        1547 ASR_MSG_AUW,   local  
[2022/03/23 17:00:58 869] isr        1559 6400  2  
[2022/03/23 17:00:58 870] isr        1547 ASR_MSG_AUW,   local  
[2022/03/23 17:00:58 870] isr        1559 6400  2  
[2022/03/23 17:00:58 871] isr        1547 ASR_MSG_AUW,   local  
[2022/03/23 17:00:58 871] isr        1559 0  4  
[2022/03/23 17:00:58 871] isr        1592 aud end, USER  
[2022/03/23 17:00:58 876] isr        1636 ASR_MSG_GRSLT,   local  
[2022/03/23 17:00:58 876] isr        1307 0  nil  2  
[2022/03/23 17:00:58 884] isr        854  [aud] speech end  
[2022/03/23 17:00:58 884] isr        798  3  msc  
[2022/03/23 17:00:58 977] isr        1636 ASR_MSG_GRSLT,   local  
[2022/03/23 17:00:58 977] isr        1307 0  nil  2  
[2022/03/23 17:00:59 004] isr        723  local_cbmsg_handler  ,msg=  406  param1=  nil  
[2022/03/23 17:00:59 078] isr        1636 ASR_MSG_GRSLT,   local  
[2022/03/23 17:00:59 078] isr        1307 0  nil  2  
[2022/03/23 17:00:59 180] isr        1636 ASR_MSG_GRSLT,   local  
[2022/03/23 17:00:59 190] isr        1307 0  nil  2  
[2022/03/23 17:00:59 194] isr        723  local_cbmsg_handler  ,msg=  407  param1=  nil  
[2022/03/23 17:00:59 195] isr        641  process_result call:  local  nil  0  2  
[2022/03/23 17:00:59 195] isr        798  3  msc  
[2022/03/23 17:00:59 195] isr        800  already speech end  
[2022/03/23 17:00:59 195] isr        723  local_cbmsg_handler  ,msg=  408  param1=  nil  
[2022/03/23 17:00:59 195] isr        734  local session recognized end!  
[2022/03/23 17:00:59 290] isr        1636 ASR_MSG_GRSLT,   local  
[2022/03/23 17:00:59 290] isr        1307 0  nil  5  
[2022/03/23 17:00:59 391] isr        1639 ASR_MSG_SSE,   local  
[2022/03/23 17:00:59 391] isr        1356 session_end() [in]  
[2022/03/23 17:00:59 391] isr        1377 local_session_end() [in]  
[2022/03/23 17:00:59 393] isr        1416 ASR_LOCAL_MSG_SSE net_type  nil  
[2022/03/23 17:00:59 393] isr        1667 isr unload!  
============================================================
Time  2022/03/23 17:01:01 864 
============================================================
[2022/03/23 17:01:01 864] isr        1659 isr loaded!  
[2022/03/23 17:01:01 865] isr        1642 SYS_MSG_REGCB param0 =   msp_status_cb  param1 =   func(a402ea20) 
[2022/03/23 17:01:01 865] isr        1537 ASR_MSG_SSB  
[2022/03/23 17:01:01 865] isr        1066 session_begin() [in], params:   engine_type = local, 		asr_res_path = fo|/home/wheeltec/SR2.2-HR1.1.3/SR2.2-HR1.1.3/offline_mic/bin/config/msc/res/asr/common.jet, sample_rate = 16000, 		grm_build_path = /home/wheeltec/SR2.2-HR1.1.3/SR2.2-HR1.1.3/offline_mic/bin/config/msc/res/asr/GrmBuilld, local_grammar = call, 		result_type = xml, result_encoding = UTF-8,   nil  
[2022/03/23 17:01:01 865] isr        927  vad_set [in]  
[2022/03/23 17:01:01 865] isr        962  vad_enable :  true  
[2022/03/23 17:01:01 865] isr        980  vad_bos :  10000  
[2022/03/23 17:01:01 865] isr        981  vad_eos :  2000  
[2022/03/23 17:01:01 866] isr        886  enable_vad [in]  
[2022/03/23 17:01:01 866] isr        918  vad enabled!  2000  10000  
[2022/03/23 17:01:01 866] isr        921  enable_vad [out]  
[2022/03/23 17:01:01 866] isr        987  vad_set [out] | ret =  0  
[2022/03/23 17:01:01 866] isr        1182 cur_engine_type =   local  
[2022/03/23 17:01:01 866] isr        992  local_session_begin  
[2022/03/23 17:01:01 869] isr        1547 ASR_MSG_AUW,   local  
[2022/03/23 17:01:01 869] isr        1559 6400  1  
[2022/03/23 17:01:01 869] isr        1569 once_bytes:   6400  
[2022/03/23 17:01:01 871] isr        1547 ASR_MSG_AUW,   local  
[2022/03/23 17:01:01 871] isr        1559 6400  2  
[2022/03/23 17:01:01 873] isr        1547 ASR_MSG_AUW,   local  
[2022/03/23 17:01:01 874] isr        1559 6400  2  
[2022/03/23 17:01:01 875] isr        1547 ASR_MSG_AUW,   local  
[2022/03/23 17:01:01 875] isr        1559 6400  2  
[2022/03/23 17:01:01 876] isr        1547 ASR_MSG_AUW,   local  
[2022/03/23 17:01:01 876] isr        1559 6400  2  
[2022/03/23 17:01:01 877] isr        1547 ASR_MSG_AUW,   local  
[2022/03/23 17:01:01 877] isr        1559 6400  2  
[2022/03/23 17:01:01 878] isr        1547 ASR_MSG_AUW,   local  
[2022/03/23 17:01:01 878] isr        1559 6400  2  
[2022/03/23 17:01:01 879] isr        1547 ASR_MSG_AUW,   local  
[2022/03/23 17:01:01 879] isr        1559 6400  2  
[2022/03/23 17:01:01 880] isr        1547 ASR_MSG_AUW,   local  
[2022/03/23 17:01:01 881] isr        1559 6400  2  
[2022/03/23 17:01:01 881] isr        851  [aud] speech start  
[2022/03/23 17:01:01 882] isr        798  1  msc  
[2022/03/23 17:01:01 882] isr        1547 ASR_MSG_AUW,   local  
[2022/03/23 17:01:01 882] isr        1559 6400  2  
[2022/03/23 17:01:01 883] isr        1547 ASR_MSG_AUW,   local  
[2022/03/23 17:01:01 883] isr        1559 0  4  
[2022/03/23 17:01:01 884] isr        1592 aud end, USER  
[2022/03/23 17:01:01 888] isr        1636 ASR_MSG_GRSLT,   local  
[2022/03/23 17:01:01 888] isr        1307 0  nil  2  
[2022/03/23 17:01:01 897] isr        854  [aud] speech end  
[2022/03/23 17:01:01 897] isr        798  3  msc  
[2022/03/23 17:01:01 989] isr        1636 ASR_MSG_GRSLT,   local  
[2022/03/23 17:01:01 989] isr        1307 0  nil  2  
[2022/03/23 17:01:02 015] isr        723  local_cbmsg_handler  ,msg=  406  param1=  nil  
[2022/03/23 17:01:02 090] isr        1636 ASR_MSG_GRSLT,   local  
[2022/03/23 17:01:02 090] isr        1307 0  nil  2  
[2022/03/23 17:01:02 191] isr        1636 ASR_MSG_GRSLT,   local  
[2022/03/23 17:01:02 191] isr        1307 0  nil  2  
[2022/03/23 17:01:02 208] isr        723  local_cbmsg_handler  ,msg=  407  param1=  nil  
[2022/03/23 17:01:02 208] isr        641  process_result call:  local  nil  0  2  
[2022/03/23 17:01:02 208] isr        798  3  msc  
[2022/03/23 17:01:02 208] isr        800  already speech end  
[2022/03/23 17:01:02 208] isr        723  local_cbmsg_handler  ,msg=  408  param1=  nil  
[2022/03/23 17:01:02 208] isr        734  local session recognized end!  
[2022/03/23 17:01:02 291] isr        1636 ASR_MSG_GRSLT,   local  
[2022/03/23 17:01:02 292] isr        1307 0  nil  5  
[2022/03/23 17:01:02 392] isr        1639 ASR_MSG_SSE,   local  
[2022/03/23 17:01:02 392] isr        1356 session_end() [in]  
[2022/03/23 17:01:02 392] isr        1377 local_session_end() [in]  
[2022/03/23 17:01:02 394] isr        1416 ASR_LOCAL_MSG_SSE net_type  nil  
[2022/03/23 17:01:02 395] isr        1667 isr unload!  
============================================================
Time  2022/03/23 17:01:04 864 
============================================================
[2022/03/23 17:01:04 864] isr        1659 isr loaded!  
[2022/03/23 17:01:04 864] isr        1642 SYS_MSG_REGCB param0 =   msp_status_cb  param1 =   func(9c1040d0) 
[2022/03/23 17:01:04 865] isr        1537 ASR_MSG_SSB  
[2022/03/23 17:01:04 865] isr        1066 session_begin() [in], params:   engine_type = local, 		asr_res_path = fo|/home/wheeltec/SR2.2-HR1.1.3/SR2.2-HR1.1.3/offline_mic/bin/config/msc/res/asr/common.jet, sample_rate = 16000, 		grm_build_path = /home/wheeltec/SR2.2-HR1.1.3/SR2.2-HR1.1.3/offline_mic/bin/config/msc/res/asr/GrmBuilld, local_grammar = call, 		result_type = xml, result_encoding = UTF-8,   nil  
[2022/03/23 17:01:04 865] isr        927  vad_set [in]  
[2022/03/23 17:01:04 865] isr        962  vad_enable :  true  
[2022/03/23 17:01:04 865] isr        980  vad_bos :  10000  
[2022/03/23 17:01:04 865] isr        981  vad_eos :  2000  
[2022/03/23 17:01:04 865] isr        886  enable_vad [in]  
[2022/03/23 17:01:04 866] isr        918  vad enabled!  2000  10000  
[2022/03/23 17:01:04 866] isr        921  enable_vad [out]  
[2022/03/23 17:01:04 866] isr        987  vad_set [out] | ret =  0  
[2022/03/23 17:01:04 866] isr        1182 cur_engine_type =   local  
[2022/03/23 17:01:04 866] isr        992  local_session_begin  
[2022/03/23 17:01:04 869] isr        1547 ASR_MSG_AUW,   local  
[2022/03/23 17:01:04 869] isr        1559 6400  1  
[2022/03/23 17:01:04 869] isr        1569 once_bytes:   6400  
[2022/03/23 17:01:04 870] isr        1547 ASR_MSG_AUW,   local  
[2022/03/23 17:01:04 870] isr        1559 6400  2  
[2022/03/23 17:01:04 872] isr        1547 ASR_MSG_AUW,   local  
[2022/03/23 17:01:04 872] isr        1559 6400  2  
[2022/03/23 17:01:04 873] isr        1547 ASR_MSG_AUW,   local  
[2022/03/23 17:01:04 873] isr        1559 6400  2  
[2022/03/23 17:01:04 875] isr        1547 ASR_MSG_AUW,   local  
[2022/03/23 17:01:04 875] isr        1559 6400  2  
[2022/03/23 17:01:04 877] isr        1547 ASR_MSG_AUW,   local  
[2022/03/23 17:01:04 877] isr        1559 6400  2  
[2022/03/23 17:01:04 878] isr        851  [aud] speech start  
[2022/03/23 17:01:04 878] isr        798  1  msc  
[2022/03/23 17:01:04 879] isr        1547 ASR_MSG_AUW,   local  
[2022/03/23 17:01:04 879] isr        1559 6400  2  
[2022/03/23 17:01:04 880] isr        1547 ASR_MSG_AUW,   local  
[2022/03/23 17:01:04 880] isr        1559 6400  2  
[2022/03/23 17:01:04 881] isr        1547 ASR_MSG_AUW,   local  
[2022/03/23 17:01:04 881] isr        1559 6400  2  
[2022/03/23 17:01:04 881] isr        1547 ASR_MSG_AUW,   local  
[2022/03/23 17:01:04 881] isr        1559 6400  2  
[2022/03/23 17:01:04 884] isr        1547 ASR_MSG_AUW,   local  
[2022/03/23 17:01:04 884] isr        1559 0  4  
[2022/03/23 17:01:04 884] isr        1592 aud end, USER  
[2022/03/23 17:01:04 887] isr        1636 ASR_MSG_GRSLT,   local  
[2022/03/23 17:01:04 887] isr        1307 0  nil  2  
[2022/03/23 17:01:04 895] isr        854  [aud] speech end  
[2022/03/23 17:01:04 896] isr        798  3  msc  
[2022/03/23 17:01:04 988] isr        1636 ASR_MSG_GRSLT,   local  
[2022/03/23 17:01:04 988] isr        1307 0  nil  2  
[2022/03/23 17:01:05 014] isr        723  local_cbmsg_handler  ,msg=  406  param1=  nil  
[2022/03/23 17:01:05 089] isr        1636 ASR_MSG_GRSLT,   local  
[2022/03/23 17:01:05 089] isr        1307 0  nil  2  
[2022/03/23 17:01:05 190] isr        1636 ASR_MSG_GRSLT,   local  
[2022/03/23 17:01:05 190] isr        1307 0  nil  2  
[2022/03/23 17:01:05 205] isr        723  local_cbmsg_handler  ,msg=  407  param1=  nil  
[2022/03/23 17:01:05 205] isr        641  process_result call:  local  nil  0  2  
[2022/03/23 17:01:05 205] isr        798  3  msc  
[2022/03/23 17:01:05 205] isr        800  already speech end  
[2022/03/23 17:01:05 206] isr        723  local_cbmsg_handler  ,msg=  408  param1=  nil  
[2022/03/23 17:01:05 206] isr        734  local session recognized end!  
[2022/03/23 17:01:05 291] isr        1636 ASR_MSG_GRSLT,   local  
[2022/03/23 17:01:05 291] isr        1307 0  nil  5  
[2022/03/23 17:01:05 391] isr        1639 ASR_MSG_SSE,   local  
[2022/03/23 17:01:05 391] isr        1356 session_end() [in]  
[2022/03/23 17:01:05 391] isr        1377 local_session_end() [in]  
[2022/03/23 17:01:05 393] isr        1416 ASR_LOCAL_MSG_SSE net_type  nil  
[2022/03/23 17:01:05 394] isr        1667 isr unload!  
============================================================
Time  2022/03/23 17:01:07 864 
============================================================
[2022/03/23 17:01:07 864] isr        1659 isr loaded!  
[2022/03/23 17:01:07 864] isr        1642 SYS_MSG_REGCB param0 =   msp_status_cb  param1 =   func(8402d390) 
[2022/03/23 17:01:07 865] isr        1537 ASR_MSG_SSB  
[2022/03/23 17:01:07 865] isr        1066 session_begin() [in], params:   engine_type = local, 		asr_res_path = fo|/home/wheeltec/SR2.2-HR1.1.3/SR2.2-HR1.1.3/offline_mic/bin/config/msc/res/asr/common.jet, sample_rate = 16000, 		grm_build_path = /home/wheeltec/SR2.2-HR1.1.3/SR2.2-HR1.1.3/offline_mic/bin/config/msc/res/asr/GrmBuilld, local_grammar = call, 		result_type = xml, result_encoding = UTF-8,   nil  
[2022/03/23 17:01:07 865] isr        927  vad_set [in]  
[2022/03/23 17:01:07 865] isr        962  vad_enable :  true  
[2022/03/23 17:01:07 865] isr        980  vad_bos :  10000  
[2022/03/23 17:01:07 865] isr        981  vad_eos :  2000  
[2022/03/23 17:01:07 865] isr        886  enable_vad [in]  
[2022/03/23 17:01:07 866] isr        918  vad enabled!  2000  10000  
[2022/03/23 17:01:07 866] isr        921  enable_vad [out]  
[2022/03/23 17:01:07 866] isr        987  vad_set [out] | ret =  0  
[2022/03/23 17:01:07 866] isr        1182 cur_engine_type =   local  
[2022/03/23 17:01:07 866] isr        992  local_session_begin  
[2022/03/23 17:01:07 869] isr        1547 ASR_MSG_AUW,   local  
[2022/03/23 17:01:07 869] isr        1559 6400  1  
[2022/03/23 17:01:07 869] isr        1569 once_bytes:   6400  
[2022/03/23 17:01:07 870] isr        1547 ASR_MSG_AUW,   local  
[2022/03/23 17:01:07 870] isr        1559 6400  2  
[2022/03/23 17:01:07 872] isr        1547 ASR_MSG_AUW,   local  
[2022/03/23 17:01:07 872] isr        1559 6400  2  
[2022/03/23 17:01:07 873] isr        1547 ASR_MSG_AUW,   local  
[2022/03/23 17:01:07 874] isr        1559 6400  2  
[2022/03/23 17:01:07 875] isr        1547 ASR_MSG_AUW,   local  
[2022/03/23 17:01:07 875] isr        1559 6400  2  
[2022/03/23 17:01:07 876] isr        1547 ASR_MSG_AUW,   local  
[2022/03/23 17:01:07 876] isr        1559 6400  2  
[2022/03/23 17:01:07 877] isr        1547 ASR_MSG_AUW,   local  
[2022/03/23 17:01:07 877] isr        1559 6400  2  
[2022/03/23 17:01:07 878] isr        851  [aud] speech start  
[2022/03/23 17:01:07 878] isr        798  1  msc  
[2022/03/23 17:01:07 879] isr        1547 ASR_MSG_AUW,   local  
[2022/03/23 17:01:07 879] isr        1559 6400  2  
[2022/03/23 17:01:07 880] isr        1547 ASR_MSG_AUW,   local  
[2022/03/23 17:01:07 880] isr        1559 6400  2  
[2022/03/23 17:01:07 881] isr        1547 ASR_MSG_AUW,   local  
[2022/03/23 17:01:07 881] isr        1559 6400  2  
[2022/03/23 17:01:07 881] isr        1547 ASR_MSG_AUW,   local  
[2022/03/23 17:01:07 881] isr        1559 0  4  
[2022/03/23 17:01:07 881] isr        1592 aud end, USER  
[2022/03/23 17:01:07 885] isr        1636 ASR_MSG_GRSLT,   local  
[2022/03/23 17:01:07 885] isr        1307 0  nil  2  
[2022/03/23 17:01:07 895] isr        854  [aud] speech end  
[2022/03/23 17:01:07 895] isr        798  3  msc  
[2022/03/23 17:01:07 986] isr        1636 ASR_MSG_GRSLT,   local  
[2022/03/23 17:01:07 986] isr        1307 0  nil  2  
[2022/03/23 17:01:08 011] isr        723  local_cbmsg_handler  ,msg=  406  param1=  nil  
[2022/03/23 17:01:08 087] isr        1636 ASR_MSG_GRSLT,   local  
[2022/03/23 17:01:08 087] isr        1307 0  nil  2  
[2022/03/23 17:01:08 188] isr        1636 ASR_MSG_GRSLT,   local  
[2022/03/23 17:01:08 188] isr        1307 0  nil  2  
[2022/03/23 17:01:08 205] isr        723  local_cbmsg_handler  ,msg=  407  param1=  nil  
[2022/03/23 17:01:08 206] isr        641  process_result call:  local  nil  0  2  
[2022/03/23 17:01:08 206] isr        798  3  msc  
[2022/03/23 17:01:08 206] isr        800  already speech end  
[2022/03/23 17:01:08 206] isr        723  local_cbmsg_handler  ,msg=  408  param1=  nil  
[2022/03/23 17:01:08 206] isr        734  local session recognized end!  
[2022/03/23 17:01:08 289] isr        1636 ASR_MSG_GRSLT,   local  
[2022/03/23 17:01:08 289] isr        1307 0  nil  5  
[2022/03/23 17:01:08 389] isr        1639 ASR_MSG_SSE,   local  
[2022/03/23 17:01:08 389] isr        1356 session_end() [in]  
[2022/03/23 17:01:08 390] isr        1377 local_session_end() [in]  
[2022/03/23 17:01:08 391] isr        1416 ASR_LOCAL_MSG_SSE net_type  nil  
[2022/03/23 17:01:08 392] isr        1667 isr unload!  
============================================================
Time  2022/03/23 17:05:16 070 
============================================================
[2022/03/23 17:05:16 070] isr        1659 isr loaded!  
[2022/03/23 17:05:16 071] isr        1642 SYS_MSG_REGCB param0 =   msp_status_cb  param1 =   func(78131b30) 
[2022/03/23 17:05:16 071] isr        1537 ASR_MSG_SSB  
[2022/03/23 17:05:16 071] isr        1066 session_begin() [in], params:   engine_type = local, 		asr_res_path = fo|/home/wheeltec/SR2.2-HR1.1.3/SR2.2-HR1.1.3/offline_mic/bin/config/msc/res/asr/common.jet, sample_rate = 16000, 		grm_build_path = /home/wheeltec/SR2.2-HR1.1.3/SR2.2-HR1.1.3/offline_mic/bin/config/msc/res/asr/GrmBuilld, local_grammar = call, 		result_type = xml, result_encoding = UTF-8,   nil  
[2022/03/23 17:05:16 071] isr        927  vad_set [in]  
[2022/03/23 17:05:16 071] isr        962  vad_enable :  true  
[2022/03/23 17:05:16 071] isr        980  vad_bos :  10000  
[2022/03/23 17:05:16 072] isr        981  vad_eos :  2000  
[2022/03/23 17:05:16 072] isr        886  enable_vad [in]  
[2022/03/23 17:05:16 072] isr        918  vad enabled!  2000  10000  
[2022/03/23 17:05:16 072] isr        921  enable_vad [out]  
[2022/03/23 17:05:16 072] isr        987  vad_set [out] | ret =  0  
[2022/03/23 17:05:16 073] isr        1182 cur_engine_type =   local  
[2022/03/23 17:05:16 073] isr        992  local_session_begin  
[2022/03/23 17:05:16 075] isr        1547 ASR_MSG_AUW,   local  
[2022/03/23 17:05:16 075] isr        1559 6400  1  
[2022/03/23 17:05:16 076] isr        1569 once_bytes:   6400  
[2022/03/23 17:05:16 077] isr        1547 ASR_MSG_AUW,   local  
[2022/03/23 17:05:16 077] isr        1559 6400  2  
[2022/03/23 17:05:16 078] isr        1547 ASR_MSG_AUW,   local  
[2022/03/23 17:05:16 078] isr        1559 6400  2  
[2022/03/23 17:05:16 079] isr        1547 ASR_MSG_AUW,   local  
[2022/03/23 17:05:16 080] isr        1559 6400  2  
[2022/03/23 17:05:16 080] isr        1547 ASR_MSG_AUW,   local  
[2022/03/23 17:05:16 081] isr        1559 6400  2  
[2022/03/23 17:05:16 082] isr        1547 ASR_MSG_AUW,   local  
[2022/03/23 17:05:16 082] isr        1559 6400  2  
[2022/03/23 17:05:16 083] isr        1547 ASR_MSG_AUW,   local  
[2022/03/23 17:05:16 084] isr        1559 6400  2  
[2022/03/23 17:05:16 085] isr        851  [aud] speech start  
[2022/03/23 17:05:16 085] isr        798  1  msc  
[2022/03/23 17:05:16 087] isr        1547 ASR_MSG_AUW,   local  
[2022/03/23 17:05:16 087] isr        1559 6400  2  
[2022/03/23 17:05:16 088] isr        1547 ASR_MSG_AUW,   local  
[2022/03/23 17:05:16 088] isr        1559 6400  2  
[2022/03/23 17:05:16 089] isr        1547 ASR_MSG_AUW,   local  
[2022/03/23 17:05:16 089] isr        1559 6400  2  
[2022/03/23 17:05:16 089] isr        1547 ASR_MSG_AUW,   local  
[2022/03/23 17:05:16 090] isr        1559 6400  2  
[2022/03/23 17:05:16 091] isr        1547 ASR_MSG_AUW,   local  
[2022/03/23 17:05:16 091] isr        1559 6400  2  
[2022/03/23 17:05:16 093] isr        1547 ASR_MSG_AUW,   local  
[2022/03/23 17:05:16 093] isr        1559 6400  2  
[2022/03/23 17:05:16 094] isr        1547 ASR_MSG_AUW,   local  
[2022/03/23 17:05:16 094] isr        1559 6400  2  
[2022/03/23 17:05:16 095] isr        1547 ASR_MSG_AUW,   local  
[2022/03/23 17:05:16 095] isr        1559 6400  2  
[2022/03/23 17:05:16 096] isr        1547 ASR_MSG_AUW,   local  
[2022/03/23 17:05:16 096] isr        1559 0  4  
[2022/03/23 17:05:16 096] isr        1592 aud end, USER  
[2022/03/23 17:05:16 100] isr        1636 ASR_MSG_GRSLT,   local  
[2022/03/23 17:05:16 100] isr        1307 0  nil  2  
[2022/03/23 17:05:16 121] isr        854  [aud] speech end  
[2022/03/23 17:05:16 122] isr        798  3  msc  
[2022/03/23 17:05:16 201] isr        1636 ASR_MSG_GRSLT,   local  
[2022/03/23 17:05:16 201] isr        1307 0  nil  2  
[2022/03/23 17:05:16 231] isr        723  local_cbmsg_handler  ,msg=  406  param1=  nil  
[2022/03/23 17:05:16 301] isr        1636 ASR_MSG_GRSLT,   local  
[2022/03/23 17:05:16 302] isr        1307 0  nil  2  
[2022/03/23 17:05:16 402] isr        1636 ASR_MSG_GRSLT,   local  
[2022/03/23 17:05:16 402] isr        1307 0  nil  2  
[2022/03/23 17:05:16 448] isr        723  local_cbmsg_handler  ,msg=  407  param1=  nil  
[2022/03/23 17:05:16 448] isr        641  process_result call:  local  nil  0  2  
[2022/03/23 17:05:16 449] isr        798  3  msc  
[2022/03/23 17:05:16 449] isr        800  already speech end  
[2022/03/23 17:05:16 449] isr        723  local_cbmsg_handler  ,msg=  408  param1=  nil  
[2022/03/23 17:05:16 449] isr        734  local session recognized end!  
[2022/03/23 17:05:16 503] isr        1636 ASR_MSG_GRSLT,   local  
[2022/03/23 17:05:16 503] isr        1307 0  nil  5  
[2022/03/23 17:05:16 604] isr        1639 ASR_MSG_SSE,   local  
[2022/03/23 17:05:16 604] isr        1356 session_end() [in]  
[2022/03/23 17:05:16 604] isr        1377 local_session_end() [in]  
[2022/03/23 17:05:16 606] isr        1416 ASR_LOCAL_MSG_SSE net_type  nil  
[2022/03/23 17:05:16 606] isr        1667 isr unload!  
============================================================
Time  2022/03/23 17:05:19 083 
============================================================
[2022/03/23 17:05:19 083] isr        1659 isr loaded!  
[2022/03/23 17:05:19 084] isr        1642 SYS_MSG_REGCB param0 =   msp_status_cb  param1 =   func(6402e8b0) 
[2022/03/23 17:05:19 084] isr        1537 ASR_MSG_SSB  
[2022/03/23 17:05:19 084] isr        1066 session_begin() [in], params:   engine_type = local, 		asr_res_path = fo|/home/wheeltec/SR2.2-HR1.1.3/SR2.2-HR1.1.3/offline_mic/bin/config/msc/res/asr/common.jet, sample_rate = 16000, 		grm_build_path = /home/wheeltec/SR2.2-HR1.1.3/SR2.2-HR1.1.3/offline_mic/bin/config/msc/res/asr/GrmBuilld, local_grammar = call, 		result_type = xml, result_encoding = UTF-8,   nil  
[2022/03/23 17:05:19 084] isr        927  vad_set [in]  
[2022/03/23 17:05:19 084] isr        962  vad_enable :  true  
[2022/03/23 17:05:19 084] isr        980  vad_bos :  10000  
[2022/03/23 17:05:19 084] isr        981  vad_eos :  2000  
[2022/03/23 17:05:19 084] isr        886  enable_vad [in]  
[2022/03/23 17:05:19 085] isr        918  vad enabled!  2000  10000  
[2022/03/23 17:05:19 085] isr        921  enable_vad [out]  
[2022/03/23 17:05:19 085] isr        987  vad_set [out] | ret =  0  
[2022/03/23 17:05:19 085] isr        1182 cur_engine_type =   local  
[2022/03/23 17:05:19 085] isr        992  local_session_begin  
[2022/03/23 17:05:19 088] isr        1547 ASR_MSG_AUW,   local  
[2022/03/23 17:05:19 088] isr        1559 6400  1  
[2022/03/23 17:05:19 088] isr        1569 once_bytes:   6400  
[2022/03/23 17:05:19 090] isr        1547 ASR_MSG_AUW,   local  
[2022/03/23 17:05:19 090] isr        1559 6400  2  
[2022/03/23 17:05:19 091] isr        1547 ASR_MSG_AUW,   local  
[2022/03/23 17:05:19 091] isr        1559 6400  2  
[2022/03/23 17:05:19 092] isr        1547 ASR_MSG_AUW,   local  
[2022/03/23 17:05:19 092] isr        1559 6400  2  
[2022/03/23 17:05:19 093] isr        1547 ASR_MSG_AUW,   local  
[2022/03/23 17:05:19 093] isr        1559 6400  2  
[2022/03/23 17:05:19 095] isr        1547 ASR_MSG_AUW,   local  
[2022/03/23 17:05:19 095] isr        1559 6400  2  
[2022/03/23 17:05:19 097] isr        1547 ASR_MSG_AUW,   local  
[2022/03/23 17:05:19 097] isr        1559 6400  2  
[2022/03/23 17:05:19 097] isr        851  [aud] speech start  
[2022/03/23 17:05:19 097] isr        798  1  msc  
[2022/03/23 17:05:19 098] isr        1547 ASR_MSG_AUW,   local  
[2022/03/23 17:05:19 098] isr        1559 6400  2  
[2022/03/23 17:05:19 099] isr        1547 ASR_MSG_AUW,   local  
[2022/03/23 17:05:19 099] isr        1559 6400  2  
[2022/03/23 17:05:19 100] isr        1547 ASR_MSG_AUW,   local  
[2022/03/23 17:05:19 100] isr        1559 6400  2  
[2022/03/23 17:05:19 100] isr        1547 ASR_MSG_AUW,   local  
[2022/03/23 17:05:19 100] isr        1559 0  4  
[2022/03/23 17:05:19 100] isr        1592 aud end, USER  
[2022/03/23 17:05:19 104] isr        1636 ASR_MSG_GRSLT,   local  
[2022/03/23 17:05:19 104] isr        1307 0  nil  2  
[2022/03/23 17:05:19 118] isr        854  [aud] speech end  
[2022/03/23 17:05:19 118] isr        798  3  msc  
[2022/03/23 17:05:19 205] isr        1636 ASR_MSG_GRSLT,   local  
[2022/03/23 17:05:19 205] isr        1307 0  nil  2  
[2022/03/23 17:05:19 234] isr        723  local_cbmsg_handler  ,msg=  406  param1=  nil  
[2022/03/23 17:05:19 306] isr        1636 ASR_MSG_GRSLT,   local  
[2022/03/23 17:05:19 306] isr        1307 0  nil  2  
[2022/03/23 17:05:19 350] isr        723  local_cbmsg_handler  ,msg=  404  param1=  nil  
[2022/03/23 17:05:19 407] isr        1636 ASR_MSG_GRSLT,   local  
[2022/03/23 17:05:19 407] isr        1307 0  nil  2  
[2022/03/23 17:05:19 508] isr        1636 ASR_MSG_GRSLT,   local  
[2022/03/23 17:05:19 508] isr        1307 0  nil  2  
[2022/03/23 17:05:19 590] isr        723  local_cbmsg_handler  ,msg=  407  param1=  nil  
[2022/03/23 17:05:19 591] isr        641  process_result call:  local  nil  0  2  
[2022/03/23 17:05:19 591] isr        798  3  msc  
[2022/03/23 17:05:19 591] isr        800  already speech end  
[2022/03/23 17:05:19 591] isr        723  local_cbmsg_handler  ,msg=  408  param1=  nil  
[2022/03/23 17:05:19 591] isr        734  local session recognized end!  
[2022/03/23 17:05:19 608] isr        1636 ASR_MSG_GRSLT,   local  
[2022/03/23 17:05:19 608] isr        1307 0  nil  5  
[2022/03/23 17:05:19 709] isr        1639 ASR_MSG_SSE,   local  
[2022/03/23 17:05:19 709] isr        1356 session_end() [in]  
[2022/03/23 17:05:19 709] isr        1377 local_session_end() [in]  
[2022/03/23 17:05:19 711] isr        1416 ASR_LOCAL_MSG_SSE net_type  nil  
[2022/03/23 17:05:19 712] isr        1667 isr unload!  
============================================================
Time  2022/03/23 17:05:22 087 
============================================================
[2022/03/23 17:05:22 087] isr        1659 isr loaded!  
[2022/03/23 17:05:22 088] isr        1642 SYS_MSG_REGCB param0 =   msp_status_cb  param1 =   func(800cf0c0) 
[2022/03/23 17:05:22 088] isr        1537 ASR_MSG_SSB  
[2022/03/23 17:05:22 088] isr        1066 session_begin() [in], params:   engine_type = local, 		asr_res_path = fo|/home/wheeltec/SR2.2-HR1.1.3/SR2.2-HR1.1.3/offline_mic/bin/config/msc/res/asr/common.jet, sample_rate = 16000, 		grm_build_path = /home/wheeltec/SR2.2-HR1.1.3/SR2.2-HR1.1.3/offline_mic/bin/config/msc/res/asr/GrmBuilld, local_grammar = call, 		result_type = xml, result_encoding = UTF-8,   nil  
[2022/03/23 17:05:22 088] isr        927  vad_set [in]  
[2022/03/23 17:05:22 088] isr        962  vad_enable :  true  
[2022/03/23 17:05:22 088] isr        980  vad_bos :  10000  
[2022/03/23 17:05:22 089] isr        981  vad_eos :  2000  
[2022/03/23 17:05:22 089] isr        886  enable_vad [in]  
[2022/03/23 17:05:22 089] isr        918  vad enabled!  2000  10000  
[2022/03/23 17:05:22 089] isr        921  enable_vad [out]  
[2022/03/23 17:05:22 089] isr        987  vad_set [out] | ret =  0  
[2022/03/23 17:05:22 089] isr        1182 cur_engine_type =   local  
[2022/03/23 17:05:22 090] isr        992  local_session_begin  
[2022/03/23 17:05:22 092] isr        1547 ASR_MSG_AUW,   local  
[2022/03/23 17:05:22 092] isr        1559 6400  1  
[2022/03/23 17:05:22 092] isr        1569 once_bytes:   6400  
[2022/03/23 17:05:22 093] isr        1547 ASR_MSG_AUW,   local  
[2022/03/23 17:05:22 094] isr        1559 6400  2  
[2022/03/23 17:05:22 095] isr        1547 ASR_MSG_AUW,   local  
[2022/03/23 17:05:22 095] isr        1559 6400  2  
[2022/03/23 17:05:22 096] isr        1547 ASR_MSG_AUW,   local  
[2022/03/23 17:05:22 096] isr        1559 6400  2  
[2022/03/23 17:05:22 097] isr        1547 ASR_MSG_AUW,   local  
[2022/03/23 17:05:22 098] isr        1559 6400  2  
[2022/03/23 17:05:22 099] isr        1547 ASR_MSG_AUW,   local  
[2022/03/23 17:05:22 099] isr        1559 6400  2  
[2022/03/23 17:05:22 101] isr        1547 ASR_MSG_AUW,   local  
[2022/03/23 17:05:22 101] isr        1559 6400  2  
[2022/03/23 17:05:22 101] isr        851  [aud] speech start  
[2022/03/23 17:05:22 101] isr        798  1  msc  
[2022/03/23 17:05:22 102] isr        1547 ASR_MSG_AUW,   local  
[2022/03/23 17:05:22 102] isr        1559 6400  2  
[2022/03/23 17:05:22 103] isr        1547 ASR_MSG_AUW,   local  
[2022/03/23 17:05:22 103] isr        1559 8800  2  
[2022/03/23 17:05:22 104] isr        1547 ASR_MSG_AUW,   local  
[2022/03/23 17:05:22 104] isr        1559 0  4  
[2022/03/23 17:05:22 104] isr        1592 aud end, USER  
[2022/03/23 17:05:22 106] isr        1636 ASR_MSG_GRSLT,   local  
[2022/03/23 17:05:22 106] isr        1307 0  nil  2  
[2022/03/23 17:05:22 119] isr        854  [aud] speech end  
[2022/03/23 17:05:22 120] isr        798  3  msc  
[2022/03/23 17:05:22 207] isr        1636 ASR_MSG_GRSLT,   local  
[2022/03/23 17:05:22 207] isr        1307 0  nil  2  
[2022/03/23 17:05:22 234] isr        723  local_cbmsg_handler  ,msg=  406  param1=  nil  
[2022/03/23 17:05:22 308] isr        1636 ASR_MSG_GRSLT,   local  
[2022/03/23 17:05:22 308] isr        1307 0  nil  2  
[2022/03/23 17:05:22 409] isr        1636 ASR_MSG_GRSLT,   local  
[2022/03/23 17:05:22 409] isr        1307 0  nil  2  
[2022/03/23 17:05:22 509] isr        1636 ASR_MSG_GRSLT,   local  
[2022/03/23 17:05:22 510] isr        1307 0  nil  2  
[2022/03/23 17:05:22 610] isr        1636 ASR_MSG_GRSLT,   local  
[2022/03/23 17:05:22 610] isr        1307 0  nil  2  
[2022/03/23 17:05:22 711] isr        1636 ASR_MSG_GRSLT,   local  
[2022/03/23 17:05:22 711] isr        1307 0  nil  2  
[2022/03/23 17:05:22 812] isr        1636 ASR_MSG_GRSLT,   local  
[2022/03/23 17:05:22 824] isr        1307 0  nil  2  
[2022/03/23 17:05:22 825] isr        723  local_cbmsg_handler  ,msg=  407  param1=  nil  
[2022/03/23 17:05:22 825] isr        641  process_result call:  local  nil  0  2  
[2022/03/23 17:05:22 826] isr        798  3  msc  
[2022/03/23 17:05:22 826] isr        800  already speech end  
[2022/03/23 17:05:22 826] isr        723  local_cbmsg_handler  ,msg=  408  param1=  nil  
[2022/03/23 17:05:22 826] isr        734  local session recognized end!  
[2022/03/23 17:05:22 925] isr        1636 ASR_MSG_GRSLT,   local  
[2022/03/23 17:05:22 925] isr        1307 0  nil  5  
[2022/03/23 17:05:23 026] isr        1639 ASR_MSG_SSE,   local  
[2022/03/23 17:05:23 026] isr        1356 session_end() [in]  
[2022/03/23 17:05:23 026] isr        1377 local_session_end() [in]  
[2022/03/23 17:05:23 028] isr        1416 ASR_LOCAL_MSG_SSE net_type  nil  
[2022/03/23 17:05:23 028] isr        1667 isr unload!  
============================================================
Time  2022/03/23 17:05:25 032 
============================================================
[2022/03/23 17:05:25 032] isr        1659 isr loaded!  
[2022/03/23 17:05:25 032] isr        1642 SYS_MSG_REGCB param0 =   msp_status_cb  param1 =   func(78166170) 
[2022/03/23 17:05:25 032] isr        1537 ASR_MSG_SSB  
[2022/03/23 17:05:25 032] isr        1066 session_begin() [in], params:   engine_type = local, 		asr_res_path = fo|/home/wheeltec/SR2.2-HR1.1.3/SR2.2-HR1.1.3/offline_mic/bin/config/msc/res/asr/common.jet, sample_rate = 16000, 		grm_build_path = /home/wheeltec/SR2.2-HR1.1.3/SR2.2-HR1.1.3/offline_mic/bin/config/msc/res/asr/GrmBuilld, local_grammar = call, 		result_type = xml, result_encoding = UTF-8,   nil  
[2022/03/23 17:05:25 032] isr        927  vad_set [in]  
[2022/03/23 17:05:25 032] isr        962  vad_enable :  true  
[2022/03/23 17:05:25 033] isr        980  vad_bos :  10000  
[2022/03/23 17:05:25 033] isr        981  vad_eos :  2000  
[2022/03/23 17:05:25 033] isr        886  enable_vad [in]  
[2022/03/23 17:05:25 033] isr        918  vad enabled!  2000  10000  
[2022/03/23 17:05:25 033] isr        921  enable_vad [out]  
[2022/03/23 17:05:25 033] isr        987  vad_set [out] | ret =  0  
[2022/03/23 17:05:25 034] isr        1182 cur_engine_type =   local  
[2022/03/23 17:05:25 034] isr        992  local_session_begin  
[2022/03/23 17:05:25 036] isr        1547 ASR_MSG_AUW,   local  
[2022/03/23 17:05:25 036] isr        1559 6400  1  
[2022/03/23 17:05:25 036] isr        1569 once_bytes:   6400  
[2022/03/23 17:05:25 038] isr        1547 ASR_MSG_AUW,   local  
[2022/03/23 17:05:25 038] isr        1559 6400  2  
[2022/03/23 17:05:25 039] isr        1547 ASR_MSG_AUW,   local  
[2022/03/23 17:05:25 040] isr        1559 6400  2  
[2022/03/23 17:05:25 041] isr        1547 ASR_MSG_AUW,   local  
[2022/03/23 17:05:25 042] isr        1559 6400  2  
[2022/03/23 17:05:25 042] isr        1547 ASR_MSG_AUW,   local  
[2022/03/23 17:05:25 042] isr        1559 6400  2  
[2022/03/23 17:05:25 043] isr        1547 ASR_MSG_AUW,   local  
[2022/03/23 17:05:25 043] isr        1559 6400  2  
[2022/03/23 17:05:25 044] isr        1547 ASR_MSG_AUW,   local  
[2022/03/23 17:05:25 044] isr        1559 9600  2  
[2022/03/23 17:05:25 045] isr        1547 ASR_MSG_AUW,   local  
[2022/03/23 17:05:25 045] isr        1559 0  4  
[2022/03/23 17:05:25 045] isr        1592 aud end, USER  
[2022/03/23 17:05:25 046] isr        851  [aud] speech start  
[2022/03/23 17:05:25 046] isr        798  1  msc  
[2022/03/23 17:05:25 048] isr        1636 ASR_MSG_GRSLT,   local  
[2022/03/23 17:05:25 048] isr        1307 0  nil  2  
[2022/03/23 17:05:25 059] isr        854  [aud] speech end  
[2022/03/23 17:05:25 059] isr        798  3  msc  
[2022/03/23 17:05:25 148] isr        1636 ASR_MSG_GRSLT,   local  
[2022/03/23 17:05:25 149] isr        1307 0  nil  2  
[2022/03/23 17:05:25 176] isr        723  local_cbmsg_handler  ,msg=  406  param1=  nil  
[2022/03/23 17:05:25 250] isr        1636 ASR_MSG_GRSLT,   local  
[2022/03/23 17:05:25 250] isr        1307 0  nil  2  
[2022/03/23 17:05:25 350] isr        1636 ASR_MSG_GRSLT,   local  
[2022/03/23 17:05:25 351] isr        1307 0  nil  2  
[2022/03/23 17:05:25 451] isr        1636 ASR_MSG_GRSLT,   local  
[2022/03/23 17:05:25 452] isr        1307 0  nil  2  
[2022/03/23 17:05:25 552] isr        1636 ASR_MSG_GRSLT,   local  
[2022/03/23 17:05:25 552] isr        1307 0  nil  2  
[2022/03/23 17:05:25 653] isr        1636 ASR_MSG_GRSLT,   local  
[2022/03/23 17:05:25 653] isr        1307 0  nil  2  
[2022/03/23 17:05:25 677] isr        723  local_cbmsg_handler  ,msg=  407  param1=  nil  
[2022/03/23 17:05:25 678] isr        641  process_result call:  local  nil  0  2  
[2022/03/23 17:05:25 678] isr        798  3  msc  
[2022/03/23 17:05:25 678] isr        800  already speech end  
[2022/03/23 17:05:25 678] isr        723  local_cbmsg_handler  ,msg=  408  param1=  nil  
[2022/03/23 17:05:25 678] isr        734  local session recognized end!  
[2022/03/23 17:05:25 754] isr        1636 ASR_MSG_GRSLT,   local  
[2022/03/23 17:05:25 754] isr        1307 0  nil  5  
[2022/03/23 17:05:25 855] isr        1639 ASR_MSG_SSE,   local  
[2022/03/23 17:05:25 855] isr        1356 session_end() [in]  
[2022/03/23 17:05:25 855] isr        1377 local_session_end() [in]  
[2022/03/23 17:05:25 856] isr        1416 ASR_LOCAL_MSG_SSE net_type  nil  
[2022/03/23 17:05:25 857] isr        1667 isr unload!  
============================================================
Time  2022/03/23 17:05:28 079 
============================================================
[2022/03/23 17:05:28 079] isr        1659 isr loaded!  
[2022/03/23 17:05:28 080] isr        1642 SYS_MSG_REGCB param0 =   msp_status_cb  param1 =   func(74007290) 
[2022/03/23 17:05:28 080] isr        1537 ASR_MSG_SSB  
[2022/03/23 17:05:28 080] isr        1066 session_begin() [in], params:   engine_type = local, 		asr_res_path = fo|/home/wheeltec/SR2.2-HR1.1.3/SR2.2-HR1.1.3/offline_mic/bin/config/msc/res/asr/common.jet, sample_rate = 16000, 		grm_build_path = /home/wheeltec/SR2.2-HR1.1.3/SR2.2-HR1.1.3/offline_mic/bin/config/msc/res/asr/GrmBuilld, local_grammar = call, 		result_type = xml, result_encoding = UTF-8,   nil  
[2022/03/23 17:05:28 080] isr        927  vad_set [in]  
[2022/03/23 17:05:28 080] isr        962  vad_enable :  true  
[2022/03/23 17:05:28 080] isr        980  vad_bos :  10000  
[2022/03/23 17:05:28 080] isr        981  vad_eos :  2000  
[2022/03/23 17:05:28 080] isr        886  enable_vad [in]  
[2022/03/23 17:05:28 081] isr        918  vad enabled!  2000  10000  
[2022/03/23 17:05:28 081] isr        921  enable_vad [out]  
[2022/03/23 17:05:28 081] isr        987  vad_set [out] | ret =  0  
[2022/03/23 17:05:28 081] isr        1182 cur_engine_type =   local  
[2022/03/23 17:05:28 081] isr        992  local_session_begin  
[2022/03/23 17:05:28 084] isr        1547 ASR_MSG_AUW,   local  
[2022/03/23 17:05:28 084] isr        1559 6400  1  
[2022/03/23 17:05:28 084] isr        1569 once_bytes:   6400  
[2022/03/23 17:05:28 085] isr        1547 ASR_MSG_AUW,   local  
[2022/03/23 17:05:28 086] isr        1559 6400  2  
[2022/03/23 17:05:28 087] isr        1547 ASR_MSG_AUW,   local  
[2022/03/23 17:05:28 087] isr        1559 6400  2  
[2022/03/23 17:05:28 088] isr        1547 ASR_MSG_AUW,   local  
[2022/03/23 17:05:28 088] isr        1559 6400  2  
[2022/03/23 17:05:28 090] isr        1547 ASR_MSG_AUW,   local  
[2022/03/23 17:05:28 090] isr        1559 6400  2  
[2022/03/23 17:05:28 091] isr        1547 ASR_MSG_AUW,   local  
[2022/03/23 17:05:28 091] isr        1559 6400  2  
[2022/03/23 17:05:28 091] isr        1547 ASR_MSG_AUW,   local  
[2022/03/23 17:05:28 091] isr        1559 6400  2  
[2022/03/23 17:05:28 092] isr        851  [aud] speech start  
[2022/03/23 17:05:28 092] isr        798  1  msc  
[2022/03/23 17:05:28 093] isr        1547 ASR_MSG_AUW,   local  
[2022/03/23 17:05:28 093] isr        1559 11200  2  
[2022/03/23 17:05:28 094] isr        1547 ASR_MSG_AUW,   local  
[2022/03/23 17:05:28 094] isr        1559 0  4  
[2022/03/23 17:05:28 094] isr        1592 aud end, USER  
[2022/03/23 17:05:28 096] isr        1636 ASR_MSG_GRSLT,   local  
[2022/03/23 17:05:28 096] isr        1307 0  nil  2  
[2022/03/23 17:05:28 110] isr        854  [aud] speech end  
[2022/03/23 17:05:28 110] isr        798  3  msc  
[2022/03/23 17:05:28 197] isr        1636 ASR_MSG_GRSLT,   local  
[2022/03/23 17:05:28 197] isr        1307 0  nil  2  
[2022/03/23 17:05:28 226] isr        723  local_cbmsg_handler  ,msg=  406  param1=  nil  
[2022/03/23 17:05:28 298] isr        1636 ASR_MSG_GRSLT,   local  
[2022/03/23 17:05:28 298] isr        1307 0  nil  2  
[2022/03/23 17:05:28 399] isr        1636 ASR_MSG_GRSLT,   local  
[2022/03/23 17:05:28 399] isr        1307 0  nil  2  
[2022/03/23 17:05:28 500] isr        1636 ASR_MSG_GRSLT,   local  
[2022/03/23 17:05:28 500] isr        1307 0  nil  2  
[2022/03/23 17:05:28 601] isr        1636 ASR_MSG_GRSLT,   local  
[2022/03/23 17:05:28 601] isr        1307 0  nil  2  
[2022/03/23 17:05:28 701] isr        1636 ASR_MSG_GRSLT,   local  
[2022/03/23 17:05:28 702] isr        1307 0  nil  2  
[2022/03/23 17:05:28 765] isr        723  local_cbmsg_handler  ,msg=  407  param1=  nil  
[2022/03/23 17:05:28 765] isr        641  process_result call:  local  nil  0  2  
[2022/03/23 17:05:28 766] isr        798  3  msc  
[2022/03/23 17:05:28 766] isr        800  already speech end  
[2022/03/23 17:05:28 766] isr        723  local_cbmsg_handler  ,msg=  408  param1=  nil  
[2022/03/23 17:05:28 766] isr        734  local session recognized end!  
[2022/03/23 17:05:28 802] isr        1636 ASR_MSG_GRSLT,   local  
[2022/03/23 17:05:28 802] isr        1307 0  nil  5  
[2022/03/23 17:05:28 903] isr        1639 ASR_MSG_SSE,   local  
[2022/03/23 17:05:28 903] isr        1356 session_end() [in]  
[2022/03/23 17:05:28 903] isr        1377 local_session_end() [in]  
[2022/03/23 17:05:28 905] isr        1416 ASR_LOCAL_MSG_SSE net_type  nil  
[2022/03/23 17:05:28 905] isr        1667 isr unload!  
============================================================
Time  2022/03/23 17:05:37 532 
============================================================
[2022/03/23 17:05:37 532] isr        1659 isr loaded!  
[2022/03/23 17:05:37 532] isr        1642 SYS_MSG_REGCB param0 =   msp_status_cb  param1 =   func(8002ed60) 
[2022/03/23 17:05:37 532] isr        1537 ASR_MSG_SSB  
[2022/03/23 17:05:37 532] isr        1066 session_begin() [in], params:   engine_type = local, 		asr_res_path = fo|/home/wheeltec/SR2.2-HR1.1.3/SR2.2-HR1.1.3/offline_mic/bin/config/msc/res/asr/common.jet, sample_rate = 16000, 		grm_build_path = /home/wheeltec/SR2.2-HR1.1.3/SR2.2-HR1.1.3/offline_mic/bin/config/msc/res/asr/GrmBuilld, local_grammar = call, 		result_type = xml, result_encoding = UTF-8,   nil  
[2022/03/23 17:05:37 533] isr        927  vad_set [in]  
[2022/03/23 17:05:37 533] isr        962  vad_enable :  true  
[2022/03/23 17:05:37 533] isr        980  vad_bos :  10000  
[2022/03/23 17:05:37 533] isr        981  vad_eos :  2000  
[2022/03/23 17:05:37 533] isr        886  enable_vad [in]  
[2022/03/23 17:05:37 534] isr        918  vad enabled!  2000  10000  
[2022/03/23 17:05:37 534] isr        921  enable_vad [out]  
[2022/03/23 17:05:37 534] isr        987  vad_set [out] | ret =  0  
[2022/03/23 17:05:37 534] isr        1182 cur_engine_type =   local  
[2022/03/23 17:05:37 534] isr        992  local_session_begin  
[2022/03/23 17:05:37 536] isr        1547 ASR_MSG_AUW,   local  
[2022/03/23 17:05:37 537] isr        1559 6400  1  
[2022/03/23 17:05:37 537] isr        1569 once_bytes:   6400  
[2022/03/23 17:05:37 538] isr        1547 ASR_MSG_AUW,   local  
[2022/03/23 17:05:37 538] isr        1559 6400  2  
[2022/03/23 17:05:37 539] isr        1547 ASR_MSG_AUW,   local  
[2022/03/23 17:05:37 539] isr        1559 6400  2  
[2022/03/23 17:05:37 540] isr        1547 ASR_MSG_AUW,   local  
[2022/03/23 17:05:37 540] isr        1559 6400  2  
[2022/03/23 17:05:37 541] isr        1547 ASR_MSG_AUW,   local  
[2022/03/23 17:05:37 542] isr        1559 6400  2  
[2022/03/23 17:05:37 543] isr        1547 ASR_MSG_AUW,   local  
[2022/03/23 17:05:37 543] isr        1559 6400  2  
[2022/03/23 17:05:37 544] isr        851  [aud] speech start  
[2022/03/23 17:05:37 544] isr        798  1  msc  
[2022/03/23 17:05:37 548] isr        1547 ASR_MSG_AUW,   local  
[2022/03/23 17:05:37 548] isr        1559 6400  2  
[2022/03/23 17:05:37 549] isr        1547 ASR_MSG_AUW,   local  
[2022/03/23 17:05:37 549] isr        1559 6400  2  
[2022/03/23 17:05:37 550] isr        1547 ASR_MSG_AUW,   local  
[2022/03/23 17:05:37 550] isr        1559 6400  2  
[2022/03/23 17:05:37 551] isr        1547 ASR_MSG_AUW,   local  
[2022/03/23 17:05:37 551] isr        1559 6400  2  
[2022/03/23 17:05:37 552] isr        1547 ASR_MSG_AUW,   local  
[2022/03/23 17:05:37 552] isr        1559 6400  2  
[2022/03/23 17:05:37 552] isr        1547 ASR_MSG_AUW,   local  
[2022/03/23 17:05:37 553] isr        1559 6400  2  
[2022/03/23 17:05:37 554] isr        1547 ASR_MSG_AUW,   local  
[2022/03/23 17:05:37 554] isr        1559 6400  2  
[2022/03/23 17:05:37 556] isr        1547 ASR_MSG_AUW,   local  
[2022/03/23 17:05:37 556] isr        1559 6400  2  
[2022/03/23 17:05:37 557] isr        1547 ASR_MSG_AUW,   local  
[2022/03/23 17:05:37 557] isr        1559 10400  2  
[2022/03/23 17:05:37 558] isr        1547 ASR_MSG_AUW,   local  
[2022/03/23 17:05:37 558] isr        1559 0  4  
[2022/03/23 17:05:37 558] isr        1592 aud end, USER  
[2022/03/23 17:05:37 562] isr        1636 ASR_MSG_GRSLT,   local  
[2022/03/23 17:05:37 562] isr        1307 0  nil  2  
[2022/03/23 17:05:37 579] isr        854  [aud] speech end  
[2022/03/23 17:05:37 580] isr        798  3  msc  
[2022/03/23 17:05:37 663] isr        1636 ASR_MSG_GRSLT,   local  
[2022/03/23 17:05:37 663] isr        1307 0  nil  2  
[2022/03/23 17:05:37 686] isr        723  local_cbmsg_handler  ,msg=  406  param1=  nil  
[2022/03/23 17:05:37 764] isr        1636 ASR_MSG_GRSLT,   local  
[2022/03/23 17:05:37 764] isr        1307 0  nil  2  
[2022/03/23 17:05:37 865] isr        1636 ASR_MSG_GRSLT,   local  
[2022/03/23 17:05:37 865] isr        1307 0  nil  2  
[2022/03/23 17:05:37 965] isr        1636 ASR_MSG_GRSLT,   local  
[2022/03/23 17:05:37 966] isr        1307 0  nil  2  
[2022/03/23 17:05:38 066] isr        1636 ASR_MSG_GRSLT,   local  
[2022/03/23 17:05:38 066] isr        1307 0  nil  2  
[2022/03/23 17:05:38 167] isr        1636 ASR_MSG_GRSLT,   local  
[2022/03/23 17:05:38 167] isr        1307 0  nil  2  
[2022/03/23 17:05:38 268] isr        1636 ASR_MSG_GRSLT,   local  
[2022/03/23 17:05:38 268] isr        1307 0  nil  2  
[2022/03/23 17:05:38 369] isr        1636 ASR_MSG_GRSLT,   local  
[2022/03/23 17:05:38 369] isr        1307 0  nil  2  
[2022/03/23 17:05:38 373] isr        723  local_cbmsg_handler  ,msg=  407  param1=  nil  
[2022/03/23 17:05:38 373] isr        641  process_result call:  local  nil  0  2  
[2022/03/23 17:05:38 373] isr        798  3  msc  
[2022/03/23 17:05:38 373] isr        800  already speech end  
[2022/03/23 17:05:38 374] isr        723  local_cbmsg_handler  ,msg=  408  param1=  nil  
[2022/03/23 17:05:38 374] isr        734  local session recognized end!  
[2022/03/23 17:05:38 470] isr        1636 ASR_MSG_GRSLT,   local  
[2022/03/23 17:05:38 470] isr        1307 0  nil  5  
[2022/03/23 17:05:38 570] isr        1639 ASR_MSG_SSE,   local  
[2022/03/23 17:05:38 570] isr        1356 session_end() [in]  
[2022/03/23 17:05:38 570] isr        1377 local_session_end() [in]  
[2022/03/23 17:05:38 572] isr        1416 ASR_LOCAL_MSG_SSE net_type  nil  
[2022/03/23 17:05:38 573] isr        1667 isr unload!  
============================================================
Time  2022/03/23 17:05:40 448 
============================================================
[2022/03/23 17:05:40 448] isr        1659 isr loaded!  
[2022/03/23 17:05:40 448] isr        1642 SYS_MSG_REGCB param0 =   msp_status_cb  param1 =   func(68031120) 
[2022/03/23 17:05:40 448] isr        1537 ASR_MSG_SSB  
[2022/03/23 17:05:40 448] isr        1066 session_begin() [in], params:   engine_type = local, 		asr_res_path = fo|/home/wheeltec/SR2.2-HR1.1.3/SR2.2-HR1.1.3/offline_mic/bin/config/msc/res/asr/common.jet, sample_rate = 16000, 		grm_build_path = /home/wheeltec/SR2.2-HR1.1.3/SR2.2-HR1.1.3/offline_mic/bin/config/msc/res/asr/GrmBuilld, local_grammar = call, 		result_type = xml, result_encoding = UTF-8,   nil  
[2022/03/23 17:05:40 449] isr        927  vad_set [in]  
[2022/03/23 17:05:40 449] isr        962  vad_enable :  true  
[2022/03/23 17:05:40 449] isr        980  vad_bos :  10000  
[2022/03/23 17:05:40 449] isr        981  vad_eos :  2000  
[2022/03/23 17:05:40 449] isr        886  enable_vad [in]  
[2022/03/23 17:05:40 450] isr        918  vad enabled!  2000  10000  
[2022/03/23 17:05:40 450] isr        921  enable_vad [out]  
[2022/03/23 17:05:40 450] isr        987  vad_set [out] | ret =  0  
[2022/03/23 17:05:40 450] isr        1182 cur_engine_type =   local  
[2022/03/23 17:05:40 450] isr        992  local_session_begin  
[2022/03/23 17:05:40 452] isr        1547 ASR_MSG_AUW,   local  
[2022/03/23 17:05:40 453] isr        1559 6400  1  
[2022/03/23 17:05:40 453] isr        1569 once_bytes:   6400  
[2022/03/23 17:05:40 454] isr        1547 ASR_MSG_AUW,   local  
[2022/03/23 17:05:40 454] isr        1559 6400  2  
[2022/03/23 17:05:40 455] isr        1547 ASR_MSG_AUW,   local  
[2022/03/23 17:05:40 456] isr        1559 6400  2  
[2022/03/23 17:05:40 457] isr        1547 ASR_MSG_AUW,   local  
[2022/03/23 17:05:40 457] isr        1559 6400  2  
[2022/03/23 17:05:40 458] isr        1547 ASR_MSG_AUW,   local  
[2022/03/23 17:05:40 458] isr        1559 6400  2  
[2022/03/23 17:05:40 458] isr        1547 ASR_MSG_AUW,   local  
[2022/03/23 17:05:40 458] isr        1559 12000  2  
[2022/03/23 17:05:40 460] isr        1547 ASR_MSG_AUW,   local  
[2022/03/23 17:05:40 460] isr        1559 0  4  
[2022/03/23 17:05:40 460] isr        1592 aud end, USER  
[2022/03/23 17:05:40 460] isr        851  [aud] speech start  
[2022/03/23 17:05:40 460] isr        798  1  msc  
[2022/03/23 17:05:40 462] isr        1636 ASR_MSG_GRSLT,   local  
[2022/03/23 17:05:40 462] isr        1307 0  nil  2  
[2022/03/23 17:05:40 473] isr        854  [aud] speech end  
[2022/03/23 17:05:40 473] isr        798  3  msc  
[2022/03/23 17:05:40 563] isr        1636 ASR_MSG_GRSLT,   local  
[2022/03/23 17:05:40 563] isr        1307 0  nil  2  
[2022/03/23 17:05:40 591] isr        723  local_cbmsg_handler  ,msg=  406  param1=  nil  
[2022/03/23 17:05:40 663] isr        1636 ASR_MSG_GRSLT,   local  
[2022/03/23 17:05:40 663] isr        1307 0  nil  2  
[2022/03/23 17:05:40 682] isr        723  local_cbmsg_handler  ,msg=  404  param1=  nil  
[2022/03/23 17:05:40 764] isr        1636 ASR_MSG_GRSLT,   local  
[2022/03/23 17:05:40 764] isr        1307 0  nil  2  
[2022/03/23 17:05:40 865] isr        1636 ASR_MSG_GRSLT,   local  
[2022/03/23 17:05:40 865] isr        1307 0  nil  2  
[2022/03/23 17:05:40 881] isr        723  local_cbmsg_handler  ,msg=  407  param1=  nil  
[2022/03/23 17:05:40 881] isr        641  process_result call:  local  nil  0  2  
[2022/03/23 17:05:40 882] isr        798  3  msc  
[2022/03/23 17:05:40 882] isr        800  already speech end  
[2022/03/23 17:05:40 882] isr        723  local_cbmsg_handler  ,msg=  408  param1=  nil  
[2022/03/23 17:05:40 882] isr        734  local session recognized end!  
[2022/03/23 17:05:40 966] isr        1636 ASR_MSG_GRSLT,   local  
[2022/03/23 17:05:40 966] isr        1307 0  nil  5  
[2022/03/23 17:05:41 067] isr        1639 ASR_MSG_SSE,   local  
[2022/03/23 17:05:41 067] isr        1356 session_end() [in]  
[2022/03/23 17:05:41 067] isr        1377 local_session_end() [in]  
[2022/03/23 17:05:41 068] isr        1416 ASR_LOCAL_MSG_SSE net_type  nil  
[2022/03/23 17:05:41 069] isr        1667 isr unload!  
============================================================
Time  2022/03/23 17:05:43 419 
============================================================
[2022/03/23 17:05:43 419] isr        1659 isr loaded!  
[2022/03/23 17:05:43 419] isr        1642 SYS_MSG_REGCB param0 =   msp_status_cb  param1 =   func(7c131d80) 
[2022/03/23 17:05:43 420] isr        1537 ASR_MSG_SSB  
[2022/03/23 17:05:43 420] isr        1066 session_begin() [in], params:   engine_type = local, 		asr_res_path = fo|/home/wheeltec/SR2.2-HR1.1.3/SR2.2-HR1.1.3/offline_mic/bin/config/msc/res/asr/common.jet, sample_rate = 16000, 		grm_build_path = /home/wheeltec/SR2.2-HR1.1.3/SR2.2-HR1.1.3/offline_mic/bin/config/msc/res/asr/GrmBuilld, local_grammar = call, 		result_type = xml, result_encoding = UTF-8,   nil  
[2022/03/23 17:05:43 420] isr        927  vad_set [in]  
[2022/03/23 17:05:43 420] isr        962  vad_enable :  true  
[2022/03/23 17:05:43 420] isr        980  vad_bos :  10000  
[2022/03/23 17:05:43 420] isr        981  vad_eos :  2000  
[2022/03/23 17:05:43 420] isr        886  enable_vad [in]  
[2022/03/23 17:05:43 421] isr        918  vad enabled!  2000  10000  
[2022/03/23 17:05:43 421] isr        921  enable_vad [out]  
[2022/03/23 17:05:43 421] isr        987  vad_set [out] | ret =  0  
[2022/03/23 17:05:43 421] isr        1182 cur_engine_type =   local  
[2022/03/23 17:05:43 421] isr        992  local_session_begin  
[2022/03/23 17:05:43 424] isr        1547 ASR_MSG_AUW,   local  
[2022/03/23 17:05:43 424] isr        1559 6400  1  
[2022/03/23 17:05:43 424] isr        1569 once_bytes:   6400  
[2022/03/23 17:05:43 425] isr        1547 ASR_MSG_AUW,   local  
[2022/03/23 17:05:43 425] isr        1559 6400  2  
[2022/03/23 17:05:43 426] isr        1547 ASR_MSG_AUW,   local  
[2022/03/23 17:05:43 426] isr        1559 6400  2  
[2022/03/23 17:05:43 428] isr        1547 ASR_MSG_AUW,   local  
[2022/03/23 17:05:43 428] isr        1559 6400  2  
[2022/03/23 17:05:43 429] isr        1547 ASR_MSG_AUW,   local  
[2022/03/23 17:05:43 429] isr        1559 6400  2  
[2022/03/23 17:05:43 430] isr        1547 ASR_MSG_AUW,   local  
[2022/03/23 17:05:43 431] isr        1559 6400  2  
[2022/03/23 17:05:43 431] isr        1547 ASR_MSG_AUW,   local  
[2022/03/23 17:05:43 432] isr        1559 6400  2  
[2022/03/23 17:05:43 433] isr        851  [aud] speech start  
[2022/03/23 17:05:43 433] isr        798  1  msc  
[2022/03/23 17:05:43 433] isr        1547 ASR_MSG_AUW,   local  
[2022/03/23 17:05:43 433] isr        1559 6400  2  
[2022/03/23 17:05:43 434] isr        1547 ASR_MSG_AUW,   local  
[2022/03/23 17:05:43 434] isr        1559 8800  2  
[2022/03/23 17:05:43 435] isr        1547 ASR_MSG_AUW,   local  
[2022/03/23 17:05:43 435] isr        1559 0  4  
[2022/03/23 17:05:43 435] isr        1592 aud end, USER  
[2022/03/23 17:05:43 436] isr        1636 ASR_MSG_GRSLT,   local  
[2022/03/23 17:05:43 437] isr        1307 0  nil  2  
[2022/03/23 17:05:43 451] isr        854  [aud] speech end  
[2022/03/23 17:05:43 452] isr        798  3  msc  
[2022/03/23 17:05:43 538] isr        1636 ASR_MSG_GRSLT,   local  
[2022/03/23 17:05:43 538] isr        1307 0  nil  2  
[2022/03/23 17:05:43 564] isr        723  local_cbmsg_handler  ,msg=  406  param1=  nil  
[2022/03/23 17:05:43 638] isr        1636 ASR_MSG_GRSLT,   local  
[2022/03/23 17:05:43 638] isr        1307 0  nil  2  
[2022/03/23 17:05:43 739] isr        1636 ASR_MSG_GRSLT,   local  
[2022/03/23 17:05:43 739] isr        1307 0  nil  2  
[2022/03/23 17:05:43 840] isr        1636 ASR_MSG_GRSLT,   local  
[2022/03/23 17:05:43 840] isr        1307 0  nil  2  
[2022/03/23 17:05:43 941] isr        1636 ASR_MSG_GRSLT,   local  
[2022/03/23 17:05:43 941] isr        1307 0  nil  2  
[2022/03/23 17:05:44 042] isr        1636 ASR_MSG_GRSLT,   local  
[2022/03/23 17:05:44 042] isr        1307 0  nil  2  
[2022/03/23 17:05:44 054] isr        723  local_cbmsg_handler  ,msg=  407  param1=  nil  
[2022/03/23 17:05:44 054] isr        641  process_result call:  local  nil  0  2  
[2022/03/23 17:05:44 054] isr        798  3  msc  
[2022/03/23 17:05:44 054] isr        800  already speech end  
[2022/03/23 17:05:44 054] isr        723  local_cbmsg_handler  ,msg=  408  param1=  nil  
[2022/03/23 17:05:44 055] isr        734  local session recognized end!  
[2022/03/23 17:05:44 142] isr        1636 ASR_MSG_GRSLT,   local  
[2022/03/23 17:05:44 152] isr        1307 0  nil  5  
[2022/03/23 17:05:44 252] isr        1639 ASR_MSG_SSE,   local  
[2022/03/23 17:05:44 252] isr        1356 session_end() [in]  
[2022/03/23 17:05:44 252] isr        1377 local_session_end() [in]  
[2022/03/23 17:05:44 254] isr        1416 ASR_LOCAL_MSG_SSE net_type  nil  
[2022/03/23 17:05:44 255] isr        1667 isr unload!  
============================================================
Time  2022/03/23 17:05:46 504 
============================================================
[2022/03/23 17:05:46 504] isr        1659 isr loaded!  
[2022/03/23 17:05:46 504] isr        1642 SYS_MSG_REGCB param0 =   msp_status_cb  param1 =   func(8002fc10) 
[2022/03/23 17:05:46 504] isr        1537 ASR_MSG_SSB  
[2022/03/23 17:05:46 504] isr        1066 session_begin() [in], params:   engine_type = local, 		asr_res_path = fo|/home/wheeltec/SR2.2-HR1.1.3/SR2.2-HR1.1.3/offline_mic/bin/config/msc/res/asr/common.jet, sample_rate = 16000, 		grm_build_path = /home/wheeltec/SR2.2-HR1.1.3/SR2.2-HR1.1.3/offline_mic/bin/config/msc/res/asr/GrmBuilld, local_grammar = call, 		result_type = xml, result_encoding = UTF-8,   nil  
[2022/03/23 17:05:46 505] isr        927  vad_set [in]  
[2022/03/23 17:05:46 505] isr        962  vad_enable :  true  
[2022/03/23 17:05:46 505] isr        980  vad_bos :  10000  
[2022/03/23 17:05:46 505] isr        981  vad_eos :  2000  
[2022/03/23 17:05:46 505] isr        886  enable_vad [in]  
[2022/03/23 17:05:46 506] isr        918  vad enabled!  2000  10000  
[2022/03/23 17:05:46 506] isr        921  enable_vad [out]  
[2022/03/23 17:05:46 506] isr        987  vad_set [out] | ret =  0  
[2022/03/23 17:05:46 506] isr        1182 cur_engine_type =   local  
[2022/03/23 17:05:46 506] isr        992  local_session_begin  
[2022/03/23 17:05:46 508] isr        1547 ASR_MSG_AUW,   local  
[2022/03/23 17:05:46 509] isr        1559 6400  1  
[2022/03/23 17:05:46 509] isr        1569 once_bytes:   6400  
[2022/03/23 17:05:46 510] isr        1547 ASR_MSG_AUW,   local  
[2022/03/23 17:05:46 510] isr        1559 6400  2  
[2022/03/23 17:05:46 511] isr        1547 ASR_MSG_AUW,   local  
[2022/03/23 17:05:46 511] isr        1559 6400  2  
[2022/03/23 17:05:46 512] isr        1547 ASR_MSG_AUW,   local  
[2022/03/23 17:05:46 513] isr        1559 6400  2  
[2022/03/23 17:05:46 514] isr        1547 ASR_MSG_AUW,   local  
[2022/03/23 17:05:46 514] isr        1559 6400  2  
[2022/03/23 17:05:46 516] isr        1547 ASR_MSG_AUW,   local  
[2022/03/23 17:05:46 516] isr        1559 6400  2  
[2022/03/23 17:05:46 516] isr        1547 ASR_MSG_AUW,   local  
[2022/03/23 17:05:46 516] isr        1559 6400  2  
[2022/03/23 17:05:46 517] isr        851  [aud] speech start  
[2022/03/23 17:05:46 517] isr        798  1  msc  
[2022/03/23 17:05:46 518] isr        1547 ASR_MSG_AUW,   local  
[2022/03/23 17:05:46 518] isr        1559 11200  2  
[2022/03/23 17:05:46 519] isr        1547 ASR_MSG_AUW,   local  
[2022/03/23 17:05:46 519] isr        1559 0  4  
[2022/03/23 17:05:46 519] isr        1592 aud end, USER  
[2022/03/23 17:05:46 521] isr        1636 ASR_MSG_GRSLT,   local  
[2022/03/23 17:05:46 521] isr        1307 0  nil  2  
[2022/03/23 17:05:46 534] isr        854  [aud] speech end  
[2022/03/23 17:05:46 534] isr        798  3  msc  
[2022/03/23 17:05:46 621] isr        1636 ASR_MSG_GRSLT,   local  
[2022/03/23 17:05:46 622] isr        1307 0  nil  2  
[2022/03/23 17:05:46 648] isr        723  local_cbmsg_handler  ,msg=  406  param1=  nil  
[2022/03/23 17:05:46 722] isr        1636 ASR_MSG_GRSLT,   local  
[2022/03/23 17:05:46 722] isr        1307 0  nil  2  
[2022/03/23 17:05:46 824] isr        1636 ASR_MSG_GRSLT,   local  
[2022/03/23 17:05:46 824] isr        1307 0  nil  2  
[2022/03/23 17:05:46 925] isr        1636 ASR_MSG_GRSLT,   local  
[2022/03/23 17:05:46 925] isr        1307 0  nil  2  
[2022/03/23 17:05:47 026] isr        1636 ASR_MSG_GRSLT,   local  
[2022/03/23 17:05:47 026] isr        1307 0  nil  2  
[2022/03/23 17:05:47 127] isr        1636 ASR_MSG_GRSLT,   local  
[2022/03/23 17:05:47 127] isr        1307 0  nil  2  
[2022/03/23 17:05:47 147] isr        723  local_cbmsg_handler  ,msg=  407  param1=  nil  
[2022/03/23 17:05:47 148] isr        641  process_result call:  local  nil  0  2  
[2022/03/23 17:05:47 148] isr        798  3  msc  
[2022/03/23 17:05:47 148] isr        800  already speech end  
[2022/03/23 17:05:47 148] isr        723  local_cbmsg_handler  ,msg=  408  param1=  nil  
[2022/03/23 17:05:47 148] isr        734  local session recognized end!  
[2022/03/23 17:05:47 227] isr        1636 ASR_MSG_GRSLT,   local  
[2022/03/23 17:05:47 228] isr        1307 0  nil  5  
[2022/03/23 17:05:47 328] isr        1639 ASR_MSG_SSE,   local  
[2022/03/23 17:05:47 328] isr        1356 session_end() [in]  
[2022/03/23 17:05:47 328] isr        1377 local_session_end() [in]  
[2022/03/23 17:05:47 330] isr        1416 ASR_LOCAL_MSG_SSE net_type  nil  
[2022/03/23 17:05:47 331] isr        1667 isr unload!  
============================================================
Time  2022/03/23 17:05:49 435 
============================================================
[2022/03/23 17:05:49 435] isr        1659 isr loaded!  
[2022/03/23 17:05:49 435] isr        1642 SYS_MSG_REGCB param0 =   msp_status_cb  param1 =   func(7400a790) 
[2022/03/23 17:05:49 435] isr        1537 ASR_MSG_SSB  
[2022/03/23 17:05:49 436] isr        1066 session_begin() [in], params:   engine_type = local, 		asr_res_path = fo|/home/wheeltec/SR2.2-HR1.1.3/SR2.2-HR1.1.3/offline_mic/bin/config/msc/res/asr/common.jet, sample_rate = 16000, 		grm_build_path = /home/wheeltec/SR2.2-HR1.1.3/SR2.2-HR1.1.3/offline_mic/bin/config/msc/res/asr/GrmBuilld, local_grammar = call, 		result_type = xml, result_encoding = UTF-8,   nil  
[2022/03/23 17:05:49 436] isr        927  vad_set [in]  
[2022/03/23 17:05:49 436] isr        962  vad_enable :  true  
[2022/03/23 17:05:49 436] isr        980  vad_bos :  10000  
[2022/03/23 17:05:49 436] isr        981  vad_eos :  2000  
[2022/03/23 17:05:49 436] isr        886  enable_vad [in]  
[2022/03/23 17:05:49 437] isr        918  vad enabled!  2000  10000  
[2022/03/23 17:05:49 437] isr        921  enable_vad [out]  
[2022/03/23 17:05:49 437] isr        987  vad_set [out] | ret =  0  
[2022/03/23 17:05:49 437] isr        1182 cur_engine_type =   local  
[2022/03/23 17:05:49 437] isr        992  local_session_begin  
[2022/03/23 17:05:49 440] isr        1547 ASR_MSG_AUW,   local  
[2022/03/23 17:05:49 440] isr        1559 6400  1  
[2022/03/23 17:05:49 440] isr        1569 once_bytes:   6400  
[2022/03/23 17:05:49 441] isr        1547 ASR_MSG_AUW,   local  
[2022/03/23 17:05:49 441] isr        1559 6400  2  
[2022/03/23 17:05:49 442] isr        1547 ASR_MSG_AUW,   local  
[2022/03/23 17:05:49 443] isr        1559 6400  2  
[2022/03/23 17:05:49 445] isr        1547 ASR_MSG_AUW,   local  
[2022/03/23 17:05:49 445] isr        1559 6400  2  
[2022/03/23 17:05:49 446] isr        1547 ASR_MSG_AUW,   local  
[2022/03/23 17:05:49 446] isr        1559 6400  2  
[2022/03/23 17:05:49 448] isr        1547 ASR_MSG_AUW,   local  
[2022/03/23 17:05:49 448] isr        1559 6400  2  
[2022/03/23 17:05:49 449] isr        851  [aud] speech start  
[2022/03/23 17:05:49 449] isr        798  1  msc  
[2022/03/23 17:05:49 450] isr        1547 ASR_MSG_AUW,   local  
[2022/03/23 17:05:49 450] isr        1559 6400  2  
[2022/03/23 17:05:49 450] isr        1547 ASR_MSG_AUW,   local  
[2022/03/23 17:05:49 450] isr        1559 7200  2  
[2022/03/23 17:05:49 451] isr        1547 ASR_MSG_AUW,   local  
[2022/03/23 17:05:49 451] isr        1559 0  4  
[2022/03/23 17:05:49 451] isr        1592 aud end, USER  
[2022/03/23 17:05:49 453] isr        1636 ASR_MSG_GRSLT,   local  
[2022/03/23 17:05:49 454] isr        1307 0  nil  2  
[2022/03/23 17:05:49 462] isr        854  [aud] speech end  
[2022/03/23 17:05:49 462] isr        798  3  msc  
[2022/03/23 17:05:49 555] isr        1636 ASR_MSG_GRSLT,   local  
[2022/03/23 17:05:49 555] isr        1307 0  nil  2  
[2022/03/23 17:05:49 580] isr        723  local_cbmsg_handler  ,msg=  406  param1=  nil  
[2022/03/23 17:05:49 656] isr        1636 ASR_MSG_GRSLT,   local  
[2022/03/23 17:05:49 656] isr        1307 0  nil  2  
[2022/03/23 17:05:49 756] isr        1636 ASR_MSG_GRSLT,   local  
[2022/03/23 17:05:49 756] isr        1307 0  nil  2  
[2022/03/23 17:05:49 857] isr        1636 ASR_MSG_GRSLT,   local  
[2022/03/23 17:05:49 857] isr        1307 0  nil  2  
[2022/03/23 17:05:49 958] isr        1636 ASR_MSG_GRSLT,   local  
[2022/03/23 17:05:49 958] isr        1307 0  nil  2  
[2022/03/23 17:05:50 059] isr        1636 ASR_MSG_GRSLT,   local  
[2022/03/23 17:05:50 059] isr        1307 0  nil  2  
[2022/03/23 17:05:50 080] isr        723  local_cbmsg_handler  ,msg=  407  param1=  nil  
[2022/03/23 17:05:50 080] isr        641  process_result call:  local  nil  0  2  
[2022/03/23 17:05:50 080] isr        798  3  msc  
[2022/03/23 17:05:50 080] isr        800  already speech end  
[2022/03/23 17:05:50 081] isr        723  local_cbmsg_handler  ,msg=  408  param1=  nil  
[2022/03/23 17:05:50 081] isr        734  local session recognized end!  
[2022/03/23 17:05:50 160] isr        1636 ASR_MSG_GRSLT,   local  
[2022/03/23 17:05:50 160] isr        1307 0  nil  5  
[2022/03/23 17:05:50 260] isr        1639 ASR_MSG_SSE,   local  
[2022/03/23 17:05:50 261] isr        1356 session_end() [in]  
[2022/03/23 17:05:50 261] isr        1377 local_session_end() [in]  
[2022/03/23 17:05:50 262] isr        1416 ASR_LOCAL_MSG_SSE net_type  nil  
[2022/03/23 17:05:50 263] isr        1667 isr unload!  
============================================================
Time  2022/03/23 17:05:52 491 
============================================================
[2022/03/23 17:05:52 491] isr        1659 isr loaded!  
[2022/03/23 17:05:52 491] isr        1642 SYS_MSG_REGCB param0 =   msp_status_cb  param1 =   func(78163760) 
[2022/03/23 17:05:52 492] isr        1537 ASR_MSG_SSB  
[2022/03/23 17:05:52 492] isr        1066 session_begin() [in], params:   engine_type = local, 		asr_res_path = fo|/home/wheeltec/SR2.2-HR1.1.3/SR2.2-HR1.1.3/offline_mic/bin/config/msc/res/asr/common.jet, sample_rate = 16000, 		grm_build_path = /home/wheeltec/SR2.2-HR1.1.3/SR2.2-HR1.1.3/offline_mic/bin/config/msc/res/asr/GrmBuilld, local_grammar = call, 		result_type = xml, result_encoding = UTF-8,   nil  
[2022/03/23 17:05:52 492] isr        927  vad_set [in]  
[2022/03/23 17:05:52 492] isr        962  vad_enable :  true  
[2022/03/23 17:05:52 492] isr        980  vad_bos :  10000  
[2022/03/23 17:05:52 492] isr        981  vad_eos :  2000  
[2022/03/23 17:05:52 492] isr        886  enable_vad [in]  
[2022/03/23 17:05:52 493] isr        918  vad enabled!  2000  10000  
[2022/03/23 17:05:52 493] isr        921  enable_vad [out]  
[2022/03/23 17:05:52 493] isr        987  vad_set [out] | ret =  0  
[2022/03/23 17:05:52 493] isr        1182 cur_engine_type =   local  
[2022/03/23 17:05:52 493] isr        992  local_session_begin  
[2022/03/23 17:05:52 496] isr        1547 ASR_MSG_AUW,   local  
[2022/03/23 17:05:52 496] isr        1559 6400  1  
[2022/03/23 17:05:52 496] isr        1569 once_bytes:   6400  
[2022/03/23 17:05:52 497] isr        1547 ASR_MSG_AUW,   local  
[2022/03/23 17:05:52 498] isr        1559 6400  2  
[2022/03/23 17:05:52 498] isr        1547 ASR_MSG_AUW,   local  
[2022/03/23 17:05:52 498] isr        1559 11200  2  
[2022/03/23 17:05:52 499] isr        1547 ASR_MSG_AUW,   local  
[2022/03/23 17:05:52 499] isr        1559 0  4  
[2022/03/23 17:05:52 499] isr        1592 aud end, USER  
[2022/03/23 17:05:52 501] isr        851  [aud] speech start  
[2022/03/23 17:05:52 501] isr        798  1  msc  
[2022/03/23 17:05:52 501] isr        1636 ASR_MSG_GRSLT,   local  
[2022/03/23 17:05:52 502] isr        1307 0  nil  2  
[2022/03/23 17:05:52 508] isr        854  [aud] speech end  
[2022/03/23 17:05:52 509] isr        798  3  msc  
[2022/03/23 17:05:52 602] isr        1636 ASR_MSG_GRSLT,   local  
[2022/03/23 17:05:52 603] isr        1307 0  nil  2  
[2022/03/23 17:05:52 631] isr        723  local_cbmsg_handler  ,msg=  406  param1=  nil  
[2022/03/23 17:05:52 703] isr        1636 ASR_MSG_GRSLT,   local  
[2022/03/23 17:05:52 704] isr        1307 0  nil  2  
[2022/03/23 17:05:52 804] isr        1636 ASR_MSG_GRSLT,   local  
[2022/03/23 17:05:52 804] isr        1307 0  nil  2  
[2022/03/23 17:05:52 905] isr        1636 ASR_MSG_GRSLT,   local  
[2022/03/23 17:05:52 905] isr        1307 0  nil  2  
[2022/03/23 17:05:52 929] isr        723  local_cbmsg_handler  ,msg=  407  param1=  nil  
[2022/03/23 17:05:52 929] isr        641  process_result call:  local  nil  0  2  
[2022/03/23 17:05:52 929] isr        798  3  msc  
[2022/03/23 17:05:52 929] isr        800  already speech end  
[2022/03/23 17:05:52 930] isr        723  local_cbmsg_handler  ,msg=  408  param1=  nil  
[2022/03/23 17:05:52 930] isr        734  local session recognized end!  
[2022/03/23 17:05:53 006] isr        1636 ASR_MSG_GRSLT,   local  
[2022/03/23 17:05:53 006] isr        1307 0  nil  5  
[2022/03/23 17:05:53 107] isr        1639 ASR_MSG_SSE,   local  
[2022/03/23 17:05:53 107] isr        1356 session_end() [in]  
[2022/03/23 17:05:53 107] isr        1377 local_session_end() [in]  
[2022/03/23 17:05:53 108] isr        1416 ASR_LOCAL_MSG_SSE net_type  nil  
[2022/03/23 17:05:53 109] isr        1667 isr unload!  
============================================================
Time  2022/03/23 17:06:24 175 
============================================================
[2022/03/23 17:06:24 175] isr        1659 isr loaded!  
[2022/03/23 17:06:24 175] isr        1642 SYS_MSG_REGCB param0 =   msp_status_cb  param1 =   func(8c131b30) 
[2022/03/23 17:06:24 175] isr        1537 ASR_MSG_SSB  
[2022/03/23 17:06:24 175] isr        1066 session_begin() [in], params:   engine_type = local, 		asr_res_path = fo|/home/wheeltec/SR2.2-HR1.1.3/SR2.2-HR1.1.3/offline_mic/bin/config/msc/res/asr/common.jet, sample_rate = 16000, 		grm_build_path = /home/wheeltec/SR2.2-HR1.1.3/SR2.2-HR1.1.3/offline_mic/bin/config/msc/res/asr/GrmBuilld, local_grammar = call, 		result_type = xml, result_encoding = UTF-8,   nil  
[2022/03/23 17:06:24 176] isr        927  vad_set [in]  
[2022/03/23 17:06:24 176] isr        962  vad_enable :  true  
[2022/03/23 17:06:24 176] isr        980  vad_bos :  10000  
[2022/03/23 17:06:24 176] isr        981  vad_eos :  2000  
[2022/03/23 17:06:24 176] isr        886  enable_vad [in]  
[2022/03/23 17:06:24 177] isr        918  vad enabled!  2000  10000  
[2022/03/23 17:06:24 177] isr        921  enable_vad [out]  
[2022/03/23 17:06:24 177] isr        987  vad_set [out] | ret =  0  
[2022/03/23 17:06:24 177] isr        1182 cur_engine_type =   local  
[2022/03/23 17:06:24 177] isr        992  local_session_begin  
[2022/03/23 17:06:24 180] isr        1547 ASR_MSG_AUW,   local  
[2022/03/23 17:06:24 181] isr        1559 6400  1  
[2022/03/23 17:06:24 181] isr        1569 once_bytes:   6400  
[2022/03/23 17:06:24 182] isr        1547 ASR_MSG_AUW,   local  
[2022/03/23 17:06:24 182] isr        1559 6400  2  
[2022/03/23 17:06:24 184] isr        1547 ASR_MSG_AUW,   local  
[2022/03/23 17:06:24 184] isr        1559 6400  2  
[2022/03/23 17:06:24 185] isr        1547 ASR_MSG_AUW,   local  
[2022/03/23 17:06:24 185] isr        1559 6400  2  
[2022/03/23 17:06:24 185] isr        1547 ASR_MSG_AUW,   local  
[2022/03/23 17:06:24 186] isr        1559 6400  2  
[2022/03/23 17:06:24 186] isr        1547 ASR_MSG_AUW,   local  
[2022/03/23 17:06:24 186] isr        1559 0  4  
[2022/03/23 17:06:24 186] isr        1592 aud end, USER  
[2022/03/23 17:06:24 188] isr        851  [aud] speech start  
[2022/03/23 17:06:24 188] isr        798  1  msc  
[2022/03/23 17:06:24 189] isr        1636 ASR_MSG_GRSLT,   local  
[2022/03/23 17:06:24 189] isr        1307 0  nil  2  
[2022/03/23 17:06:24 197] isr        854  [aud] speech end  
[2022/03/23 17:06:24 197] isr        798  3  msc  
[2022/03/23 17:06:24 290] isr        1636 ASR_MSG_GRSLT,   local  
[2022/03/23 17:06:24 290] isr        1307 0  nil  2  
[2022/03/23 17:06:24 325] isr        723  local_cbmsg_handler  ,msg=  406  param1=  nil  
[2022/03/23 17:06:24 391] isr        1636 ASR_MSG_GRSLT,   local  
[2022/03/23 17:06:24 391] isr        1307 0  nil  2  
[2022/03/23 17:06:24 492] isr        1636 ASR_MSG_GRSLT,   local  
[2022/03/23 17:06:24 492] isr        1307 0  nil  2  
[2022/03/23 17:06:24 508] isr        723  local_cbmsg_handler  ,msg=  407  param1=  nil  
[2022/03/23 17:06:24 508] isr        641  process_result call:  local  nil  0  2  
[2022/03/23 17:06:24 508] isr        798  3  msc  
[2022/03/23 17:06:24 508] isr        800  already speech end  
[2022/03/23 17:06:24 508] isr        723  local_cbmsg_handler  ,msg=  408  param1=  nil  
[2022/03/23 17:06:24 508] isr        734  local session recognized end!  
[2022/03/23 17:06:24 593] isr        1636 ASR_MSG_GRSLT,   local  
[2022/03/23 17:06:24 593] isr        1307 0  nil  5  
[2022/03/23 17:06:24 693] isr        1639 ASR_MSG_SSE,   local  
[2022/03/23 17:06:24 693] isr        1356 session_end() [in]  
[2022/03/23 17:06:24 693] isr        1377 local_session_end() [in]  
[2022/03/23 17:06:24 695] isr        1416 ASR_LOCAL_MSG_SSE net_type  nil  
[2022/03/23 17:06:24 696] isr        1667 isr unload!  
============================================================
Time  2022/03/23 17:06:29 180 
============================================================
[2022/03/23 17:06:29 180] isr        1659 isr loaded!  
[2022/03/23 17:06:29 180] isr        1642 SYS_MSG_REGCB param0 =   msp_status_cb  param1 =   func(8402ee60) 
[2022/03/23 17:06:29 181] isr        1537 ASR_MSG_SSB  
[2022/03/23 17:06:29 181] isr        1066 session_begin() [in], params:   engine_type = local, 		asr_res_path = fo|/home/wheeltec/SR2.2-HR1.1.3/SR2.2-HR1.1.3/offline_mic/bin/config/msc/res/asr/common.jet, sample_rate = 16000, 		grm_build_path = /home/wheeltec/SR2.2-HR1.1.3/SR2.2-HR1.1.3/offline_mic/bin/config/msc/res/asr/GrmBuilld, local_grammar = call, 		result_type = xml, result_encoding = UTF-8,   nil  
[2022/03/23 17:06:29 181] isr        927  vad_set [in]  
[2022/03/23 17:06:29 181] isr        962  vad_enable :  true  
[2022/03/23 17:06:29 181] isr        980  vad_bos :  10000  
[2022/03/23 17:06:29 181] isr        981  vad_eos :  2000  
[2022/03/23 17:06:29 181] isr        886  enable_vad [in]  
[2022/03/23 17:06:29 182] isr        918  vad enabled!  2000  10000  
[2022/03/23 17:06:29 182] isr        921  enable_vad [out]  
[2022/03/23 17:06:29 182] isr        987  vad_set [out] | ret =  0  
[2022/03/23 17:06:29 182] isr        1182 cur_engine_type =   local  
[2022/03/23 17:06:29 182] isr        992  local_session_begin  
[2022/03/23 17:06:29 185] isr        1547 ASR_MSG_AUW,   local  
[2022/03/23 17:06:29 185] isr        1559 6400  1  
[2022/03/23 17:06:29 185] isr        1569 once_bytes:   6400  
[2022/03/23 17:06:29 187] isr        1547 ASR_MSG_AUW,   local  
[2022/03/23 17:06:29 187] isr        1559 6400  2  
[2022/03/23 17:06:29 188] isr        1547 ASR_MSG_AUW,   local  
[2022/03/23 17:06:29 188] isr        1559 6400  2  
[2022/03/23 17:06:29 189] isr        1547 ASR_MSG_AUW,   local  
[2022/03/23 17:06:29 190] isr        1559 6400  2  
[2022/03/23 17:06:29 191] isr        1547 ASR_MSG_AUW,   local  
[2022/03/23 17:06:29 191] isr        1559 6400  2  
[2022/03/23 17:06:29 192] isr        1547 ASR_MSG_AUW,   local  
[2022/03/23 17:06:29 192] isr        1559 6400  2  
[2022/03/23 17:06:29 194] isr        1547 ASR_MSG_AUW,   local  
[2022/03/23 17:06:29 194] isr        1559 6400  2  
[2022/03/23 17:06:29 198] isr        1547 ASR_MSG_AUW,   local  
[2022/03/23 17:06:29 198] isr        1559 6400  2  
[2022/03/23 17:06:29 199] isr        851  [aud] speech start  
[2022/03/23 17:06:29 199] isr        798  1  msc  
[2022/03/23 17:06:29 200] isr        1547 ASR_MSG_AUW,   local  
[2022/03/23 17:06:29 201] isr        1559 6400  2  
[2022/03/23 17:06:29 202] isr        1547 ASR_MSG_AUW,   local  
[2022/03/23 17:06:29 202] isr        1559 6400  2  
[2022/03/23 17:06:29 202] isr        1547 ASR_MSG_AUW,   local  
[2022/03/23 17:06:29 202] isr        1559 6400  2  
[2022/03/23 17:06:29 204] isr        1547 ASR_MSG_AUW,   local  
[2022/03/23 17:06:29 204] isr        1559 6400  2  
[2022/03/23 17:06:29 205] isr        1547 ASR_MSG_AUW,   local  
[2022/03/23 17:06:29 205] isr        1559 6400  2  
[2022/03/23 17:06:29 205] isr        1547 ASR_MSG_AUW,   local  
[2022/03/23 17:06:29 205] isr        1559 6400  2  
[2022/03/23 17:06:29 206] isr        1547 ASR_MSG_AUW,   local  
[2022/03/23 17:06:29 206] isr        1559 6400  2  
[2022/03/23 17:06:29 207] isr        1547 ASR_MSG_AUW,   local  
[2022/03/23 17:06:29 207] isr        1559 6400  2  
[2022/03/23 17:06:29 210] isr        1547 ASR_MSG_AUW,   local  
[2022/03/23 17:06:29 210] isr        1559 6400  2  
[2022/03/23 17:06:29 210] isr        1547 ASR_MSG_AUW,   local  
[2022/03/23 17:06:29 210] isr        1559 6400  2  
[2022/03/23 17:06:29 211] isr        1547 ASR_MSG_AUW,   local  
[2022/03/23 17:06:29 211] isr        1559 6400  2  
[2022/03/23 17:06:29 212] isr        1547 ASR_MSG_AUW,   local  
[2022/03/23 17:06:29 212] isr        1559 6400  2  
[2022/03/23 17:06:29 212] isr        1547 ASR_MSG_AUW,   local  
[2022/03/23 17:06:29 212] isr        1559 0  4  
[2022/03/23 17:06:29 212] isr        1592 aud end, USER  
[2022/03/23 17:06:29 221] isr        1636 ASR_MSG_GRSLT,   local  
[2022/03/23 17:06:29 221] isr        1307 0  nil  2  
[2022/03/23 17:06:29 224] isr        854  [aud] speech end  
[2022/03/23 17:06:29 224] isr        798  3  msc  
[2022/03/23 17:06:29 322] isr        1636 ASR_MSG_GRSLT,   local  
[2022/03/23 17:06:29 322] isr        1307 0  nil  2  
[2022/03/23 17:06:29 337] isr        723  local_cbmsg_handler  ,msg=  406  param1=  nil  
[2022/03/23 17:06:29 422] isr        1636 ASR_MSG_GRSLT,   local  
[2022/03/23 17:06:29 422] isr        1307 0  nil  2  
[2022/03/23 17:06:29 523] isr        1636 ASR_MSG_GRSLT,   local  
[2022/03/23 17:06:29 523] isr        1307 0  nil  2  
[2022/03/23 17:06:29 544] isr        723  local_cbmsg_handler  ,msg=  407  param1=  nil  
[2022/03/23 17:06:29 544] isr        641  process_result call:  local  nil  0  2  
[2022/03/23 17:06:29 544] isr        798  3  msc  
[2022/03/23 17:06:29 544] isr        800  already speech end  
[2022/03/23 17:06:29 545] isr        723  local_cbmsg_handler  ,msg=  408  param1=  nil  
[2022/03/23 17:06:29 545] isr        734  local session recognized end!  
[2022/03/23 17:06:29 624] isr        1636 ASR_MSG_GRSLT,   local  
[2022/03/23 17:06:29 624] isr        1307 0  nil  5  
[2022/03/23 17:06:29 725] isr        1639 ASR_MSG_SSE,   local  
[2022/03/23 17:06:29 725] isr        1356 session_end() [in]  
[2022/03/23 17:06:29 725] isr        1377 local_session_end() [in]  
[2022/03/23 17:06:29 726] isr        1416 ASR_LOCAL_MSG_SSE net_type  nil  
[2022/03/23 17:06:29 727] isr        1667 isr unload!  
============================================================
Time  2022/03/23 17:06:34 211 
============================================================
[2022/03/23 17:06:34 211] isr        1659 isr loaded!  
[2022/03/23 17:06:34 212] isr        1642 SYS_MSG_REGCB param0 =   msp_status_cb  param1 =   func(80030ae0) 
[2022/03/23 17:06:34 212] isr        1537 ASR_MSG_SSB  
[2022/03/23 17:06:34 212] isr        1066 session_begin() [in], params:   engine_type = local, 		asr_res_path = fo|/home/wheeltec/SR2.2-HR1.1.3/SR2.2-HR1.1.3/offline_mic/bin/config/msc/res/asr/common.jet, sample_rate = 16000, 		grm_build_path = /home/wheeltec/SR2.2-HR1.1.3/SR2.2-HR1.1.3/offline_mic/bin/config/msc/res/asr/GrmBuilld, local_grammar = call, 		result_type = xml, result_encoding = UTF-8,   nil  
[2022/03/23 17:06:34 212] isr        927  vad_set [in]  
[2022/03/23 17:06:34 212] isr        962  vad_enable :  true  
[2022/03/23 17:06:34 212] isr        980  vad_bos :  10000  
[2022/03/23 17:06:34 212] isr        981  vad_eos :  2000  
[2022/03/23 17:06:34 213] isr        886  enable_vad [in]  
[2022/03/23 17:06:34 213] isr        918  vad enabled!  2000  10000  
[2022/03/23 17:06:34 213] isr        921  enable_vad [out]  
[2022/03/23 17:06:34 213] isr        987  vad_set [out] | ret =  0  
[2022/03/23 17:06:34 213] isr        1182 cur_engine_type =   local  
[2022/03/23 17:06:34 213] isr        992  local_session_begin  
[2022/03/23 17:06:34 216] isr        1547 ASR_MSG_AUW,   local  
[2022/03/23 17:06:34 216] isr        1559 6400  1  
[2022/03/23 17:06:34 216] isr        1569 once_bytes:   6400  
[2022/03/23 17:06:34 217] isr        1547 ASR_MSG_AUW,   local  
[2022/03/23 17:06:34 218] isr        1559 6400  2  
[2022/03/23 17:06:34 219] isr        1547 ASR_MSG_AUW,   local  
[2022/03/23 17:06:34 219] isr        1559 6400  2  
[2022/03/23 17:06:34 221] isr        1547 ASR_MSG_AUW,   local  
[2022/03/23 17:06:34 221] isr        1559 6400  2  
[2022/03/23 17:06:34 222] isr        1547 ASR_MSG_AUW,   local  
[2022/03/23 17:06:34 222] isr        1559 6400  2  
[2022/03/23 17:06:34 223] isr        1547 ASR_MSG_AUW,   local  
[2022/03/23 17:06:34 224] isr        1559 6400  2  
[2022/03/23 17:06:34 226] isr        1547 ASR_MSG_AUW,   local  
[2022/03/23 17:06:34 226] isr        1559 6400  2  
[2022/03/23 17:06:34 228] isr        851  [aud] speech start  
[2022/03/23 17:06:34 228] isr        798  1  msc  
[2022/03/23 17:06:34 229] isr        1547 ASR_MSG_AUW,   local  
[2022/03/23 17:06:34 230] isr        1559 6400  2  
[2022/03/23 17:06:34 231] isr        1547 ASR_MSG_AUW,   local  
[2022/03/23 17:06:34 231] isr        1559 6400  2  
[2022/03/23 17:06:34 232] isr        1547 ASR_MSG_AUW,   local  
[2022/03/23 17:06:34 232] isr        1559 6400  2  
[2022/03/23 17:06:34 233] isr        1547 ASR_MSG_AUW,   local  
[2022/03/23 17:06:34 233] isr        1559 6400  2  
[2022/03/23 17:06:34 234] isr        1547 ASR_MSG_AUW,   local  
[2022/03/23 17:06:34 234] isr        1559 6400  2  
[2022/03/23 17:06:34 235] isr        1547 ASR_MSG_AUW,   local  
[2022/03/23 17:06:34 235] isr        1559 6400  2  
[2022/03/23 17:06:34 238] isr        1547 ASR_MSG_AUW,   local  
[2022/03/23 17:06:34 238] isr        1559 6400  2  
[2022/03/23 17:06:34 238] isr        1547 ASR_MSG_AUW,   local  
[2022/03/23 17:06:34 239] isr        1559 6400  2  
[2022/03/23 17:06:34 240] isr        1547 ASR_MSG_AUW,   local  
[2022/03/23 17:06:34 240] isr        1559 6400  2  
[2022/03/23 17:06:34 241] isr        1547 ASR_MSG_AUW,   local  
[2022/03/23 17:06:34 241] isr        1559 6400  2  
[2022/03/23 17:06:34 241] isr        1547 ASR_MSG_AUW,   local  
[2022/03/23 17:06:34 241] isr        1559 6400  2  
[2022/03/23 17:06:34 243] isr        1547 ASR_MSG_AUW,   local  
[2022/03/23 17:06:34 243] isr        1559 6400  2  
[2022/03/23 17:06:34 244] isr        1547 ASR_MSG_AUW,   local  
[2022/03/23 17:06:34 244] isr        1559 6400  2  
[2022/03/23 17:06:34 245] isr        1547 ASR_MSG_AUW,   local  
[2022/03/23 17:06:34 245] isr        1559 0  4  
[2022/03/23 17:06:34 245] isr        1592 aud end, USER  
[2022/03/23 17:06:34 252] isr        1636 ASR_MSG_GRSLT,   local  
[2022/03/23 17:06:34 252] isr        1307 0  nil  2  
[2022/03/23 17:06:34 274] isr        854  [aud] speech end  
[2022/03/23 17:06:34 274] isr        798  3  msc  
[2022/03/23 17:06:34 353] isr        1636 ASR_MSG_GRSLT,   local  
[2022/03/23 17:06:34 353] isr        1307 0  nil  2  
[2022/03/23 17:06:34 367] isr        723  local_cbmsg_handler  ,msg=  406  param1=  nil  
[2022/03/23 17:06:34 454] isr        1636 ASR_MSG_GRSLT,   local  
[2022/03/23 17:06:34 454] isr        1307 0  nil  2  
[2022/03/23 17:06:34 555] isr        1636 ASR_MSG_GRSLT,   local  
[2022/03/23 17:06:34 555] isr        1307 0  nil  2  
[2022/03/23 17:06:34 595] isr        723  local_cbmsg_handler  ,msg=  407  param1=  nil  
[2022/03/23 17:06:34 595] isr        641  process_result call:  local  nil  0  2  
[2022/03/23 17:06:34 595] isr        798  3  msc  
[2022/03/23 17:06:34 595] isr        800  already speech end  
[2022/03/23 17:06:34 596] isr        723  local_cbmsg_handler  ,msg=  408  param1=  nil  
[2022/03/23 17:06:34 596] isr        734  local session recognized end!  
[2022/03/23 17:06:34 656] isr        1636 ASR_MSG_GRSLT,   local  
[2022/03/23 17:06:34 656] isr        1307 0  nil  5  
[2022/03/23 17:06:34 756] isr        1639 ASR_MSG_SSE,   local  
[2022/03/23 17:06:34 756] isr        1356 session_end() [in]  
[2022/03/23 17:06:34 757] isr        1377 local_session_end() [in]  
[2022/03/23 17:06:34 758] isr        1416 ASR_LOCAL_MSG_SSE net_type  nil  
[2022/03/23 17:06:34 759] isr        1667 isr unload!  
============================================================
Time  2022/03/23 17:06:39 115 
============================================================
[2022/03/23 17:06:39 115] isr        1659 isr loaded!  
[2022/03/23 17:06:39 115] isr        1642 SYS_MSG_REGCB param0 =   msp_status_cb  param1 =   func(8c01b900) 
[2022/03/23 17:06:39 115] isr        1537 ASR_MSG_SSB  
[2022/03/23 17:06:39 116] isr        1066 session_begin() [in], params:   engine_type = local, 		asr_res_path = fo|/home/wheeltec/SR2.2-HR1.1.3/SR2.2-HR1.1.3/offline_mic/bin/config/msc/res/asr/common.jet, sample_rate = 16000, 		grm_build_path = /home/wheeltec/SR2.2-HR1.1.3/SR2.2-HR1.1.3/offline_mic/bin/config/msc/res/asr/GrmBuilld, local_grammar = call, 		result_type = xml, result_encoding = UTF-8,   nil  
[2022/03/23 17:06:39 116] isr        927  vad_set [in]  
[2022/03/23 17:06:39 116] isr        962  vad_enable :  true  
[2022/03/23 17:06:39 116] isr        980  vad_bos :  10000  
[2022/03/23 17:06:39 116] isr        981  vad_eos :  2000  
[2022/03/23 17:06:39 116] isr        886  enable_vad [in]  
[2022/03/23 17:06:39 117] isr        918  vad enabled!  2000  10000  
[2022/03/23 17:06:39 117] isr        921  enable_vad [out]  
[2022/03/23 17:06:39 117] isr        987  vad_set [out] | ret =  0  
[2022/03/23 17:06:39 117] isr        1182 cur_engine_type =   local  
[2022/03/23 17:06:39 117] isr        992  local_session_begin  
[2022/03/23 17:06:39 119] isr        1547 ASR_MSG_AUW,   local  
[2022/03/23 17:06:39 120] isr        1559 6400  1  
[2022/03/23 17:06:39 120] isr        1569 once_bytes:   6400  
[2022/03/23 17:06:39 121] isr        1547 ASR_MSG_AUW,   local  
[2022/03/23 17:06:39 121] isr        1559 6400  2  
[2022/03/23 17:06:39 122] isr        1547 ASR_MSG_AUW,   local  
[2022/03/23 17:06:39 122] isr        1559 6400  2  
[2022/03/23 17:06:39 124] isr        1547 ASR_MSG_AUW,   local  
[2022/03/23 17:06:39 124] isr        1559 6400  2  
[2022/03/23 17:06:39 125] isr        1547 ASR_MSG_AUW,   local  
[2022/03/23 17:06:39 126] isr        1559 6400  2  
[2022/03/23 17:06:39 127] isr        1547 ASR_MSG_AUW,   local  
[2022/03/23 17:06:39 128] isr        1559 6400  2  
[2022/03/23 17:06:39 132] isr        1547 ASR_MSG_AUW,   local  
[2022/03/23 17:06:39 132] isr        1559 6400  2  
[2022/03/23 17:06:39 132] isr        851  [aud] speech start  
[2022/03/23 17:06:39 133] isr        798  1  msc  
[2022/03/23 17:06:39 134] isr        1547 ASR_MSG_AUW,   local  
[2022/03/23 17:06:39 134] isr        1559 6400  2  
[2022/03/23 17:06:39 135] isr        1547 ASR_MSG_AUW,   local  
[2022/03/23 17:06:39 135] isr        1559 6400  2  
[2022/03/23 17:06:39 137] isr        1547 ASR_MSG_AUW,   local  
[2022/03/23 17:06:39 137] isr        1559 6400  2  
[2022/03/23 17:06:39 137] isr        1547 ASR_MSG_AUW,   local  
[2022/03/23 17:06:39 137] isr        1559 6400  2  
[2022/03/23 17:06:39 138] isr        1547 ASR_MSG_AUW,   local  
[2022/03/23 17:06:39 138] isr        1559 6400  2  
[2022/03/23 17:06:39 139] isr        1547 ASR_MSG_AUW,   local  
[2022/03/23 17:06:39 139] isr        1559 6400  2  
[2022/03/23 17:06:39 142] isr        1547 ASR_MSG_AUW,   local  
[2022/03/23 17:06:39 142] isr        1559 6400  2  
[2022/03/23 17:06:39 143] isr        1547 ASR_MSG_AUW,   local  
[2022/03/23 17:06:39 143] isr        1559 6400  2  
[2022/03/23 17:06:39 144] isr        1547 ASR_MSG_AUW,   local  
[2022/03/23 17:06:39 144] isr        1559 6400  2  
[2022/03/23 17:06:39 144] isr        1547 ASR_MSG_AUW,   local  
[2022/03/23 17:06:39 144] isr        1559 6400  2  
[2022/03/23 17:06:39 145] isr        1547 ASR_MSG_AUW,   local  
[2022/03/23 17:06:39 145] isr        1559 6400  2  
[2022/03/23 17:06:39 146] isr        1547 ASR_MSG_AUW,   local  
[2022/03/23 17:06:39 146] isr        1559 8800  2  
[2022/03/23 17:06:39 147] isr        1547 ASR_MSG_AUW,   local  
[2022/03/23 17:06:39 147] isr        1559 0  4  
[2022/03/23 17:06:39 147] isr        1592 aud end, USER  
[2022/03/23 17:06:39 152] isr        1636 ASR_MSG_GRSLT,   local  
[2022/03/23 17:06:39 152] isr        1307 0  nil  2  
[2022/03/23 17:06:39 176] isr        854  [aud] speech end  
[2022/03/23 17:06:39 177] isr        798  3  msc  
[2022/03/23 17:06:39 253] isr        1636 ASR_MSG_GRSLT,   local  
[2022/03/23 17:06:39 253] isr        1307 0  nil  2  
[2022/03/23 17:06:39 273] isr        723  local_cbmsg_handler  ,msg=  406  param1=  nil  
[2022/03/23 17:06:39 353] isr        1636 ASR_MSG_GRSLT,   local  
[2022/03/23 17:06:39 354] isr        1307 0  nil  2  
[2022/03/23 17:06:39 385] isr        723  local_cbmsg_handler  ,msg=  404  param1=  nil  
[2022/03/23 17:06:39 454] isr        1636 ASR_MSG_GRSLT,   local  
[2022/03/23 17:06:39 455] isr        1307 0  nil  2  
[2022/03/23 17:06:39 555] isr        1636 ASR_MSG_GRSLT,   local  
[2022/03/23 17:06:39 555] isr        1307 0  nil  2  
[2022/03/23 17:06:39 656] isr        1636 ASR_MSG_GRSLT,   local  
[2022/03/23 17:06:39 656] isr        1307 0  nil  2  
[2022/03/23 17:06:39 757] isr        1636 ASR_MSG_GRSLT,   local  
[2022/03/23 17:06:39 757] isr        1307 0  nil  2  
[2022/03/23 17:06:39 858] isr        1636 ASR_MSG_GRSLT,   local  
[2022/03/23 17:06:39 858] isr        1307 0  nil  2  
[2022/03/23 17:06:39 959] isr        1636 ASR_MSG_GRSLT,   local  
[2022/03/23 17:06:39 959] isr        1307 0  nil  2  
[2022/03/23 17:06:39 964] isr        723  local_cbmsg_handler  ,msg=  407  param1=  udata(8c19b918) 
[2022/03/23 17:06:39 964] isr        641  process_result call:  local  udata(8c19b918) 97  2  
[2022/03/23 17:06:39 964] isr        798  3  msc  
[2022/03/23 17:06:39 964] isr        800  already speech end  
[2022/03/23 17:06:39 964] isr        723  local_cbmsg_handler  ,msg=  408  param1=  nil  
[2022/03/23 17:06:39 965] isr        734  local session recognized end!  
[2022/03/23 17:06:40 059] isr        1636 ASR_MSG_GRSLT,   local  
[2022/03/23 17:06:40 060] isr        1307 0  udata(8c19b918) 5  
[2022/03/23 17:06:40 160] isr        1639 ASR_MSG_SSE,   local  
[2022/03/23 17:06:40 160] isr        1356 session_end() [in]  
[2022/03/23 17:06:40 160] isr        1377 local_session_end() [in]  
[2022/03/23 17:06:40 162] isr        1416 ASR_LOCAL_MSG_SSE net_type  nil  
[2022/03/23 17:06:40 163] isr        1667 isr unload!  
============================================================
Time  2022/03/23 17:06:44 168 
============================================================
[2022/03/23 17:06:44 168] isr        1659 isr loaded!  
[2022/03/23 17:06:44 168] isr        1642 SYS_MSG_REGCB param0 =   msp_status_cb  param1 =   func(a0100140) 
[2022/03/23 17:06:44 168] isr        1537 ASR_MSG_SSB  
[2022/03/23 17:06:44 169] isr        1066 session_begin() [in], params:   engine_type = local, 		asr_res_path = fo|/home/wheeltec/SR2.2-HR1.1.3/SR2.2-HR1.1.3/offline_mic/bin/config/msc/res/asr/common.jet, sample_rate = 16000, 		grm_build_path = /home/wheeltec/SR2.2-HR1.1.3/SR2.2-HR1.1.3/offline_mic/bin/config/msc/res/asr/GrmBuilld, local_grammar = call, 		result_type = xml, result_encoding = UTF-8,   nil  
[2022/03/23 17:06:44 169] isr        927  vad_set [in]  
[2022/03/23 17:06:44 169] isr        962  vad_enable :  true  
[2022/03/23 17:06:44 169] isr        980  vad_bos :  10000  
[2022/03/23 17:06:44 169] isr        981  vad_eos :  2000  
[2022/03/23 17:06:44 169] isr        886  enable_vad [in]  
[2022/03/23 17:06:44 170] isr        918  vad enabled!  2000  10000  
[2022/03/23 17:06:44 170] isr        921  enable_vad [out]  
[2022/03/23 17:06:44 170] isr        987  vad_set [out] | ret =  0  
[2022/03/23 17:06:44 170] isr        1182 cur_engine_type =   local  
[2022/03/23 17:06:44 170] isr        992  local_session_begin  
[2022/03/23 17:06:44 173] isr        1547 ASR_MSG_AUW,   local  
[2022/03/23 17:06:44 173] isr        1559 6400  1  
[2022/03/23 17:06:44 173] isr        1569 once_bytes:   6400  
[2022/03/23 17:06:44 174] isr        1547 ASR_MSG_AUW,   local  
[2022/03/23 17:06:44 174] isr        1559 6400  2  
[2022/03/23 17:06:44 175] isr        1547 ASR_MSG_AUW,   local  
[2022/03/23 17:06:44 175] isr        1559 6400  2  
[2022/03/23 17:06:44 177] isr        1547 ASR_MSG_AUW,   local  
[2022/03/23 17:06:44 177] isr        1559 6400  2  
[2022/03/23 17:06:44 178] isr        1547 ASR_MSG_AUW,   local  
[2022/03/23 17:06:44 178] isr        1559 6400  2  
[2022/03/23 17:06:44 180] isr        1547 ASR_MSG_AUW,   local  
[2022/03/23 17:06:44 180] isr        1559 6400  2  
[2022/03/23 17:06:44 182] isr        1547 ASR_MSG_AUW,   local  
[2022/03/23 17:06:44 182] isr        1559 6400  2  
[2022/03/23 17:06:44 183] isr        851  [aud] speech start  
[2022/03/23 17:06:44 184] isr        798  1  msc  
[2022/03/23 17:06:44 185] isr        1547 ASR_MSG_AUW,   local  
[2022/03/23 17:06:44 186] isr        1559 6400  2  
[2022/03/23 17:06:44 186] isr        1547 ASR_MSG_AUW,   local  
[2022/03/23 17:06:44 186] isr        1559 6400  2  
[2022/03/23 17:06:44 187] isr        1547 ASR_MSG_AUW,   local  
[2022/03/23 17:06:44 187] isr        1559 6400  2  
[2022/03/23 17:06:44 190] isr        1547 ASR_MSG_AUW,   local  
[2022/03/23 17:06:44 190] isr        1559 6400  2  
[2022/03/23 17:06:44 190] isr        1547 ASR_MSG_AUW,   local  
[2022/03/23 17:06:44 190] isr        1559 6400  2  
[2022/03/23 17:06:44 191] isr        1547 ASR_MSG_AUW,   local  
[2022/03/23 17:06:44 191] isr        1559 6400  2  
[2022/03/23 17:06:44 192] isr        1547 ASR_MSG_AUW,   local  
[2022/03/23 17:06:44 192] isr        1559 6400  2  
[2022/03/23 17:06:44 193] isr        1547 ASR_MSG_AUW,   local  
[2022/03/23 17:06:44 193] isr        1559 6400  2  
[2022/03/23 17:06:44 196] isr        1547 ASR_MSG_AUW,   local  
[2022/03/23 17:06:44 196] isr        1559 6400  2  
[2022/03/23 17:06:44 196] isr        1547 ASR_MSG_AUW,   local  
[2022/03/23 17:06:44 197] isr        1559 9600  2  
[2022/03/23 17:06:44 197] isr        1547 ASR_MSG_AUW,   local  
[2022/03/23 17:06:44 197] isr        1559 0  4  
[2022/03/23 17:06:44 197] isr        1592 aud end, USER  
[2022/03/23 17:06:44 201] isr        1636 ASR_MSG_GRSLT,   local  
[2022/03/23 17:06:44 201] isr        1307 0  nil  2  
[2022/03/23 17:06:44 224] isr        854  [aud] speech end  
[2022/03/23 17:06:44 225] isr        798  3  msc  
[2022/03/23 17:06:44 302] isr        1636 ASR_MSG_GRSLT,   local  
[2022/03/23 17:06:44 302] isr        1307 0  nil  2  
[2022/03/23 17:06:44 322] isr        723  local_cbmsg_handler  ,msg=  406  param1=  nil  
[2022/03/23 17:06:44 402] isr        1636 ASR_MSG_GRSLT,   local  
[2022/03/23 17:06:44 402] isr        1307 0  nil  2  
[2022/03/23 17:06:44 503] isr        1636 ASR_MSG_GRSLT,   local  
[2022/03/23 17:06:44 503] isr        1307 0  nil  2  
[2022/03/23 17:06:44 604] isr        1636 ASR_MSG_GRSLT,   local  
[2022/03/23 17:06:44 604] isr        1307 0  nil  2  
[2022/03/23 17:06:44 705] isr        1636 ASR_MSG_GRSLT,   local  
[2022/03/23 17:06:44 705] isr        1307 0  nil  2  
[2022/03/23 17:06:44 806] isr        1636 ASR_MSG_GRSLT,   local  
[2022/03/23 17:06:44 806] isr        1307 0  nil  2  
[2022/03/23 17:06:44 906] isr        1636 ASR_MSG_GRSLT,   local  
[2022/03/23 17:06:44 907] isr        1307 0  nil  2  
[2022/03/23 17:06:45 007] isr        1636 ASR_MSG_GRSLT,   local  
[2022/03/23 17:06:45 007] isr        1307 0  nil  2  
[2022/03/23 17:06:45 108] isr        1636 ASR_MSG_GRSLT,   local  
[2022/03/23 17:06:45 108] isr        1307 0  nil  2  
[2022/03/23 17:06:45 209] isr        1636 ASR_MSG_GRSLT,   local  
[2022/03/23 17:06:45 209] isr        1307 0  nil  2  
[2022/03/23 17:06:45 248] isr        723  local_cbmsg_handler  ,msg=  407  param1=  nil  
[2022/03/23 17:06:45 248] isr        641  process_result call:  local  nil  0  2  
[2022/03/23 17:06:45 248] isr        798  3  msc  
[2022/03/23 17:06:45 248] isr        800  already speech end  
[2022/03/23 17:06:45 248] isr        723  local_cbmsg_handler  ,msg=  408  param1=  nil  
[2022/03/23 17:06:45 248] isr        734  local session recognized end!  
[2022/03/23 17:06:45 310] isr        1636 ASR_MSG_GRSLT,   local  
[2022/03/23 17:06:45 310] isr        1307 0  nil  5  
[2022/03/23 17:06:45 411] isr        1639 ASR_MSG_SSE,   local  
[2022/03/23 17:06:45 411] isr        1356 session_end() [in]  
[2022/03/23 17:06:45 411] isr        1377 local_session_end() [in]  
[2022/03/23 17:06:45 412] isr        1416 ASR_LOCAL_MSG_SSE net_type  nil  
[2022/03/23 17:06:45 413] isr        1667 isr unload!  
============================================================
Time  2022/03/23 17:07:06 024 
============================================================
[2022/03/23 17:07:06 024] isr        1659 isr loaded!  
[2022/03/23 17:07:06 024] isr        1642 SYS_MSG_REGCB param0 =   msp_status_cb  param1 =   func(a402e9e0) 
[2022/03/23 17:07:06 025] isr        1537 ASR_MSG_SSB  
[2022/03/23 17:07:06 025] isr        1066 session_begin() [in], params:   engine_type = local, 		asr_res_path = fo|/home/wheeltec/SR2.2-HR1.1.3/SR2.2-HR1.1.3/offline_mic/bin/config/msc/res/asr/common.jet, sample_rate = 16000, 		grm_build_path = /home/wheeltec/SR2.2-HR1.1.3/SR2.2-HR1.1.3/offline_mic/bin/config/msc/res/asr/GrmBuilld, local_grammar = call, 		result_type = xml, result_encoding = UTF-8,   nil  
[2022/03/23 17:07:06 025] isr        927  vad_set [in]  
[2022/03/23 17:07:06 025] isr        962  vad_enable :  true  
[2022/03/23 17:07:06 025] isr        980  vad_bos :  10000  
[2022/03/23 17:07:06 025] isr        981  vad_eos :  2000  
[2022/03/23 17:07:06 025] isr        886  enable_vad [in]  
[2022/03/23 17:07:06 026] isr        918  vad enabled!  2000  10000  
[2022/03/23 17:07:06 026] isr        921  enable_vad [out]  
[2022/03/23 17:07:06 026] isr        987  vad_set [out] | ret =  0  
[2022/03/23 17:07:06 026] isr        1182 cur_engine_type =   local  
[2022/03/23 17:07:06 026] isr        992  local_session_begin  
[2022/03/23 17:07:06 029] isr        1547 ASR_MSG_AUW,   local  
[2022/03/23 17:07:06 029] isr        1559 6400  1  
[2022/03/23 17:07:06 029] isr        1569 once_bytes:   6400  
[2022/03/23 17:07:06 030] isr        1547 ASR_MSG_AUW,   local  
[2022/03/23 17:07:06 031] isr        1559 6400  2  
[2022/03/23 17:07:06 032] isr        1547 ASR_MSG_AUW,   local  
[2022/03/23 17:07:06 032] isr        1559 6400  2  
[2022/03/23 17:07:06 033] isr        1547 ASR_MSG_AUW,   local  
[2022/03/23 17:07:06 034] isr        1559 6400  2  
[2022/03/23 17:07:06 034] isr        1547 ASR_MSG_AUW,   local  
[2022/03/23 17:07:06 035] isr        1559 6400  2  
[2022/03/23 17:07:06 036] isr        1547 ASR_MSG_AUW,   local  
[2022/03/23 17:07:06 036] isr        1559 6400  2  
[2022/03/23 17:07:06 039] isr        1547 ASR_MSG_AUW,   local  
[2022/03/23 17:07:06 039] isr        1559 6400  2  
[2022/03/23 17:07:06 040] isr        851  [aud] speech start  
[2022/03/23 17:07:06 040] isr        798  1  msc  
[2022/03/23 17:07:06 042] isr        1547 ASR_MSG_AUW,   local  
[2022/03/23 17:07:06 042] isr        1559 6400  2  
[2022/03/23 17:07:06 043] isr        1547 ASR_MSG_AUW,   local  
[2022/03/23 17:07:06 044] isr        1559 6400  2  
[2022/03/23 17:07:06 044] isr        1547 ASR_MSG_AUW,   local  
[2022/03/23 17:07:06 045] isr        1559 6400  2  
[2022/03/23 17:07:06 046] isr        1547 ASR_MSG_AUW,   local  
[2022/03/23 17:07:06 046] isr        1559 6400  2  
[2022/03/23 17:07:06 047] isr        1547 ASR_MSG_AUW,   local  
[2022/03/23 17:07:06 048] isr        1559 6400  2  
[2022/03/23 17:07:06 050] isr        1547 ASR_MSG_AUW,   local  
[2022/03/23 17:07:06 050] isr        1559 6400  2  
[2022/03/23 17:07:06 051] isr        1547 ASR_MSG_AUW,   local  
[2022/03/23 17:07:06 052] isr        1559 6400  2  
[2022/03/23 17:07:06 052] isr        1547 ASR_MSG_AUW,   local  
[2022/03/23 17:07:06 052] isr        1559 6400  2  
[2022/03/23 17:07:06 053] isr        1547 ASR_MSG_AUW,   local  
[2022/03/23 17:07:06 054] isr        1559 6400  2  
[2022/03/23 17:07:06 056] isr        1547 ASR_MSG_AUW,   local  
[2022/03/23 17:07:06 056] isr        1559 6400  2  
[2022/03/23 17:07:06 057] isr        1547 ASR_MSG_AUW,   local  
[2022/03/23 17:07:06 057] isr        1559 6400  2  
[2022/03/23 17:07:06 058] isr        1547 ASR_MSG_AUW,   local  
[2022/03/23 17:07:06 058] isr        1559 6400  2  
[2022/03/23 17:07:06 058] isr        1547 ASR_MSG_AUW,   local  
[2022/03/23 17:07:06 058] isr        1559 6400  2  
[2022/03/23 17:07:06 059] isr        1547 ASR_MSG_AUW,   local  
[2022/03/23 17:07:06 059] isr        1559 6400  2  
[2022/03/23 17:07:06 060] isr        1547 ASR_MSG_AUW,   local  
[2022/03/23 17:07:06 060] isr        1559 6400  2  
[2022/03/23 17:07:06 061] isr        1547 ASR_MSG_AUW,   local  
[2022/03/23 17:07:06 061] isr        1559 6400  2  
[2022/03/23 17:07:06 062] isr        1547 ASR_MSG_AUW,   local  
[2022/03/23 17:07:06 062] isr        1559 6400  2  
[2022/03/23 17:07:06 064] isr        1547 ASR_MSG_AUW,   local  
[2022/03/23 17:07:06 064] isr        1559 10400  2  
[2022/03/23 17:07:06 065] isr        1547 ASR_MSG_AUW,   local  
[2022/03/23 17:07:06 065] isr        1559 0  4  
[2022/03/23 17:07:06 065] isr        1592 aud end, USER  
[2022/03/23 17:07:06 069] isr        1636 ASR_MSG_GRSLT,   local  
[2022/03/23 17:07:06 069] isr        1307 0  nil  2  
[2022/03/23 17:07:06 104] isr        854  [aud] speech end  
[2022/03/23 17:07:06 104] isr        798  3  msc  
[2022/03/23 17:07:06 169] isr        1636 ASR_MSG_GRSLT,   local  
[2022/03/23 17:07:06 170] isr        1307 0  nil  2  
[2022/03/23 17:07:06 186] isr        723  local_cbmsg_handler  ,msg=  406  param1=  nil  
[2022/03/23 17:07:06 270] isr        1636 ASR_MSG_GRSLT,   local  
[2022/03/23 17:07:06 270] isr        1307 0  nil  2  
[2022/03/23 17:07:06 300] isr        723  local_cbmsg_handler  ,msg=  404  param1=  nil  
[2022/03/23 17:07:06 347] isr        723  local_cbmsg_handler  ,msg=  405  param1=  nil  
[2022/03/23 17:07:06 347] isr        729  local speech end  
[2022/03/23 17:07:06 347] isr        798  3  local  
[2022/03/23 17:07:06 347] isr        800  already speech end  
[2022/03/23 17:07:06 371] isr        1636 ASR_MSG_GRSLT,   local  
[2022/03/23 17:07:06 371] isr        1307 0  nil  2  
[2022/03/23 17:07:06 472] isr        1636 ASR_MSG_GRSLT,   local  
[2022/03/23 17:07:06 472] isr        1307 0  nil  2  
[2022/03/23 17:07:06 573] isr        1636 ASR_MSG_GRSLT,   local  
[2022/03/23 17:07:06 573] isr        1307 0  nil  2  
[2022/03/23 17:07:06 673] isr        1636 ASR_MSG_GRSLT,   local  
[2022/03/23 17:07:06 674] isr        1307 0  nil  2  
[2022/03/23 17:07:06 772] isr        723  local_cbmsg_handler  ,msg=  407  param1=  udata(a42960a8) 
[2022/03/23 17:07:06 772] isr        641  process_result call:  local  udata(a42960a8) 77  2  
[2022/03/23 17:07:06 773] isr        798  3  msc  
[2022/03/23 17:07:06 773] isr        800  already speech end  
[2022/03/23 17:07:06 773] isr        723  local_cbmsg_handler  ,msg=  408  param1=  nil  
[2022/03/23 17:07:06 773] isr        734  local session recognized end!  
[2022/03/23 17:07:06 774] isr        1636 ASR_MSG_GRSLT,   local  
[2022/03/23 17:07:06 774] isr        1307 0  udata(a42960a8) 5  
[2022/03/23 17:07:06 875] isr        1639 ASR_MSG_SSE,   local  
[2022/03/23 17:07:06 875] isr        1356 session_end() [in]  
[2022/03/23 17:07:06 875] isr        1377 local_session_end() [in]  
[2022/03/23 17:07:06 877] isr        1416 ASR_LOCAL_MSG_SSE net_type  nil  
[2022/03/23 17:07:06 877] isr        1667 isr unload!  
============================================================
Time  2022/03/23 17:07:11 003 
============================================================
[2022/03/23 17:07:11 003] isr        1659 isr loaded!  
[2022/03/23 17:07:11 004] isr        1642 SYS_MSG_REGCB param0 =   msp_status_cb  param1 =   func(980f2cd0) 
[2022/03/23 17:07:11 004] isr        1537 ASR_MSG_SSB  
[2022/03/23 17:07:11 004] isr        1066 session_begin() [in], params:   engine_type = local, 		asr_res_path = fo|/home/wheeltec/SR2.2-HR1.1.3/SR2.2-HR1.1.3/offline_mic/bin/config/msc/res/asr/common.jet, sample_rate = 16000, 		grm_build_path = /home/wheeltec/SR2.2-HR1.1.3/SR2.2-HR1.1.3/offline_mic/bin/config/msc/res/asr/GrmBuilld, local_grammar = call, 		result_type = xml, result_encoding = UTF-8,   nil  
[2022/03/23 17:07:11 004] isr        927  vad_set [in]  
[2022/03/23 17:07:11 004] isr        962  vad_enable :  true  
[2022/03/23 17:07:11 004] isr        980  vad_bos :  10000  
[2022/03/23 17:07:11 004] isr        981  vad_eos :  2000  
[2022/03/23 17:07:11 005] isr        886  enable_vad [in]  
[2022/03/23 17:07:11 005] isr        918  vad enabled!  2000  10000  
[2022/03/23 17:07:11 005] isr        921  enable_vad [out]  
[2022/03/23 17:07:11 005] isr        987  vad_set [out] | ret =  0  
[2022/03/23 17:07:11 005] isr        1182 cur_engine_type =   local  
[2022/03/23 17:07:11 005] isr        992  local_session_begin  
[2022/03/23 17:07:11 008] isr        1547 ASR_MSG_AUW,   local  
[2022/03/23 17:07:11 008] isr        1559 6400  1  
[2022/03/23 17:07:11 008] isr        1569 once_bytes:   6400  
[2022/03/23 17:07:11 009] isr        1547 ASR_MSG_AUW,   local  
[2022/03/23 17:07:11 010] isr        1559 6400  2  
[2022/03/23 17:07:11 011] isr        1547 ASR_MSG_AUW,   local  
[2022/03/23 17:07:11 011] isr        1559 6400  2  
[2022/03/23 17:07:11 013] isr        1547 ASR_MSG_AUW,   local  
[2022/03/23 17:07:11 013] isr        1559 6400  2  
[2022/03/23 17:07:11 014] isr        1547 ASR_MSG_AUW,   local  
[2022/03/23 17:07:11 014] isr        1559 6400  2  
[2022/03/23 17:07:11 016] isr        1547 ASR_MSG_AUW,   local  
[2022/03/23 17:07:11 016] isr        1559 6400  2  
[2022/03/23 17:07:11 018] isr        851  [aud] speech start  
[2022/03/23 17:07:11 018] isr        798  1  msc  
[2022/03/23 17:07:11 021] isr        1547 ASR_MSG_AUW,   local  
[2022/03/23 17:07:11 022] isr        1559 6400  2  
[2022/03/23 17:07:11 022] isr        1547 ASR_MSG_AUW,   local  
[2022/03/23 17:07:11 022] isr        1559 6400  2  
[2022/03/23 17:07:11 024] isr        1547 ASR_MSG_AUW,   local  
[2022/03/23 17:07:11 024] isr        1559 6400  2  
[2022/03/23 17:07:11 024] isr        1547 ASR_MSG_AUW,   local  
[2022/03/23 17:07:11 025] isr        1559 6400  2  
[2022/03/23 17:07:11 027] isr        1547 ASR_MSG_AUW,   local  
[2022/03/23 17:07:11 027] isr        1559 6400  2  
[2022/03/23 17:07:11 028] isr        1547 ASR_MSG_AUW,   local  
[2022/03/23 17:07:11 028] isr        1559 6400  2  
[2022/03/23 17:07:11 029] isr        1547 ASR_MSG_AUW,   local  
[2022/03/23 17:07:11 029] isr        1559 6400  2  
[2022/03/23 17:07:11 030] isr        1547 ASR_MSG_AUW,   local  
[2022/03/23 17:07:11 030] isr        1559 6400  2  
[2022/03/23 17:07:11 032] isr        1547 ASR_MSG_AUW,   local  
[2022/03/23 17:07:11 032] isr        1559 6400  2  
[2022/03/23 17:07:11 032] isr        1547 ASR_MSG_AUW,   local  
[2022/03/23 17:07:11 032] isr        1559 6400  2  
[2022/03/23 17:07:11 033] isr        1547 ASR_MSG_AUW,   local  
[2022/03/23 17:07:11 033] isr        1559 6400  2  
[2022/03/23 17:07:11 034] isr        1547 ASR_MSG_AUW,   local  
[2022/03/23 17:07:11 034] isr        1559 7200  2  
[2022/03/23 17:07:11 035] isr        1547 ASR_MSG_AUW,   local  
[2022/03/23 17:07:11 035] isr        1559 0  4  
[2022/03/23 17:07:11 035] isr        1592 aud end, USER  
[2022/03/23 17:07:11 041] isr        1636 ASR_MSG_GRSLT,   local  
[2022/03/23 17:07:11 042] isr        1307 0  nil  2  
[2022/03/23 17:07:11 061] isr        854  [aud] speech end  
[2022/03/23 17:07:11 062] isr        798  3  msc  
[2022/03/23 17:07:11 142] isr        1636 ASR_MSG_GRSLT,   local  
[2022/03/23 17:07:11 142] isr        1307 0  nil  2  
[2022/03/23 17:07:11 155] isr        723  local_cbmsg_handler  ,msg=  406  param1=  nil  
[2022/03/23 17:07:11 243] isr        1636 ASR_MSG_GRSLT,   local  
[2022/03/23 17:07:11 243] isr        1307 0  nil  2  
[2022/03/23 17:07:11 279] isr        723  local_cbmsg_handler  ,msg=  404  param1=  nil  
[2022/03/23 17:07:11 344] isr        1636 ASR_MSG_GRSLT,   local  
[2022/03/23 17:07:11 344] isr        1307 0  nil  2  
[2022/03/23 17:07:11 445] isr        1636 ASR_MSG_GRSLT,   local  
[2022/03/23 17:07:11 445] isr        1307 0  nil  2  
[2022/03/23 17:07:11 546] isr        1636 ASR_MSG_GRSLT,   local  
[2022/03/23 17:07:11 546] isr        1307 0  nil  2  
[2022/03/23 17:07:11 647] isr        1636 ASR_MSG_GRSLT,   local  
[2022/03/23 17:07:11 647] isr        1307 0  nil  2  
[2022/03/23 17:07:11 732] isr        723  local_cbmsg_handler  ,msg=  407  param1=  udata(9810a2e8) 
[2022/03/23 17:07:11 732] isr        641  process_result call:  local  udata(9810a2e8) 70  2  
[2022/03/23 17:07:11 732] isr        798  3  msc  
[2022/03/23 17:07:11 732] isr        800  already speech end  
[2022/03/23 17:07:11 733] isr        723  local_cbmsg_handler  ,msg=  408  param1=  nil  
[2022/03/23 17:07:11 733] isr        734  local session recognized end!  
[2022/03/23 17:07:11 748] isr        1636 ASR_MSG_GRSLT,   local  
[2022/03/23 17:07:11 748] isr        1307 0  udata(9810a2e8) 5  
[2022/03/23 17:07:11 848] isr        1639 ASR_MSG_SSE,   local  
[2022/03/23 17:07:11 848] isr        1356 session_end() [in]  
[2022/03/23 17:07:11 848] isr        1377 local_session_end() [in]  
[2022/03/23 17:07:11 850] isr        1416 ASR_LOCAL_MSG_SSE net_type  nil  
[2022/03/23 17:07:11 851] isr        1667 isr unload!  
============================================================
Time  2022/03/23 17:07:51 706 
============================================================
[2022/03/23 17:07:51 706] isr        1659 isr loaded!  
[2022/03/23 17:07:51 706] isr        1642 SYS_MSG_REGCB param0 =   msp_status_cb  param1 =   func(88131b30) 
[2022/03/23 17:07:51 706] isr        1537 ASR_MSG_SSB  
[2022/03/23 17:07:51 706] isr        1066 session_begin() [in], params:   engine_type = local, 		asr_res_path = fo|/home/wheeltec/SR2.2-HR1.1.3/SR2.2-HR1.1.3/offline_mic/bin/config/msc/res/asr/common.jet, sample_rate = 16000, 		grm_build_path = /home/wheeltec/SR2.2-HR1.1.3/SR2.2-HR1.1.3/offline_mic/bin/config/msc/res/asr/GrmBuilld, local_grammar = call, 		result_type = xml, result_encoding = UTF-8,   nil  
[2022/03/23 17:07:51 707] isr        927  vad_set [in]  
[2022/03/23 17:07:51 707] isr        962  vad_enable :  true  
[2022/03/23 17:07:51 707] isr        980  vad_bos :  10000  
[2022/03/23 17:07:51 707] isr        981  vad_eos :  2000  
[2022/03/23 17:07:51 707] isr        886  enable_vad [in]  
[2022/03/23 17:07:51 708] isr        918  vad enabled!  2000  10000  
[2022/03/23 17:07:51 708] isr        921  enable_vad [out]  
[2022/03/23 17:07:51 708] isr        987  vad_set [out] | ret =  0  
[2022/03/23 17:07:51 708] isr        1182 cur_engine_type =   local  
[2022/03/23 17:07:51 708] isr        992  local_session_begin  
[2022/03/23 17:07:51 711] isr        1547 ASR_MSG_AUW,   local  
[2022/03/23 17:07:51 711] isr        1559 6400  1  
[2022/03/23 17:07:51 711] isr        1569 once_bytes:   6400  
[2022/03/23 17:07:51 713] isr        1547 ASR_MSG_AUW,   local  
[2022/03/23 17:07:51 713] isr        1559 6400  2  
[2022/03/23 17:07:51 714] isr        1547 ASR_MSG_AUW,   local  
[2022/03/23 17:07:51 714] isr        1559 6400  2  
[2022/03/23 17:07:51 716] isr        1547 ASR_MSG_AUW,   local  
[2022/03/23 17:07:51 716] isr        1559 6400  2  
[2022/03/23 17:07:51 717] isr        1547 ASR_MSG_AUW,   local  
[2022/03/23 17:07:51 718] isr        1559 6400  2  
[2022/03/23 17:07:51 720] isr        1547 ASR_MSG_AUW,   local  
[2022/03/23 17:07:51 720] isr        1559 6400  2  
[2022/03/23 17:07:51 720] isr        1547 ASR_MSG_AUW,   local  
[2022/03/23 17:07:51 720] isr        1559 6400  2  
[2022/03/23 17:07:51 721] isr        1547 ASR_MSG_AUW,   local  
[2022/03/23 17:07:51 721] isr        1559 6400  2  
[2022/03/23 17:07:51 723] isr        851  [aud] speech start  
[2022/03/23 17:07:51 723] isr        798  1  msc  
[2022/03/23 17:07:51 723] isr        1547 ASR_MSG_AUW,   local  
[2022/03/23 17:07:51 723] isr        1559 6400  2  
[2022/03/23 17:07:51 725] isr        1547 ASR_MSG_AUW,   local  
[2022/03/23 17:07:51 725] isr        1559 6400  2  
[2022/03/23 17:07:51 726] isr        1547 ASR_MSG_AUW,   local  
[2022/03/23 17:07:51 726] isr        1559 6400  2  
[2022/03/23 17:07:51 727] isr        1547 ASR_MSG_AUW,   local  
[2022/03/23 17:07:51 727] isr        1559 6400  2  
[2022/03/23 17:07:51 728] isr        1547 ASR_MSG_AUW,   local  
[2022/03/23 17:07:51 728] isr        1559 6400  2  
[2022/03/23 17:07:51 729] isr        1547 ASR_MSG_AUW,   local  
[2022/03/23 17:07:51 729] isr        1559 6400  2  
[2022/03/23 17:07:51 731] isr        1547 ASR_MSG_AUW,   local  
[2022/03/23 17:07:51 731] isr        1559 6400  2  
[2022/03/23 17:07:51 732] isr        1547 ASR_MSG_AUW,   local  
[2022/03/23 17:07:51 732] isr        1559 0  4  
[2022/03/23 17:07:51 733] isr        1592 aud end, USER  
[2022/03/23 17:07:51 735] isr        1636 ASR_MSG_GRSLT,   local  
[2022/03/23 17:07:51 735] isr        1307 0  nil  2  
[2022/03/23 17:07:51 755] isr        854  [aud] speech end  
[2022/03/23 17:07:51 755] isr        798  3  msc  
[2022/03/23 17:07:51 836] isr        1636 ASR_MSG_GRSLT,   local  
[2022/03/23 17:07:51 836] isr        1307 0  nil  2  
[2022/03/23 17:07:51 863] isr        723  local_cbmsg_handler  ,msg=  406  param1=  nil  
[2022/03/23 17:07:51 937] isr        1636 ASR_MSG_GRSLT,   local  
[2022/03/23 17:07:51 937] isr        1307 0  nil  2  
[2022/03/23 17:07:51 981] isr        723  local_cbmsg_handler  ,msg=  404  param1=  nil  
[2022/03/23 17:07:52 038] isr        1636 ASR_MSG_GRSLT,   local  
[2022/03/23 17:07:52 038] isr        1307 0  nil  2  
[2022/03/23 17:07:52 138] isr        1636 ASR_MSG_GRSLT,   local  
[2022/03/23 17:07:52 138] isr        1307 0  nil  2  
[2022/03/23 17:07:52 239] isr        1636 ASR_MSG_GRSLT,   local  
[2022/03/23 17:07:52 239] isr        1307 0  nil  2  
[2022/03/23 17:07:52 340] isr        1636 ASR_MSG_GRSLT,   local  
[2022/03/23 17:07:52 340] isr        1307 0  nil  2  
[2022/03/23 17:07:52 432] isr        723  local_cbmsg_handler  ,msg=  407  param1=  udata(882958d8) 
[2022/03/23 17:07:52 432] isr        641  process_result call:  local  udata(882958d8) 91  2  
[2022/03/23 17:07:52 433] isr        798  3  msc  
[2022/03/23 17:07:52 433] isr        800  already speech end  
[2022/03/23 17:07:52 433] isr        723  local_cbmsg_handler  ,msg=  408  param1=  nil  
[2022/03/23 17:07:52 433] isr        734  local session recognized end!  
[2022/03/23 17:07:52 441] isr        1636 ASR_MSG_GRSLT,   local  
[2022/03/23 17:07:52 441] isr        1307 0  udata(882958d8) 5  
[2022/03/23 17:07:52 542] isr        1639 ASR_MSG_SSE,   local  
[2022/03/23 17:07:52 542] isr        1356 session_end() [in]  
[2022/03/23 17:07:52 542] isr        1377 local_session_end() [in]  
[2022/03/23 17:07:52 543] isr        1416 ASR_LOCAL_MSG_SSE net_type  nil  
[2022/03/23 17:07:52 544] isr        1667 isr unload!  
============================================================
Time  2022/03/23 17:07:56 672 
============================================================
[2022/03/23 17:07:56 672] isr        1659 isr loaded!  
[2022/03/23 17:07:56 672] isr        1642 SYS_MSG_REGCB param0 =   msp_status_cb  param1 =   func(a40230f0) 
[2022/03/23 17:07:56 673] isr        1537 ASR_MSG_SSB  
[2022/03/23 17:07:56 673] isr        1066 session_begin() [in], params:   engine_type = local, 		asr_res_path = fo|/home/wheeltec/SR2.2-HR1.1.3/SR2.2-HR1.1.3/offline_mic/bin/config/msc/res/asr/common.jet, sample_rate = 16000, 		grm_build_path = /home/wheeltec/SR2.2-HR1.1.3/SR2.2-HR1.1.3/offline_mic/bin/config/msc/res/asr/GrmBuilld, local_grammar = call, 		result_type = xml, result_encoding = UTF-8,   nil  
[2022/03/23 17:07:56 673] isr        927  vad_set [in]  
[2022/03/23 17:07:56 673] isr        962  vad_enable :  true  
[2022/03/23 17:07:56 673] isr        980  vad_bos :  10000  
[2022/03/23 17:07:56 673] isr        981  vad_eos :  2000  
[2022/03/23 17:07:56 673] isr        886  enable_vad [in]  
[2022/03/23 17:07:56 674] isr        918  vad enabled!  2000  10000  
[2022/03/23 17:07:56 674] isr        921  enable_vad [out]  
[2022/03/23 17:07:56 674] isr        987  vad_set [out] | ret =  0  
[2022/03/23 17:07:56 674] isr        1182 cur_engine_type =   local  
[2022/03/23 17:07:56 674] isr        992  local_session_begin  
[2022/03/23 17:07:56 677] isr        1547 ASR_MSG_AUW,   local  
[2022/03/23 17:07:56 677] isr        1559 6400  1  
[2022/03/23 17:07:56 677] isr        1569 once_bytes:   6400  
[2022/03/23 17:07:56 679] isr        1547 ASR_MSG_AUW,   local  
[2022/03/23 17:07:56 679] isr        1559 6400  2  
[2022/03/23 17:07:56 680] isr        1547 ASR_MSG_AUW,   local  
[2022/03/23 17:07:56 680] isr        1559 6400  2  
[2022/03/23 17:07:56 681] isr        1547 ASR_MSG_AUW,   local  
[2022/03/23 17:07:56 682] isr        1559 6400  2  
[2022/03/23 17:07:56 683] isr        1547 ASR_MSG_AUW,   local  
[2022/03/23 17:07:56 683] isr        1559 6400  2  
[2022/03/23 17:07:56 684] isr        1547 ASR_MSG_AUW,   local  
[2022/03/23 17:07:56 685] isr        1559 6400  2  
[2022/03/23 17:07:56 688] isr        1547 ASR_MSG_AUW,   local  
[2022/03/23 17:07:56 688] isr        1559 6400  2  
[2022/03/23 17:07:56 689] isr        851  [aud] speech start  
[2022/03/23 17:07:56 689] isr        798  1  msc  
[2022/03/23 17:07:56 690] isr        1547 ASR_MSG_AUW,   local  
[2022/03/23 17:07:56 690] isr        1559 6400  2  
[2022/03/23 17:07:56 691] isr        1547 ASR_MSG_AUW,   local  
[2022/03/23 17:07:56 691] isr        1559 6400  2  
[2022/03/23 17:07:56 692] isr        1547 ASR_MSG_AUW,   local  
[2022/03/23 17:07:56 692] isr        1559 6400  2  
[2022/03/23 17:07:56 693] isr        1547 ASR_MSG_AUW,   local  
[2022/03/23 17:07:56 693] isr        1559 6400  2  
[2022/03/23 17:07:56 694] isr        1547 ASR_MSG_AUW,   local  
[2022/03/23 17:07:56 694] isr        1559 6400  2  
[2022/03/23 17:07:56 696] isr        1547 ASR_MSG_AUW,   local  
[2022/03/23 17:07:56 696] isr        1559 6400  2  
[2022/03/23 17:07:56 697] isr        1547 ASR_MSG_AUW,   local  
[2022/03/23 17:07:56 697] isr        1559 6400  2  
[2022/03/23 17:07:56 697] isr        1547 ASR_MSG_AUW,   local  
[2022/03/23 17:07:56 698] isr        1559 6400  2  
[2022/03/23 17:07:56 698] isr        1547 ASR_MSG_AUW,   local  
[2022/03/23 17:07:56 698] isr        1559 6400  2  
[2022/03/23 17:07:56 699] isr        1547 ASR_MSG_AUW,   local  
[2022/03/23 17:07:56 700] isr        1559 6400  2  
[2022/03/23 17:07:56 701] isr        1547 ASR_MSG_AUW,   local  
[2022/03/23 17:07:56 701] isr        1559 7200  2  
[2022/03/23 17:07:56 702] isr        1547 ASR_MSG_AUW,   local  
[2022/03/23 17:07:56 702] isr        1559 0  4  
[2022/03/23 17:07:56 702] isr        1592 aud end, USER  
[2022/03/23 17:07:56 704] isr        1636 ASR_MSG_GRSLT,   local  
[2022/03/23 17:07:56 705] isr        1307 0  nil  2  
[2022/03/23 17:07:56 731] isr        854  [aud] speech end  
[2022/03/23 17:07:56 734] isr        798  3  msc  
[2022/03/23 17:07:56 806] isr        1636 ASR_MSG_GRSLT,   local  
[2022/03/23 17:07:56 806] isr        1307 0  nil  2  
[2022/03/23 17:07:56 830] isr        723  local_cbmsg_handler  ,msg=  406  param1=  nil  
[2022/03/23 17:07:56 906] isr        1636 ASR_MSG_GRSLT,   local  
[2022/03/23 17:07:56 907] isr        1307 0  nil  2  
[2022/03/23 17:07:57 007] isr        1636 ASR_MSG_GRSLT,   local  
[2022/03/23 17:07:57 007] isr        1307 0  nil  2  
[2022/03/23 17:07:57 108] isr        1636 ASR_MSG_GRSLT,   local  
[2022/03/23 17:07:57 108] isr        1307 0  nil  2  
[2022/03/23 17:07:57 209] isr        1636 ASR_MSG_GRSLT,   local  
[2022/03/23 17:07:57 209] isr        1307 0  nil  2  
[2022/03/23 17:07:57 310] isr        1636 ASR_MSG_GRSLT,   local  
[2022/03/23 17:07:57 310] isr        1307 0  nil  2  
[2022/03/23 17:07:57 411] isr        1636 ASR_MSG_GRSLT,   local  
[2022/03/23 17:07:57 411] isr        1307 0  nil  2  
[2022/03/23 17:07:57 511] isr        1636 ASR_MSG_GRSLT,   local  
[2022/03/23 17:07:57 512] isr        1307 0  nil  2  
[2022/03/23 17:07:57 612] isr        1636 ASR_MSG_GRSLT,   local  
[2022/03/23 17:07:57 612] isr        1307 0  nil  2  
[2022/03/23 17:07:57 713] isr        1636 ASR_MSG_GRSLT,   local  
[2022/03/23 17:07:57 713] isr        1307 0  nil  2  
[2022/03/23 17:07:57 761] isr        723  local_cbmsg_handler  ,msg=  407  param1=  nil  
[2022/03/23 17:07:57 762] isr        641  process_result call:  local  nil  0  2  
[2022/03/23 17:07:57 762] isr        798  3  msc  
[2022/03/23 17:07:57 762] isr        800  already speech end  
[2022/03/23 17:07:57 762] isr        723  local_cbmsg_handler  ,msg=  408  param1=  nil  
[2022/03/23 17:07:57 762] isr        734  local session recognized end!  
[2022/03/23 17:07:57 814] isr        1636 ASR_MSG_GRSLT,   local  
[2022/03/23 17:07:57 814] isr        1307 0  nil  5  
[2022/03/23 17:07:57 914] isr        1639 ASR_MSG_SSE,   local  
[2022/03/23 17:07:57 915] isr        1356 session_end() [in]  
[2022/03/23 17:07:57 915] isr        1377 local_session_end() [in]  
[2022/03/23 17:07:57 916] isr        1416 ASR_LOCAL_MSG_SSE net_type  nil  
[2022/03/23 17:07:57 917] isr        1667 isr unload!  
============================================================
Time  2022/03/23 17:08:01 656 
============================================================
[2022/03/23 17:08:01 656] isr        1659 isr loaded!  
[2022/03/23 17:08:01 656] isr        1642 SYS_MSG_REGCB param0 =   msp_status_cb  param1 =   func(80131db0) 
[2022/03/23 17:08:01 656] isr        1537 ASR_MSG_SSB  
[2022/03/23 17:08:01 656] isr        1066 session_begin() [in], params:   engine_type = local, 		asr_res_path = fo|/home/wheeltec/SR2.2-HR1.1.3/SR2.2-HR1.1.3/offline_mic/bin/config/msc/res/asr/common.jet, sample_rate = 16000, 		grm_build_path = /home/wheeltec/SR2.2-HR1.1.3/SR2.2-HR1.1.3/offline_mic/bin/config/msc/res/asr/GrmBuilld, local_grammar = call, 		result_type = xml, result_encoding = UTF-8,   nil  
[2022/03/23 17:08:01 657] isr        927  vad_set [in]  
[2022/03/23 17:08:01 657] isr        962  vad_enable :  true  
[2022/03/23 17:08:01 657] isr        980  vad_bos :  10000  
[2022/03/23 17:08:01 657] isr        981  vad_eos :  2000  
[2022/03/23 17:08:01 657] isr        886  enable_vad [in]  
[2022/03/23 17:08:01 658] isr        918  vad enabled!  2000  10000  
[2022/03/23 17:08:01 658] isr        921  enable_vad [out]  
[2022/03/23 17:08:01 658] isr        987  vad_set [out] | ret =  0  
[2022/03/23 17:08:01 658] isr        1182 cur_engine_type =   local  
[2022/03/23 17:08:01 658] isr        992  local_session_begin  
[2022/03/23 17:08:01 660] isr        1547 ASR_MSG_AUW,   local  
[2022/03/23 17:08:01 661] isr        1559 6400  1  
[2022/03/23 17:08:01 661] isr        1569 once_bytes:   6400  
[2022/03/23 17:08:01 662] isr        1547 ASR_MSG_AUW,   local  
[2022/03/23 17:08:01 662] isr        1559 6400  2  
[2022/03/23 17:08:01 664] isr        1547 ASR_MSG_AUW,   local  
[2022/03/23 17:08:01 664] isr        1559 6400  2  
[2022/03/23 17:08:01 665] isr        1547 ASR_MSG_AUW,   local  
[2022/03/23 17:08:01 665] isr        1559 6400  2  
[2022/03/23 17:08:01 666] isr        1547 ASR_MSG_AUW,   local  
[2022/03/23 17:08:01 666] isr        1559 6400  2  
[2022/03/23 17:08:01 668] isr        1547 ASR_MSG_AUW,   local  
[2022/03/23 17:08:01 668] isr        1559 6400  2  
[2022/03/23 17:08:01 670] isr        1547 ASR_MSG_AUW,   local  
[2022/03/23 17:08:01 671] isr        1559 6400  2  
[2022/03/23 17:08:01 672] isr        851  [aud] speech start  
[2022/03/23 17:08:01 672] isr        798  1  msc  
[2022/03/23 17:08:01 673] isr        1547 ASR_MSG_AUW,   local  
[2022/03/23 17:08:01 673] isr        1559 6400  2  
[2022/03/23 17:08:01 673] isr        1547 ASR_MSG_AUW,   local  
[2022/03/23 17:08:01 673] isr        1559 6400  2  
[2022/03/23 17:08:01 674] isr        1547 ASR_MSG_AUW,   local  
[2022/03/23 17:08:01 674] isr        1559 6400  2  
[2022/03/23 17:08:01 675] isr        1547 ASR_MSG_AUW,   local  
[2022/03/23 17:08:01 675] isr        1559 6400  2  
[2022/03/23 17:08:01 678] isr        1547 ASR_MSG_AUW,   local  
[2022/03/23 17:08:01 678] isr        1559 6400  2  
[2022/03/23 17:08:01 678] isr        1547 ASR_MSG_AUW,   local  
[2022/03/23 17:08:01 679] isr        1559 6400  2  
[2022/03/23 17:08:01 679] isr        1547 ASR_MSG_AUW,   local  
[2022/03/23 17:08:01 680] isr        1559 6400  2  
[2022/03/23 17:08:01 680] isr        1547 ASR_MSG_AUW,   local  
[2022/03/23 17:08:01 680] isr        1559 6400  2  
[2022/03/23 17:08:01 681] isr        1547 ASR_MSG_AUW,   local  
[2022/03/23 17:08:01 681] isr        1559 8000  2  
[2022/03/23 17:08:01 682] isr        1547 ASR_MSG_AUW,   local  
[2022/03/23 17:08:01 682] isr        1559 0  4  
[2022/03/23 17:08:01 682] isr        1592 aud end, USER  
[2022/03/23 17:08:01 686] isr        1636 ASR_MSG_GRSLT,   local  
[2022/03/23 17:08:01 686] isr        1307 0  nil  2  
[2022/03/23 17:08:01 710] isr        854  [aud] speech end  
[2022/03/23 17:08:01 710] isr        798  3  msc  
[2022/03/23 17:08:01 787] isr        1636 ASR_MSG_GRSLT,   local  
[2022/03/23 17:08:01 787] isr        1307 0  nil  2  
[2022/03/23 17:08:01 813] isr        723  local_cbmsg_handler  ,msg=  406  param1=  nil  
[2022/03/23 17:08:01 888] isr        1636 ASR_MSG_GRSLT,   local  
[2022/03/23 17:08:01 888] isr        1307 0  nil  2  
[2022/03/23 17:08:01 989] isr        1636 ASR_MSG_GRSLT,   local  
[2022/03/23 17:08:01 989] isr        1307 0  nil  2  
[2022/03/23 17:08:02 089] isr        1636 ASR_MSG_GRSLT,   local  
[2022/03/23 17:08:02 089] isr        1307 0  nil  2  
[2022/03/23 17:08:02 190] isr        1636 ASR_MSG_GRSLT,   local  
[2022/03/23 17:08:02 190] isr        1307 0  nil  2  
[2022/03/23 17:08:02 291] isr        1636 ASR_MSG_GRSLT,   local  
[2022/03/23 17:08:02 291] isr        1307 0  nil  2  
[2022/03/23 17:08:02 392] isr        1636 ASR_MSG_GRSLT,   local  
[2022/03/23 17:08:02 392] isr        1307 0  nil  2  
[2022/03/23 17:08:02 493] isr        1636 ASR_MSG_GRSLT,   local  
[2022/03/23 17:08:02 493] isr        1307 0  nil  2  
[2022/03/23 17:08:02 594] isr        1636 ASR_MSG_GRSLT,   local  
[2022/03/23 17:08:02 594] isr        1307 0  nil  2  
[2022/03/23 17:08:02 692] isr        723  local_cbmsg_handler  ,msg=  407  param1=  nil  
[2022/03/23 17:08:02 692] isr        641  process_result call:  local  nil  0  2  
[2022/03/23 17:08:02 693] isr        798  3  msc  
[2022/03/23 17:08:02 693] isr        800  already speech end  
[2022/03/23 17:08:02 693] isr        723  local_cbmsg_handler  ,msg=  408  param1=  nil  
[2022/03/23 17:08:02 693] isr        734  local session recognized end!  
[2022/03/23 17:08:02 694] isr        1636 ASR_MSG_GRSLT,   local  
[2022/03/23 17:08:02 694] isr        1307 0  nil  5  
[2022/03/23 17:08:02 795] isr        1639 ASR_MSG_SSE,   local  
[2022/03/23 17:08:02 795] isr        1356 session_end() [in]  
[2022/03/23 17:08:02 795] isr        1377 local_session_end() [in]  
[2022/03/23 17:08:02 797] isr        1416 ASR_LOCAL_MSG_SSE net_type  nil  
[2022/03/23 17:08:02 797] isr        1667 isr unload!  
============================================================
Time  2022/03/23 17:08:06 672 
============================================================
[2022/03/23 17:08:06 672] isr        1659 isr loaded!  
[2022/03/23 17:08:06 672] isr        1642 SYS_MSG_REGCB param0 =   msp_status_cb  param1 =   func(a002e230) 
[2022/03/23 17:08:06 673] isr        1537 ASR_MSG_SSB  
[2022/03/23 17:08:06 673] isr        1066 session_begin() [in], params:   engine_type = local, 		asr_res_path = fo|/home/wheeltec/SR2.2-HR1.1.3/SR2.2-HR1.1.3/offline_mic/bin/config/msc/res/asr/common.jet, sample_rate = 16000, 		grm_build_path = /home/wheeltec/SR2.2-HR1.1.3/SR2.2-HR1.1.3/offline_mic/bin/config/msc/res/asr/GrmBuilld, local_grammar = call, 		result_type = xml, result_encoding = UTF-8,   nil  
[2022/03/23 17:08:06 673] isr        927  vad_set [in]  
[2022/03/23 17:08:06 673] isr        962  vad_enable :  true  
[2022/03/23 17:08:06 673] isr        980  vad_bos :  10000  
[2022/03/23 17:08:06 673] isr        981  vad_eos :  2000  
[2022/03/23 17:08:06 673] isr        886  enable_vad [in]  
[2022/03/23 17:08:06 674] isr        918  vad enabled!  2000  10000  
[2022/03/23 17:08:06 674] isr        921  enable_vad [out]  
[2022/03/23 17:08:06 674] isr        987  vad_set [out] | ret =  0  
[2022/03/23 17:08:06 674] isr        1182 cur_engine_type =   local  
[2022/03/23 17:08:06 674] isr        992  local_session_begin  
[2022/03/23 17:08:06 677] isr        1547 ASR_MSG_AUW,   local  
[2022/03/23 17:08:06 677] isr        1559 6400  1  
[2022/03/23 17:08:06 677] isr        1569 once_bytes:   6400  
[2022/03/23 17:08:06 678] isr        1547 ASR_MSG_AUW,   local  
[2022/03/23 17:08:06 678] isr        1559 6400  2  
[2022/03/23 17:08:06 680] isr        1547 ASR_MSG_AUW,   local  
[2022/03/23 17:08:06 680] isr        1559 6400  2  
[2022/03/23 17:08:06 681] isr        1547 ASR_MSG_AUW,   local  
[2022/03/23 17:08:06 682] isr        1559 6400  2  
[2022/03/23 17:08:06 683] isr        1547 ASR_MSG_AUW,   local  
[2022/03/23 17:08:06 683] isr        1559 6400  2  
[2022/03/23 17:08:06 684] isr        1547 ASR_MSG_AUW,   local  
[2022/03/23 17:08:06 685] isr        1559 6400  2  
[2022/03/23 17:08:06 685] isr        1547 ASR_MSG_AUW,   local  
[2022/03/23 17:08:06 685] isr        1559 6400  2  
[2022/03/23 17:08:06 686] isr        851  [aud] speech start  
[2022/03/23 17:08:06 686] isr        798  1  msc  
[2022/03/23 17:08:06 687] isr        1547 ASR_MSG_AUW,   local  
[2022/03/23 17:08:06 687] isr        1559 6400  2  
[2022/03/23 17:08:06 687] isr        1547 ASR_MSG_AUW,   local  
[2022/03/23 17:08:06 687] isr        1559 6400  2  
[2022/03/23 17:08:06 688] isr        1547 ASR_MSG_AUW,   local  
[2022/03/23 17:08:06 688] isr        1559 6400  2  
[2022/03/23 17:08:06 689] isr        1547 ASR_MSG_AUW,   local  
[2022/03/23 17:08:06 689] isr        1559 12000  2  
[2022/03/23 17:08:06 689] isr        1547 ASR_MSG_AUW,   local  
[2022/03/23 17:08:06 689] isr        1559 0  4  
[2022/03/23 17:08:06 689] isr        1592 aud end, USER  
[2022/03/23 17:08:06 690] isr        1636 ASR_MSG_GRSLT,   local  
[2022/03/23 17:08:06 690] isr        1307 0  nil  2  
[2022/03/23 17:08:06 717] isr        854  [aud] speech end  
[2022/03/23 17:08:06 717] isr        798  3  msc  
[2022/03/23 17:08:06 791] isr        1636 ASR_MSG_GRSLT,   local  
[2022/03/23 17:08:06 792] isr        1307 0  nil  2  
[2022/03/23 17:08:06 821] isr        723  local_cbmsg_handler  ,msg=  406  param1=  nil  
[2022/03/23 17:08:06 892] isr        1636 ASR_MSG_GRSLT,   local  
[2022/03/23 17:08:06 892] isr        1307 0  nil  2  
[2022/03/23 17:08:06 993] isr        1636 ASR_MSG_GRSLT,   local  
[2022/03/23 17:08:06 993] isr        1307 0  nil  2  
[2022/03/23 17:08:07 094] isr        1636 ASR_MSG_GRSLT,   local  
[2022/03/23 17:08:07 094] isr        1307 0  nil  2  
[2022/03/23 17:08:07 195] isr        1636 ASR_MSG_GRSLT,   local  
[2022/03/23 17:08:07 195] isr        1307 0  nil  2  
[2022/03/23 17:08:07 296] isr        1636 ASR_MSG_GRSLT,   local  
[2022/03/23 17:08:07 296] isr        1307 0  nil  2  
[2022/03/23 17:08:07 396] isr        1636 ASR_MSG_GRSLT,   local  
[2022/03/23 17:08:07 397] isr        1307 0  nil  2  
[2022/03/23 17:08:07 497] isr        1636 ASR_MSG_GRSLT,   local  
[2022/03/23 17:08:07 497] isr        1307 0  nil  2  
[2022/03/23 17:08:07 537] isr        723  local_cbmsg_handler  ,msg=  407  param1=  nil  
[2022/03/23 17:08:07 537] isr        641  process_result call:  local  nil  0  2  
[2022/03/23 17:08:07 537] isr        798  3  msc  
[2022/03/23 17:08:07 537] isr        800  already speech end  
[2022/03/23 17:08:07 537] isr        723  local_cbmsg_handler  ,msg=  408  param1=  nil  
[2022/03/23 17:08:07 537] isr        734  local session recognized end!  
[2022/03/23 17:08:07 598] isr        1636 ASR_MSG_GRSLT,   local  
[2022/03/23 17:08:07 598] isr        1307 0  nil  5  
[2022/03/23 17:08:07 699] isr        1639 ASR_MSG_SSE,   local  
[2022/03/23 17:08:07 699] isr        1356 session_end() [in]  
[2022/03/23 17:08:07 699] isr        1377 local_session_end() [in]  
[2022/03/23 17:08:07 700] isr        1416 ASR_LOCAL_MSG_SSE net_type  nil  
[2022/03/23 17:08:07 701] isr        1667 isr unload!  
============================================================
Time  2022/03/23 17:08:11 691 
============================================================
[2022/03/23 17:08:11 691] isr        1659 isr loaded!  
[2022/03/23 17:08:11 692] isr        1642 SYS_MSG_REGCB param0 =   msp_status_cb  param1 =   func(8802ed10) 
[2022/03/23 17:08:11 692] isr        1537 ASR_MSG_SSB  
[2022/03/23 17:08:11 692] isr        1066 session_begin() [in], params:   engine_type = local, 		asr_res_path = fo|/home/wheeltec/SR2.2-HR1.1.3/SR2.2-HR1.1.3/offline_mic/bin/config/msc/res/asr/common.jet, sample_rate = 16000, 		grm_build_path = /home/wheeltec/SR2.2-HR1.1.3/SR2.2-HR1.1.3/offline_mic/bin/config/msc/res/asr/GrmBuilld, local_grammar = call, 		result_type = xml, result_encoding = UTF-8,   nil  
[2022/03/23 17:08:11 692] isr        927  vad_set [in]  
[2022/03/23 17:08:11 692] isr        962  vad_enable :  true  
[2022/03/23 17:08:11 692] isr        980  vad_bos :  10000  
[2022/03/23 17:08:11 692] isr        981  vad_eos :  2000  
[2022/03/23 17:08:11 692] isr        886  enable_vad [in]  
[2022/03/23 17:08:11 693] isr        918  vad enabled!  2000  10000  
[2022/03/23 17:08:11 693] isr        921  enable_vad [out]  
[2022/03/23 17:08:11 693] isr        987  vad_set [out] | ret =  0  
[2022/03/23 17:08:11 693] isr        1182 cur_engine_type =   local  
[2022/03/23 17:08:11 693] isr        992  local_session_begin  
[2022/03/23 17:08:11 696] isr        1547 ASR_MSG_AUW,   local  
[2022/03/23 17:08:11 696] isr        1559 6400  1  
[2022/03/23 17:08:11 696] isr        1569 once_bytes:   6400  
[2022/03/23 17:08:11 697] isr        1547 ASR_MSG_AUW,   local  
[2022/03/23 17:08:11 698] isr        1559 6400  2  
[2022/03/23 17:08:11 699] isr        1547 ASR_MSG_AUW,   local  
[2022/03/23 17:08:11 700] isr        1559 6400  2  
[2022/03/23 17:08:11 701] isr        1547 ASR_MSG_AUW,   local  
[2022/03/23 17:08:11 702] isr        1559 6400  2  
[2022/03/23 17:08:11 703] isr        1547 ASR_MSG_AUW,   local  
[2022/03/23 17:08:11 704] isr        1559 6400  2  
[2022/03/23 17:08:11 706] isr        1547 ASR_MSG_AUW,   local  
[2022/03/23 17:08:11 706] isr        1559 6400  2  
[2022/03/23 17:08:11 707] isr        851  [aud] speech start  
[2022/03/23 17:08:11 708] isr        798  1  msc  
[2022/03/23 17:08:11 710] isr        1547 ASR_MSG_AUW,   local  
[2022/03/23 17:08:11 710] isr        1559 6400  2  
[2022/03/23 17:08:11 711] isr        1547 ASR_MSG_AUW,   local  
[2022/03/23 17:08:11 711] isr        1559 6400  2  
[2022/03/23 17:08:11 712] isr        1547 ASR_MSG_AUW,   local  
[2022/03/23 17:08:11 712] isr        1559 6400  2  
[2022/03/23 17:08:11 713] isr        1547 ASR_MSG_AUW,   local  
[2022/03/23 17:08:11 713] isr        1559 6400  2  
[2022/03/23 17:08:11 713] isr        1547 ASR_MSG_AUW,   local  
[2022/03/23 17:08:11 714] isr        1559 6400  2  
[2022/03/23 17:08:11 715] isr        1547 ASR_MSG_AUW,   local  
[2022/03/23 17:08:11 716] isr        1559 6400  2  
[2022/03/23 17:08:11 716] isr        1547 ASR_MSG_AUW,   local  
[2022/03/23 17:08:11 716] isr        1559 6400  2  
[2022/03/23 17:08:11 717] isr        1547 ASR_MSG_AUW,   local  
[2022/03/23 17:08:11 717] isr        1559 6400  2  
[2022/03/23 17:08:11 718] isr        1547 ASR_MSG_AUW,   local  
[2022/03/23 17:08:11 718] isr        1559 6400  2  
[2022/03/23 17:08:11 720] isr        1547 ASR_MSG_AUW,   local  
[2022/03/23 17:08:11 720] isr        1559 6400  2  
[2022/03/23 17:08:11 721] isr        1547 ASR_MSG_AUW,   local  
[2022/03/23 17:08:11 721] isr        1559 9600  2  
[2022/03/23 17:08:11 721] isr        1547 ASR_MSG_AUW,   local  
[2022/03/23 17:08:11 721] isr        1559 0  4  
[2022/03/23 17:08:11 721] isr        1592 aud end, USER  
[2022/03/23 17:08:11 727] isr        1636 ASR_MSG_GRSLT,   local  
[2022/03/23 17:08:11 727] isr        1307 0  nil  2  
[2022/03/23 17:08:11 752] isr        854  [aud] speech end  
[2022/03/23 17:08:11 752] isr        798  3  msc  
[2022/03/23 17:08:11 828] isr        1636 ASR_MSG_GRSLT,   local  
[2022/03/23 17:08:11 828] isr        1307 0  nil  2  
[2022/03/23 17:08:11 846] isr        723  local_cbmsg_handler  ,msg=  406  param1=  nil  
[2022/03/23 17:08:11 929] isr        1636 ASR_MSG_GRSLT,   local  
[2022/03/23 17:08:11 929] isr        1307 0  nil  2  
[2022/03/23 17:08:12 030] isr        1636 ASR_MSG_GRSLT,   local  
[2022/03/23 17:08:12 030] isr        1307 0  nil  2  
[2022/03/23 17:08:12 130] isr        1636 ASR_MSG_GRSLT,   local  
[2022/03/23 17:08:12 131] isr        1307 0  nil  2  
[2022/03/23 17:08:12 231] isr        1636 ASR_MSG_GRSLT,   local  
[2022/03/23 17:08:12 231] isr        1307 0  nil  2  
[2022/03/23 17:08:12 332] isr        1636 ASR_MSG_GRSLT,   local  
[2022/03/23 17:08:12 332] isr        1307 0  nil  2  
[2022/03/23 17:08:12 433] isr        1636 ASR_MSG_GRSLT,   local  
[2022/03/23 17:08:12 433] isr        1307 0  nil  2  
[2022/03/23 17:08:12 534] isr        1636 ASR_MSG_GRSLT,   local  
[2022/03/23 17:08:12 534] isr        1307 0  nil  2  
[2022/03/23 17:08:12 635] isr        1636 ASR_MSG_GRSLT,   local  
[2022/03/23 17:08:12 635] isr        1307 0  nil  2  
[2022/03/23 17:08:12 729] isr        723  local_cbmsg_handler  ,msg=  407  param1=  nil  
[2022/03/23 17:08:12 730] isr        641  process_result call:  local  nil  0  2  
[2022/03/23 17:08:12 730] isr        798  3  msc  
[2022/03/23 17:08:12 730] isr        800  already speech end  
[2022/03/23 17:08:12 730] isr        723  local_cbmsg_handler  ,msg=  408  param1=  nil  
[2022/03/23 17:08:12 730] isr        734  local session recognized end!  
[2022/03/23 17:08:12 735] isr        1636 ASR_MSG_GRSLT,   local  
[2022/03/23 17:08:12 736] isr        1307 0  nil  5  
[2022/03/23 17:08:12 836] isr        1639 ASR_MSG_SSE,   local  
[2022/03/23 17:08:12 836] isr        1356 session_end() [in]  
[2022/03/23 17:08:12 836] isr        1377 local_session_end() [in]  
[2022/03/23 17:08:12 838] isr        1416 ASR_LOCAL_MSG_SSE net_type  nil  
[2022/03/23 17:08:12 839] isr        1667 isr unload!  
============================================================
Time  2022/03/23 17:08:16 716 
============================================================
[2022/03/23 17:08:16 716] isr        1659 isr loaded!  
[2022/03/23 17:08:16 716] isr        1642 SYS_MSG_REGCB param0 =   msp_status_cb  param1 =   func(8c022990) 
[2022/03/23 17:08:16 716] isr        1537 ASR_MSG_SSB  
[2022/03/23 17:08:16 716] isr        1066 session_begin() [in], params:   engine_type = local, 		asr_res_path = fo|/home/wheeltec/SR2.2-HR1.1.3/SR2.2-HR1.1.3/offline_mic/bin/config/msc/res/asr/common.jet, sample_rate = 16000, 		grm_build_path = /home/wheeltec/SR2.2-HR1.1.3/SR2.2-HR1.1.3/offline_mic/bin/config/msc/res/asr/GrmBuilld, local_grammar = call, 		result_type = xml, result_encoding = UTF-8,   nil  
[2022/03/23 17:08:16 716] isr        927  vad_set [in]  
[2022/03/23 17:08:16 716] isr        962  vad_enable :  true  
[2022/03/23 17:08:16 717] isr        980  vad_bos :  10000  
[2022/03/23 17:08:16 717] isr        981  vad_eos :  2000  
[2022/03/23 17:08:16 717] isr        886  enable_vad [in]  
[2022/03/23 17:08:16 717] isr        918  vad enabled!  2000  10000  
[2022/03/23 17:08:16 717] isr        921  enable_vad [out]  
[2022/03/23 17:08:16 717] isr        987  vad_set [out] | ret =  0  
[2022/03/23 17:08:16 718] isr        1182 cur_engine_type =   local  
[2022/03/23 17:08:16 718] isr        992  local_session_begin  
[2022/03/23 17:08:16 720] isr        1547 ASR_MSG_AUW,   local  
[2022/03/23 17:08:16 720] isr        1559 6400  1  
[2022/03/23 17:08:16 721] isr        1569 once_bytes:   6400  
[2022/03/23 17:08:16 722] isr        1547 ASR_MSG_AUW,   local  
[2022/03/23 17:08:16 722] isr        1559 6400  2  
[2022/03/23 17:08:16 723] isr        1547 ASR_MSG_AUW,   local  
[2022/03/23 17:08:16 723] isr        1559 6400  2  
[2022/03/23 17:08:16 725] isr        1547 ASR_MSG_AUW,   local  
[2022/03/23 17:08:16 725] isr        1559 6400  2  
[2022/03/23 17:08:16 726] isr        1547 ASR_MSG_AUW,   local  
[2022/03/23 17:08:16 726] isr        1559 6400  2  
[2022/03/23 17:08:16 728] isr        1547 ASR_MSG_AUW,   local  
[2022/03/23 17:08:16 728] isr        1559 6400  2  
[2022/03/23 17:08:16 730] isr        1547 ASR_MSG_AUW,   local  
[2022/03/23 17:08:16 730] isr        1559 6400  2  
[2022/03/23 17:08:16 732] isr        851  [aud] speech start  
[2022/03/23 17:08:16 732] isr        798  1  msc  
[2022/03/23 17:08:16 733] isr        1547 ASR_MSG_AUW,   local  
[2022/03/23 17:08:16 733] isr        1559 6400  2  
[2022/03/23 17:08:16 733] isr        1547 ASR_MSG_AUW,   local  
[2022/03/23 17:08:16 734] isr        1559 6400  2  
[2022/03/23 17:08:16 734] isr        1547 ASR_MSG_AUW,   local  
[2022/03/23 17:08:16 734] isr        1559 6400  2  
[2022/03/23 17:08:16 735] isr        1547 ASR_MSG_AUW,   local  
[2022/03/23 17:08:16 735] isr        1559 6400  2  
[2022/03/23 17:08:16 738] isr        1547 ASR_MSG_AUW,   local  
[2022/03/23 17:08:16 738] isr        1559 6400  2  
[2022/03/23 17:08:16 738] isr        1547 ASR_MSG_AUW,   local  
[2022/03/23 17:08:16 739] isr        1559 6400  2  
[2022/03/23 17:08:16 739] isr        1547 ASR_MSG_AUW,   local  
[2022/03/23 17:08:16 740] isr        1559 6400  2  
[2022/03/23 17:08:16 740] isr        1547 ASR_MSG_AUW,   local  
[2022/03/23 17:08:16 740] isr        1559 6400  2  
[2022/03/23 17:08:16 741] isr        1547 ASR_MSG_AUW,   local  
[2022/03/23 17:08:16 742] isr        1559 12000  2  
[2022/03/23 17:08:16 743] isr        1547 ASR_MSG_AUW,   local  
[2022/03/23 17:08:16 744] isr        1559 0  4  
[2022/03/23 17:08:16 744] isr        1592 aud end, USER  
[2022/03/23 17:08:16 748] isr        1636 ASR_MSG_GRSLT,   local  
[2022/03/23 17:08:16 748] isr        1307 0  nil  2  
[2022/03/23 17:08:16 770] isr        854  [aud] speech end  
[2022/03/23 17:08:16 770] isr        798  3  msc  
[2022/03/23 17:08:16 849] isr        1636 ASR_MSG_GRSLT,   local  
[2022/03/23 17:08:16 849] isr        1307 0  nil  2  
[2022/03/23 17:08:16 866] isr        723  local_cbmsg_handler  ,msg=  406  param1=  nil  
[2022/03/23 17:08:16 950] isr        1636 ASR_MSG_GRSLT,   local  
[2022/03/23 17:08:16 950] isr        1307 0  nil  2  
[2022/03/23 17:08:17 051] isr        1636 ASR_MSG_GRSLT,   local  
[2022/03/23 17:08:17 051] isr        1307 0  nil  2  
[2022/03/23 17:08:17 152] isr        1636 ASR_MSG_GRSLT,   local  
[2022/03/23 17:08:17 152] isr        1307 0  nil  2  
[2022/03/23 17:08:17 253] isr        1636 ASR_MSG_GRSLT,   local  
[2022/03/23 17:08:17 253] isr        1307 0  nil  2  
[2022/03/23 17:08:17 354] isr        1636 ASR_MSG_GRSLT,   local  
[2022/03/23 17:08:17 354] isr        1307 0  nil  2  
[2022/03/23 17:08:17 454] isr        1636 ASR_MSG_GRSLT,   local  
[2022/03/23 17:08:17 454] isr        1307 0  nil  2  
[2022/03/23 17:08:17 555] isr        1636 ASR_MSG_GRSLT,   local  
[2022/03/23 17:08:17 555] isr        1307 0  nil  2  
[2022/03/23 17:08:17 656] isr        1636 ASR_MSG_GRSLT,   local  
[2022/03/23 17:08:17 656] isr        1307 0  nil  2  
[2022/03/23 17:08:17 757] isr        1636 ASR_MSG_GRSLT,   local  
[2022/03/23 17:08:17 757] isr        1307 0  nil  2  
[2022/03/23 17:08:17 780] isr        723  local_cbmsg_handler  ,msg=  407  param1=  nil  
[2022/03/23 17:08:17 780] isr        641  process_result call:  local  nil  0  2  
[2022/03/23 17:08:17 781] isr        798  3  msc  
[2022/03/23 17:08:17 781] isr        800  already speech end  
[2022/03/23 17:08:17 781] isr        723  local_cbmsg_handler  ,msg=  408  param1=  nil  
[2022/03/23 17:08:17 781] isr        734  local session recognized end!  
[2022/03/23 17:08:17 858] isr        1636 ASR_MSG_GRSLT,   local  
[2022/03/23 17:08:17 858] isr        1307 0  nil  5  
[2022/03/23 17:08:17 958] isr        1639 ASR_MSG_SSE,   local  
[2022/03/23 17:08:17 958] isr        1356 session_end() [in]  
[2022/03/23 17:08:17 958] isr        1377 local_session_end() [in]  
[2022/03/23 17:08:17 960] isr        1416 ASR_LOCAL_MSG_SSE net_type  nil  
[2022/03/23 17:08:17 961] isr        1667 isr unload!  
============================================================
Time  2022/03/23 17:08:21 699 
============================================================
[2022/03/23 17:08:21 699] isr        1659 isr loaded!  
[2022/03/23 17:08:21 700] isr        1642 SYS_MSG_REGCB param0 =   msp_status_cb  param1 =   func(a402eca0) 
[2022/03/23 17:08:21 700] isr        1537 ASR_MSG_SSB  
[2022/03/23 17:08:21 700] isr        1066 session_begin() [in], params:   engine_type = local, 		asr_res_path = fo|/home/wheeltec/SR2.2-HR1.1.3/SR2.2-HR1.1.3/offline_mic/bin/config/msc/res/asr/common.jet, sample_rate = 16000, 		grm_build_path = /home/wheeltec/SR2.2-HR1.1.3/SR2.2-HR1.1.3/offline_mic/bin/config/msc/res/asr/GrmBuilld, local_grammar = call, 		result_type = xml, result_encoding = UTF-8,   nil  
[2022/03/23 17:08:21 700] isr        927  vad_set [in]  
[2022/03/23 17:08:21 700] isr        962  vad_enable :  true  
[2022/03/23 17:08:21 700] isr        980  vad_bos :  10000  
[2022/03/23 17:08:21 700] isr        981  vad_eos :  2000  
[2022/03/23 17:08:21 701] isr        886  enable_vad [in]  
[2022/03/23 17:08:21 701] isr        918  vad enabled!  2000  10000  
[2022/03/23 17:08:21 701] isr        921  enable_vad [out]  
[2022/03/23 17:08:21 701] isr        987  vad_set [out] | ret =  0  
[2022/03/23 17:08:21 701] isr        1182 cur_engine_type =   local  
[2022/03/23 17:08:21 701] isr        992  local_session_begin  
[2022/03/23 17:08:21 704] isr        1547 ASR_MSG_AUW,   local  
[2022/03/23 17:08:21 704] isr        1559 6400  1  
[2022/03/23 17:08:21 704] isr        1569 once_bytes:   6400  
[2022/03/23 17:08:21 706] isr        1547 ASR_MSG_AUW,   local  
[2022/03/23 17:08:21 706] isr        1559 6400  2  
[2022/03/23 17:08:21 707] isr        1547 ASR_MSG_AUW,   local  
[2022/03/23 17:08:21 707] isr        1559 6400  2  
[2022/03/23 17:08:21 709] isr        1547 ASR_MSG_AUW,   local  
[2022/03/23 17:08:21 709] isr        1559 6400  2  
[2022/03/23 17:08:21 710] isr        1547 ASR_MSG_AUW,   local  
[2022/03/23 17:08:21 710] isr        1559 6400  2  
[2022/03/23 17:08:21 712] isr        1547 ASR_MSG_AUW,   local  
[2022/03/23 17:08:21 712] isr        1559 6400  2  
[2022/03/23 17:08:21 716] isr        1547 ASR_MSG_AUW,   local  
[2022/03/23 17:08:21 716] isr        1559 6400  2  
[2022/03/23 17:08:21 716] isr        851  [aud] speech start  
[2022/03/23 17:08:21 716] isr        798  1  msc  
[2022/03/23 17:08:21 717] isr        1547 ASR_MSG_AUW,   local  
[2022/03/23 17:08:21 718] isr        1559 6400  2  
[2022/03/23 17:08:21 718] isr        1547 ASR_MSG_AUW,   local  
[2022/03/23 17:08:21 719] isr        1559 6400  2  
[2022/03/23 17:08:21 719] isr        1547 ASR_MSG_AUW,   local  
[2022/03/23 17:08:21 719] isr        1559 6400  2  
[2022/03/23 17:08:21 720] isr        1547 ASR_MSG_AUW,   local  
[2022/03/23 17:08:21 720] isr        1559 6400  2  
[2022/03/23 17:08:21 722] isr        1547 ASR_MSG_AUW,   local  
[2022/03/23 17:08:21 723] isr        1559 6400  2  
[2022/03/23 17:08:21 723] isr        1547 ASR_MSG_AUW,   local  
[2022/03/23 17:08:21 723] isr        1559 6400  2  
[2022/03/23 17:08:21 724] isr        1547 ASR_MSG_AUW,   local  
[2022/03/23 17:08:21 725] isr        1559 6400  2  
[2022/03/23 17:08:21 725] isr        1547 ASR_MSG_AUW,   local  
[2022/03/23 17:08:21 725] isr        1559 6400  2  
[2022/03/23 17:08:21 726] isr        1547 ASR_MSG_AUW,   local  
[2022/03/23 17:08:21 726] isr        1559 8000  2  
[2022/03/23 17:08:21 726] isr        1547 ASR_MSG_AUW,   local  
[2022/03/23 17:08:21 727] isr        1559 0  4  
[2022/03/23 17:08:21 727] isr        1592 aud end, USER  
[2022/03/23 17:08:21 731] isr        1636 ASR_MSG_GRSLT,   local  
[2022/03/23 17:08:21 731] isr        1307 0  nil  2  
[2022/03/23 17:08:21 754] isr        854  [aud] speech end  
[2022/03/23 17:08:21 755] isr        798  3  msc  
[2022/03/23 17:08:21 832] isr        1636 ASR_MSG_GRSLT,   local  
[2022/03/23 17:08:21 832] isr        1307 0  nil  2  
[2022/03/23 17:08:21 852] isr        723  local_cbmsg_handler  ,msg=  406  param1=  nil  
[2022/03/23 17:08:21 932] isr        1636 ASR_MSG_GRSLT,   local  
[2022/03/23 17:08:21 932] isr        1307 0  nil  2  
[2022/03/23 17:08:22 033] isr        1636 ASR_MSG_GRSLT,   local  
[2022/03/23 17:08:22 033] isr        1307 0  nil  2  
[2022/03/23 17:08:22 134] isr        1636 ASR_MSG_GRSLT,   local  
[2022/03/23 17:08:22 134] isr        1307 0  nil  2  
[2022/03/23 17:08:22 235] isr        1636 ASR_MSG_GRSLT,   local  
[2022/03/23 17:08:22 235] isr        1307 0  nil  2  
[2022/03/23 17:08:22 336] isr        1636 ASR_MSG_GRSLT,   local  
[2022/03/23 17:08:22 336] isr        1307 0  nil  2  
[2022/03/23 17:08:22 437] isr        1636 ASR_MSG_GRSLT,   local  
[2022/03/23 17:08:22 437] isr        1307 0  nil  2  
[2022/03/23 17:08:22 537] isr        1636 ASR_MSG_GRSLT,   local  
[2022/03/23 17:08:22 538] isr        1307 0  nil  2  
[2022/03/23 17:08:22 638] isr        1636 ASR_MSG_GRSLT,   local  
[2022/03/23 17:08:22 638] isr        1307 0  nil  2  
[2022/03/23 17:08:22 715] isr        723  local_cbmsg_handler  ,msg=  407  param1=  nil  
[2022/03/23 17:08:22 715] isr        641  process_result call:  local  nil  0  2  
[2022/03/23 17:08:22 715] isr        798  3  msc  
[2022/03/23 17:08:22 715] isr        800  already speech end  
[2022/03/23 17:08:22 715] isr        723  local_cbmsg_handler  ,msg=  408  param1=  nil  
[2022/03/23 17:08:22 715] isr        734  local session recognized end!  
[2022/03/23 17:08:22 739] isr        1636 ASR_MSG_GRSLT,   local  
[2022/03/23 17:08:22 739] isr        1307 0  nil  5  
[2022/03/23 17:08:22 840] isr        1639 ASR_MSG_SSE,   local  
[2022/03/23 17:08:22 840] isr        1356 session_end() [in]  
[2022/03/23 17:08:22 840] isr        1377 local_session_end() [in]  
[2022/03/23 17:08:22 842] isr        1416 ASR_LOCAL_MSG_SSE net_type  nil  
[2022/03/23 17:08:22 842] isr        1667 isr unload!  
============================================================
Time  2022/03/23 17:08:26 719 
============================================================
[2022/03/23 17:08:26 719] isr        1659 isr loaded!  
[2022/03/23 17:08:26 719] isr        1642 SYS_MSG_REGCB param0 =   msp_status_cb  param1 =   func(90020430) 
[2022/03/23 17:08:26 720] isr        1537 ASR_MSG_SSB  
[2022/03/23 17:08:26 720] isr        1066 session_begin() [in], params:   engine_type = local, 		asr_res_path = fo|/home/wheeltec/SR2.2-HR1.1.3/SR2.2-HR1.1.3/offline_mic/bin/config/msc/res/asr/common.jet, sample_rate = 16000, 		grm_build_path = /home/wheeltec/SR2.2-HR1.1.3/SR2.2-HR1.1.3/offline_mic/bin/config/msc/res/asr/GrmBuilld, local_grammar = call, 		result_type = xml, result_encoding = UTF-8,   nil  
[2022/03/23 17:08:26 720] isr        927  vad_set [in]  
[2022/03/23 17:08:26 720] isr        962  vad_enable :  true  
[2022/03/23 17:08:26 720] isr        980  vad_bos :  10000  
[2022/03/23 17:08:26 720] isr        981  vad_eos :  2000  
[2022/03/23 17:08:26 720] isr        886  enable_vad [in]  
[2022/03/23 17:08:26 721] isr        918  vad enabled!  2000  10000  
[2022/03/23 17:08:26 721] isr        921  enable_vad [out]  
[2022/03/23 17:08:26 721] isr        987  vad_set [out] | ret =  0  
[2022/03/23 17:08:26 721] isr        1182 cur_engine_type =   local  
[2022/03/23 17:08:26 721] isr        992  local_session_begin  
[2022/03/23 17:08:26 724] isr        1547 ASR_MSG_AUW,   local  
[2022/03/23 17:08:26 724] isr        1559 6400  1  
[2022/03/23 17:08:26 724] isr        1569 once_bytes:   6400  
[2022/03/23 17:08:26 726] isr        1547 ASR_MSG_AUW,   local  
[2022/03/23 17:08:26 726] isr        1559 6400  2  
[2022/03/23 17:08:26 727] isr        1547 ASR_MSG_AUW,   local  
[2022/03/23 17:08:26 727] isr        1559 6400  2  
[2022/03/23 17:08:26 728] isr        1547 ASR_MSG_AUW,   local  
[2022/03/23 17:08:26 728] isr        1559 6400  2  
[2022/03/23 17:08:26 730] isr        1547 ASR_MSG_AUW,   local  
[2022/03/23 17:08:26 730] isr        1559 6400  2  
[2022/03/23 17:08:26 731] isr        1547 ASR_MSG_AUW,   local  
[2022/03/23 17:08:26 731] isr        1559 6400  2  
[2022/03/23 17:08:26 734] isr        1547 ASR_MSG_AUW,   local  
[2022/03/23 17:08:26 734] isr        1559 6400  2  
[2022/03/23 17:08:26 735] isr        851  [aud] speech start  
[2022/03/23 17:08:26 735] isr        798  1  msc  
[2022/03/23 17:08:26 736] isr        1547 ASR_MSG_AUW,   local  
[2022/03/23 17:08:26 736] isr        1559 6400  2  
[2022/03/23 17:08:26 737] isr        1547 ASR_MSG_AUW,   local  
[2022/03/23 17:08:26 737] isr        1559 6400  2  
[2022/03/23 17:08:26 738] isr        1547 ASR_MSG_AUW,   local  
[2022/03/23 17:08:26 738] isr        1559 6400  2  
[2022/03/23 17:08:26 739] isr        1547 ASR_MSG_AUW,   local  
[2022/03/23 17:08:26 739] isr        1559 6400  2  
[2022/03/23 17:08:26 740] isr        1547 ASR_MSG_AUW,   local  
[2022/03/23 17:08:26 740] isr        1559 6400  2  
[2022/03/23 17:08:26 741] isr        1547 ASR_MSG_AUW,   local  
[2022/03/23 17:08:26 741] isr        1559 6400  2  
[2022/03/23 17:08:26 743] isr        1547 ASR_MSG_AUW,   local  
[2022/03/23 17:08:26 743] isr        1559 6400  2  
[2022/03/23 17:08:26 744] isr        1547 ASR_MSG_AUW,   local  
[2022/03/23 17:08:26 744] isr        1559 6400  2  
[2022/03/23 17:08:26 745] isr        1547 ASR_MSG_AUW,   local  
[2022/03/23 17:08:26 745] isr        1559 12000  2  
[2022/03/23 17:08:26 745] isr        1547 ASR_MSG_AUW,   local  
[2022/03/23 17:08:26 746] isr        1559 0  4  
[2022/03/23 17:08:26 746] isr        1592 aud end, USER  
[2022/03/23 17:08:26 748] isr        1636 ASR_MSG_GRSLT,   local  
[2022/03/23 17:08:26 748] isr        1307 0  nil  2  
[2022/03/23 17:08:26 774] isr        854  [aud] speech end  
[2022/03/23 17:08:26 775] isr        798  3  msc  
[2022/03/23 17:08:26 849] isr        1636 ASR_MSG_GRSLT,   local  
[2022/03/23 17:08:26 849] isr        1307 0  nil  2  
[2022/03/23 17:08:26 871] isr        723  local_cbmsg_handler  ,msg=  406  param1=  nil  
[2022/03/23 17:08:26 950] isr        1636 ASR_MSG_GRSLT,   local  
[2022/03/23 17:08:26 950] isr        1307 0  nil  2  
[2022/03/23 17:08:27 051] isr        1636 ASR_MSG_GRSLT,   local  
[2022/03/23 17:08:27 051] isr        1307 0  nil  2  
[2022/03/23 17:08:27 152] isr        1636 ASR_MSG_GRSLT,   local  
[2022/03/23 17:08:27 152] isr        1307 0  nil  2  
[2022/03/23 17:08:27 253] isr        1636 ASR_MSG_GRSLT,   local  
[2022/03/23 17:08:27 253] isr        1307 0  nil  2  
[2022/03/23 17:08:27 353] isr        1636 ASR_MSG_GRSLT,   local  
[2022/03/23 17:08:27 353] isr        1307 0  nil  2  
[2022/03/23 17:08:27 454] isr        1636 ASR_MSG_GRSLT,   local  
[2022/03/23 17:08:27 454] isr        1307 0  nil  2  
[2022/03/23 17:08:27 555] isr        1636 ASR_MSG_GRSLT,   local  
[2022/03/23 17:08:27 555] isr        1307 0  nil  2  
[2022/03/23 17:08:27 656] isr        1636 ASR_MSG_GRSLT,   local  
[2022/03/23 17:08:27 656] isr        1307 0  nil  2  
[2022/03/23 17:08:27 757] isr        1636 ASR_MSG_GRSLT,   local  
[2022/03/23 17:08:27 757] isr        1307 0  nil  2  
[2022/03/23 17:08:27 761] isr        723  local_cbmsg_handler  ,msg=  407  param1=  nil  
[2022/03/23 17:08:27 762] isr        641  process_result call:  local  nil  0  2  
[2022/03/23 17:08:27 762] isr        798  3  msc  
[2022/03/23 17:08:27 762] isr        800  already speech end  
[2022/03/23 17:08:27 762] isr        723  local_cbmsg_handler  ,msg=  408  param1=  nil  
[2022/03/23 17:08:27 762] isr        734  local session recognized end!  
[2022/03/23 17:08:27 857] isr        1636 ASR_MSG_GRSLT,   local  
[2022/03/23 17:08:27 858] isr        1307 0  nil  5  
[2022/03/23 17:08:27 958] isr        1639 ASR_MSG_SSE,   local  
[2022/03/23 17:08:27 958] isr        1356 session_end() [in]  
[2022/03/23 17:08:27 958] isr        1377 local_session_end() [in]  
[2022/03/23 17:08:27 960] isr        1416 ASR_LOCAL_MSG_SSE net_type  nil  
[2022/03/23 17:08:27 961] isr        1667 isr unload!  
============================================================
Time  2022/03/29 14:42:41 519 
============================================================
[2022/03/29 14:42:41 519] isr        1659 isr loaded!  
[2022/03/29 14:42:41 519] isr        1642 SYS_MSG_REGCB param0 =   msp_status_cb  param1 =   func(60132020) 
[2022/03/29 14:42:41 520] isr        1537 ASR_MSG_SSB  
[2022/03/29 14:42:41 520] isr        1066 session_begin() [in], params:   engine_type = local, 		asr_res_path = fo|/home/wheeltec/SR2.2-HR1.1.3/offline_mic/bin/config/msc/res/asr/common.jet, sample_rate = 16000, 		grm_build_path = /home/wheeltec/SR2.2-HR1.1.3/offline_mic/bin/config/msc/res/asr/GrmBuilld, local_grammar = call, 		result_type = xml, result_encoding = UTF-8,   nil  
[2022/03/29 14:42:41 520] isr        927  vad_set [in]  
[2022/03/29 14:42:41 520] isr        962  vad_enable :  true  
[2022/03/29 14:42:41 520] isr        980  vad_bos :  10000  
[2022/03/29 14:42:41 520] isr        981  vad_eos :  2000  
[2022/03/29 14:42:41 520] isr        886  enable_vad [in]  
[2022/03/29 14:42:41 520] isr        918  vad enabled!  2000  10000  
[2022/03/29 14:42:41 520] isr        921  enable_vad [out]  
[2022/03/29 14:42:41 520] isr        987  vad_set [out] | ret =  0  
[2022/03/29 14:42:41 520] isr        1182 cur_engine_type =   local  
[2022/03/29 14:42:41 520] isr        992  local_session_begin  
[2022/03/29 14:42:41 523] isr        1547 ASR_MSG_AUW,   local  
[2022/03/29 14:42:41 523] isr        1559 0  4  
[2022/03/29 14:42:41 523] isr        1592 aud end, USER  
[2022/03/29 14:42:41 524] isr        1636 ASR_MSG_GRSLT,   local  
[2022/03/29 14:42:41 524] isr        1307 0  nil  2  
[2022/03/29 14:42:41 525] isr        854  [aud] speech end  
[2022/03/29 14:42:41 525] isr        798  3  msc  
[2022/03/29 14:42:41 624] isr        1636 ASR_MSG_GRSLT,   local  
[2022/03/29 14:42:41 624] isr        1307 0  nil  2  
[2022/03/29 14:42:41 725] isr        1636 ASR_MSG_GRSLT,   local  
[2022/03/29 14:42:41 726] isr        1307 0  nil  2  
[2022/03/29 14:42:41 827] isr        1636 ASR_MSG_GRSLT,   local  
[2022/03/29 14:42:41 827] isr        1307 0  nil  2  
[2022/03/29 14:42:41 929] isr        1636 ASR_MSG_GRSLT,   local  
[2022/03/29 14:42:41 929] isr        1307 0  nil  2  
[2022/03/29 14:42:42 031] isr        1636 ASR_MSG_GRSLT,   local  
[2022/03/29 14:42:42 031] isr        1307 0  nil  2  
[2022/03/29 14:42:42 132] isr        1636 ASR_MSG_GRSLT,   local  
[2022/03/29 14:42:42 132] isr        1307 0  nil  2  
[2022/03/29 14:42:42 234] isr        1636 ASR_MSG_GRSLT,   local  
[2022/03/29 14:42:42 234] isr        1307 0  nil  2  
[2022/03/29 14:42:42 335] isr        1636 ASR_MSG_GRSLT,   local  
[2022/03/29 14:42:42 335] isr        1307 0  nil  2  
[2022/03/29 14:42:42 436] isr        1636 ASR_MSG_GRSLT,   local  
[2022/03/29 14:42:42 437] isr        1307 0  nil  2  
[2022/03/29 14:42:42 538] isr        1636 ASR_MSG_GRSLT,   local  
[2022/03/29 14:42:42 538] isr        1307 0  nil  2  
[2022/03/29 14:42:42 640] isr        1636 ASR_MSG_GRSLT,   local  
[2022/03/29 14:42:42 640] isr        1307 0  nil  2  
[2022/03/29 14:42:42 742] isr        1636 ASR_MSG_GRSLT,   local  
[2022/03/29 14:42:42 742] isr        1307 0  nil  2  
[2022/03/29 14:42:42 844] isr        1636 ASR_MSG_GRSLT,   local  
[2022/03/29 14:42:42 844] isr        1307 0  nil  2  
[2022/03/29 14:42:42 946] isr        1636 ASR_MSG_GRSLT,   local  
[2022/03/29 14:42:42 946] isr        1307 0  nil  2  
[2022/03/29 14:42:43 048] isr        1636 ASR_MSG_GRSLT,   local  
[2022/03/29 14:42:43 048] isr        1307 0  nil  2  
[2022/03/29 14:42:43 150] isr        1636 ASR_MSG_GRSLT,   local  
[2022/03/29 14:42:43 150] isr        1307 0  nil  2  
[2022/03/29 14:42:43 252] isr        1636 ASR_MSG_GRSLT,   local  
[2022/03/29 14:42:43 252] isr        1307 0  nil  2  
[2022/03/29 14:42:43 353] isr        1636 ASR_MSG_GRSLT,   local  
[2022/03/29 14:42:43 354] isr        1307 0  nil  2  
[2022/03/29 14:42:43 455] isr        1636 ASR_MSG_GRSLT,   local  
[2022/03/29 14:42:43 455] isr        1307 0  nil  2  
[2022/03/29 14:42:43 557] isr        1636 ASR_MSG_GRSLT,   local  
[2022/03/29 14:42:43 557] isr        1307 0  nil  2  
[2022/03/29 14:42:43 658] isr        1636 ASR_MSG_GRSLT,   local  
[2022/03/29 14:42:43 658] isr        1307 0  nil  2  
[2022/03/29 14:42:43 760] isr        1636 ASR_MSG_GRSLT,   local  
[2022/03/29 14:42:43 760] isr        1307 0  nil  2  
[2022/03/29 14:42:43 862] isr        1636 ASR_MSG_GRSLT,   local  
[2022/03/29 14:42:43 862] isr        1307 0  nil  2  
[2022/03/29 14:42:43 964] isr        1636 ASR_MSG_GRSLT,   local  
[2022/03/29 14:42:43 964] isr        1307 0  nil  2  
[2022/03/29 14:42:44 066] isr        1636 ASR_MSG_GRSLT,   local  
[2022/03/29 14:42:44 066] isr        1307 0  nil  2  
[2022/03/29 14:42:44 168] isr        1636 ASR_MSG_GRSLT,   local  
[2022/03/29 14:42:44 168] isr        1307 0  nil  2  
[2022/03/29 14:42:44 269] isr        1636 ASR_MSG_GRSLT,   local  
[2022/03/29 14:42:44 269] isr        1307 0  nil  2  
[2022/03/29 14:42:44 371] isr        1636 ASR_MSG_GRSLT,   local  
[2022/03/29 14:42:44 371] isr        1307 0  nil  2  
[2022/03/29 14:42:44 473] isr        1636 ASR_MSG_GRSLT,   local  
[2022/03/29 14:42:44 473] isr        1307 0  nil  2  
[2022/03/29 14:42:44 575] isr        1636 ASR_MSG_GRSLT,   local  
[2022/03/29 14:42:44 575] isr        1307 0  nil  2  
[2022/03/29 14:42:44 677] isr        1636 ASR_MSG_GRSLT,   local  
[2022/03/29 14:42:44 677] isr        1307 0  nil  2  
[2022/03/29 14:42:44 779] isr        1636 ASR_MSG_GRSLT,   local  
[2022/03/29 14:42:44 779] isr        1307 0  nil  2  
[2022/03/29 14:42:44 880] isr        1636 ASR_MSG_GRSLT,   local  
[2022/03/29 14:42:44 880] isr        1307 0  nil  2  
[2022/03/29 14:42:44 982] isr        1636 ASR_MSG_GRSLT,   local  
[2022/03/29 14:42:44 983] isr        1307 0  nil  2  
[2022/03/29 14:42:45 084] isr        1636 ASR_MSG_GRSLT,   local  
[2022/03/29 14:42:45 084] isr        1307 0  nil  2  
[2022/03/29 14:42:45 186] isr        1636 ASR_MSG_GRSLT,   local  
[2022/03/29 14:42:45 186] isr        1307 0  nil  2  
[2022/03/29 14:42:45 287] isr        1636 ASR_MSG_GRSLT,   local  
[2022/03/29 14:42:45 288] isr        1307 0  nil  2  
[2022/03/29 14:42:45 389] isr        1636 ASR_MSG_GRSLT,   local  
[2022/03/29 14:42:45 389] isr        1307 0  nil  2  
[2022/03/29 14:42:45 491] isr        1636 ASR_MSG_GRSLT,   local  
[2022/03/29 14:42:45 491] isr        1307 0  nil  2  
[2022/03/29 14:42:45 593] isr        1636 ASR_MSG_GRSLT,   local  
[2022/03/29 14:42:45 593] isr        1307 0  nil  2  
[2022/03/29 14:42:45 695] isr        1636 ASR_MSG_GRSLT,   local  
[2022/03/29 14:42:45 695] isr        1307 0  nil  2  
[2022/03/29 14:42:45 797] isr        1636 ASR_MSG_GRSLT,   local  
[2022/03/29 14:42:45 797] isr        1307 0  nil  2  
[2022/03/29 14:42:45 899] isr        1636 ASR_MSG_GRSLT,   local  
[2022/03/29 14:42:45 899] isr        1307 0  nil  2  
[2022/03/29 14:42:46 001] isr        1636 ASR_MSG_GRSLT,   local  
[2022/03/29 14:42:46 001] isr        1307 0  nil  2  
[2022/03/29 14:42:46 102] isr        1636 ASR_MSG_GRSLT,   local  
[2022/03/29 14:42:46 102] isr        1307 0  nil  2  
[2022/03/29 14:42:46 205] isr        1636 ASR_MSG_GRSLT,   local  
[2022/03/29 14:42:46 205] isr        1307 0  nil  2  
[2022/03/29 14:42:46 307] isr        1636 ASR_MSG_GRSLT,   local  
[2022/03/29 14:42:46 307] isr        1307 0  nil  2  
[2022/03/29 14:42:46 409] isr        1636 ASR_MSG_GRSLT,   local  
[2022/03/29 14:42:46 409] isr        1307 0  nil  2  
[2022/03/29 14:42:46 511] isr        1636 ASR_MSG_GRSLT,   local  
[2022/03/29 14:42:46 511] isr        1307 0  nil  2  
[2022/03/29 14:42:46 613] isr        1636 ASR_MSG_GRSLT,   local  
[2022/03/29 14:42:46 613] isr        1307 0  nil  2  
[2022/03/29 14:42:46 715] isr        1636 ASR_MSG_GRSLT,   local  
[2022/03/29 14:42:46 715] isr        1307 0  nil  2  
[2022/03/29 14:42:46 817] isr        1636 ASR_MSG_GRSLT,   local  
[2022/03/29 14:42:46 817] isr        1307 0  nil  2  
[2022/03/29 14:42:46 919] isr        1636 ASR_MSG_GRSLT,   local  
[2022/03/29 14:42:46 919] isr        1307 0  nil  2  
[2022/03/29 14:42:47 021] isr        1636 ASR_MSG_GRSLT,   local  
[2022/03/29 14:42:47 021] isr        1307 0  nil  2  
[2022/03/29 14:42:47 123] isr        1636 ASR_MSG_GRSLT,   local  
[2022/03/29 14:42:47 123] isr        1307 0  nil  2  
[2022/03/29 14:42:47 225] isr        1636 ASR_MSG_GRSLT,   local  
[2022/03/29 14:42:47 225] isr        1307 0  nil  2  
[2022/03/29 14:42:47 326] isr        1636 ASR_MSG_GRSLT,   local  
[2022/03/29 14:42:47 326] isr        1307 0  nil  2  
[2022/03/29 14:42:47 428] isr        1636 ASR_MSG_GRSLT,   local  
[2022/03/29 14:42:47 428] isr        1307 0  nil  2  
[2022/03/29 14:42:47 530] isr        1636 ASR_MSG_GRSLT,   local  
[2022/03/29 14:42:47 530] isr        1307 0  nil  2  
[2022/03/29 14:42:47 632] isr        1636 ASR_MSG_GRSLT,   local  
[2022/03/29 14:42:47 632] isr        1307 0  nil  2  
[2022/03/29 14:42:47 733] isr        1636 ASR_MSG_GRSLT,   local  
[2022/03/29 14:42:47 733] isr        1307 0  nil  2  
[2022/03/29 14:42:47 835] isr        1636 ASR_MSG_GRSLT,   local  
[2022/03/29 14:42:47 835] isr        1307 0  nil  2  
[2022/03/29 14:42:47 938] isr        1636 ASR_MSG_GRSLT,   local  
[2022/03/29 14:42:47 938] isr        1307 0  nil  2  
[2022/03/29 14:42:48 040] isr        1636 ASR_MSG_GRSLT,   local  
[2022/03/29 14:42:48 040] isr        1307 0  nil  2  
[2022/03/29 14:42:48 142] isr        1636 ASR_MSG_GRSLT,   local  
[2022/03/29 14:42:48 142] isr        1307 0  nil  2  
[2022/03/29 14:42:48 244] isr        1636 ASR_MSG_GRSLT,   local  
[2022/03/29 14:42:48 244] isr        1307 0  nil  2  
[2022/03/29 14:42:48 346] isr        1636 ASR_MSG_GRSLT,   local  
[2022/03/29 14:42:48 346] isr        1307 0  nil  2  
[2022/03/29 14:42:48 448] isr        1636 ASR_MSG_GRSLT,   local  
[2022/03/29 14:42:48 448] isr        1307 0  nil  2  
[2022/03/29 14:42:48 549] isr        1636 ASR_MSG_GRSLT,   local  
[2022/03/29 14:42:48 549] isr        1307 0  nil  2  
[2022/03/29 14:42:48 651] isr        1636 ASR_MSG_GRSLT,   local  
[2022/03/29 14:42:48 651] isr        1307 0  nil  2  
[2022/03/29 14:42:48 753] isr        1636 ASR_MSG_GRSLT,   local  
[2022/03/29 14:42:48 753] isr        1307 0  nil  2  
[2022/03/29 14:42:48 855] isr        1636 ASR_MSG_GRSLT,   local  
[2022/03/29 14:42:48 855] isr        1307 0  nil  2  
[2022/03/29 14:42:48 957] isr        1636 ASR_MSG_GRSLT,   local  
[2022/03/29 14:42:48 957] isr        1307 0  nil  2  
[2022/03/29 14:42:49 059] isr        1636 ASR_MSG_GRSLT,   local  
[2022/03/29 14:42:49 059] isr        1307 0  nil  2  
[2022/03/29 14:42:49 161] isr        1636 ASR_MSG_GRSLT,   local  
[2022/03/29 14:42:49 161] isr        1307 0  nil  2  
[2022/03/29 14:42:49 262] isr        1636 ASR_MSG_GRSLT,   local  
[2022/03/29 14:42:49 262] isr        1307 0  nil  2  
[2022/03/29 14:42:49 364] isr        1636 ASR_MSG_GRSLT,   local  
[2022/03/29 14:42:49 364] isr        1307 0  nil  2  
[2022/03/29 14:42:49 466] isr        1636 ASR_MSG_GRSLT,   local  
[2022/03/29 14:42:49 466] isr        1307 0  nil  2  
[2022/03/29 14:42:49 567] isr        1636 ASR_MSG_GRSLT,   local  
[2022/03/29 14:42:49 567] isr        1307 0  nil  2  
[2022/03/29 14:42:49 669] isr        1636 ASR_MSG_GRSLT,   local  
[2022/03/29 14:42:49 669] isr        1307 0  nil  2  
[2022/03/29 14:42:49 771] isr        1636 ASR_MSG_GRSLT,   local  
[2022/03/29 14:42:49 771] isr        1307 0  nil  2  
[2022/03/29 14:42:49 872] isr        1636 ASR_MSG_GRSLT,   local  
[2022/03/29 14:42:49 872] isr        1307 0  nil  2  
[2022/03/29 14:42:49 974] isr        1636 ASR_MSG_GRSLT,   local  
[2022/03/29 14:42:49 975] isr        1307 0  nil  2  
[2022/03/29 14:42:50 076] isr        1636 ASR_MSG_GRSLT,   local  
[2022/03/29 14:42:50 076] isr        1307 0  nil  2  
[2022/03/29 14:42:50 178] isr        1636 ASR_MSG_GRSLT,   local  
[2022/03/29 14:42:50 178] isr        1307 0  nil  2  
[2022/03/29 14:42:50 280] isr        1636 ASR_MSG_GRSLT,   local  
[2022/03/29 14:42:50 280] isr        1307 0  nil  2  
[2022/03/29 14:42:50 381] isr        1636 ASR_MSG_GRSLT,   local  
[2022/03/29 14:42:50 381] isr        1307 0  nil  2  
[2022/03/29 14:42:50 483] isr        1636 ASR_MSG_GRSLT,   local  
[2022/03/29 14:42:50 483] isr        1307 0  nil  2  
[2022/03/29 14:42:50 584] isr        1636 ASR_MSG_GRSLT,   local  
[2022/03/29 14:42:50 584] isr        1307 0  nil  2  
[2022/03/29 14:42:50 686] isr        1636 ASR_MSG_GRSLT,   local  
[2022/03/29 14:42:50 686] isr        1307 0  nil  2  
[2022/03/29 14:42:50 788] isr        1636 ASR_MSG_GRSLT,   local  
[2022/03/29 14:42:50 788] isr        1307 0  nil  2  
[2022/03/29 14:42:50 890] isr        1636 ASR_MSG_GRSLT,   local  
[2022/03/29 14:42:50 890] isr        1307 0  nil  2  
[2022/03/29 14:42:50 992] isr        1636 ASR_MSG_GRSLT,   local  
[2022/03/29 14:42:50 992] isr        1307 0  nil  2  
[2022/03/29 14:42:51 094] isr        1636 ASR_MSG_GRSLT,   local  
[2022/03/29 14:42:51 094] isr        1307 0  nil  2  
[2022/03/29 14:42:51 196] isr        1636 ASR_MSG_GRSLT,   local  
[2022/03/29 14:42:51 196] isr        1307 0  nil  2  
[2022/03/29 14:42:51 298] isr        1636 ASR_MSG_GRSLT,   local  
[2022/03/29 14:42:51 298] isr        1307 0  nil  2  
[2022/03/29 14:42:51 398] isr        1636 ASR_MSG_GRSLT,   local  
[2022/03/29 14:42:51 398] isr        1307 0  nil  2  
[2022/03/29 14:42:51 499] isr        1636 ASR_MSG_GRSLT,   local  
[2022/03/29 14:42:51 499] isr        1307 0  nil  2  
[2022/03/29 14:42:51 601] isr        1636 ASR_MSG_GRSLT,   local  
[2022/03/29 14:42:51 601] isr        1307 0  nil  2  
[2022/03/29 14:42:51 702] isr        1636 ASR_MSG_GRSLT,   local  
[2022/03/29 14:42:51 702] isr        1307 0  nil  2  
[2022/03/29 14:42:51 804] isr        1636 ASR_MSG_GRSLT,   local  
[2022/03/29 14:42:51 804] isr        1307 0  nil  2  
[2022/03/29 14:42:51 906] isr        1636 ASR_MSG_GRSLT,   local  
[2022/03/29 14:42:51 906] isr        1307 0  nil  2  
[2022/03/29 14:42:52 008] isr        1636 ASR_MSG_GRSLT,   local  
[2022/03/29 14:42:52 008] isr        1307 0  nil  2  
[2022/03/29 14:42:52 110] isr        1636 ASR_MSG_GRSLT,   local  
[2022/03/29 14:42:52 110] isr        1307 0  nil  2  
[2022/03/29 14:42:52 212] isr        1636 ASR_MSG_GRSLT,   local  
[2022/03/29 14:42:52 212] isr        1307 0  nil  2  
[2022/03/29 14:42:52 314] isr        1636 ASR_MSG_GRSLT,   local  
[2022/03/29 14:42:52 314] isr        1307 0  nil  2  
[2022/03/29 14:42:52 416] isr        1636 ASR_MSG_GRSLT,   local  
[2022/03/29 14:42:52 416] isr        1307 0  nil  2  
[2022/03/29 14:42:52 518] isr        1636 ASR_MSG_GRSLT,   local  
[2022/03/29 14:42:52 518] isr        1307 0  nil  2  
[2022/03/29 14:42:52 620] isr        1636 ASR_MSG_GRSLT,   local  
[2022/03/29 14:42:52 620] isr        1307 0  nil  2  
[2022/03/29 14:42:52 721] isr        1636 ASR_MSG_GRSLT,   local  
[2022/03/29 14:42:52 721] isr        1307 0  nil  2  
[2022/03/29 14:42:52 823] isr        1636 ASR_MSG_GRSLT,   local  
[2022/03/29 14:42:52 823] isr        1307 0  nil  2  
[2022/03/29 14:42:52 925] isr        1636 ASR_MSG_GRSLT,   local  
[2022/03/29 14:42:52 925] isr        1307 0  nil  2  
[2022/03/29 14:42:53 026] isr        1636 ASR_MSG_GRSLT,   local  
[2022/03/29 14:42:53 026] isr        1307 0  nil  2  
[2022/03/29 14:42:53 128] isr        1636 ASR_MSG_GRSLT,   local  
[2022/03/29 14:42:53 128] isr        1307 0  nil  2  
[2022/03/29 14:42:53 230] isr        1636 ASR_MSG_GRSLT,   local  
[2022/03/29 14:42:53 230] isr        1307 0  nil  2  
[2022/03/29 14:42:53 331] isr        1636 ASR_MSG_GRSLT,   local  
[2022/03/29 14:42:53 331] isr        1307 0  nil  2  
[2022/03/29 14:42:53 433] isr        1636 ASR_MSG_GRSLT,   local  
[2022/03/29 14:42:53 433] isr        1307 0  nil  2  
[2022/03/29 14:42:53 535] isr        1636 ASR_MSG_GRSLT,   local  
[2022/03/29 14:42:53 535] isr        1307 0  nil  2  
[2022/03/29 14:42:53 638] isr        1636 ASR_MSG_GRSLT,   local  
[2022/03/29 14:42:53 638] isr        1307 0  nil  2  
[2022/03/29 14:42:53 740] isr        1636 ASR_MSG_GRSLT,   local  
[2022/03/29 14:42:53 740] isr        1307 0  nil  2  
[2022/03/29 14:42:53 842] isr        1636 ASR_MSG_GRSLT,   local  
[2022/03/29 14:42:53 842] isr        1307 0  nil  2  
[2022/03/29 14:42:53 945] isr        1636 ASR_MSG_GRSLT,   local  
[2022/03/29 14:42:53 945] isr        1307 0  nil  2  
[2022/03/29 14:42:54 047] isr        1636 ASR_MSG_GRSLT,   local  
[2022/03/29 14:42:54 047] isr        1307 0  nil  2  
[2022/03/29 14:42:54 149] isr        1636 ASR_MSG_GRSLT,   local  
[2022/03/29 14:42:54 149] isr        1307 0  nil  2  
[2022/03/29 14:42:54 252] isr        1636 ASR_MSG_GRSLT,   local  
[2022/03/29 14:42:54 252] isr        1307 0  nil  2  
[2022/03/29 14:42:54 353] isr        1636 ASR_MSG_GRSLT,   local  
[2022/03/29 14:42:54 353] isr        1307 0  nil  2  
[2022/03/29 14:42:54 456] isr        1636 ASR_MSG_GRSLT,   local  
[2022/03/29 14:42:54 456] isr        1307 0  nil  2  
[2022/03/29 14:42:54 557] isr        1636 ASR_MSG_GRSLT,   local  
[2022/03/29 14:42:54 557] isr        1307 0  nil  2  
[2022/03/29 14:42:54 659] isr        1636 ASR_MSG_GRSLT,   local  
[2022/03/29 14:42:54 659] isr        1307 0  nil  2  
[2022/03/29 14:42:54 761] isr        1636 ASR_MSG_GRSLT,   local  
[2022/03/29 14:42:54 761] isr        1307 0  nil  2  
[2022/03/29 14:42:54 863] isr        1636 ASR_MSG_GRSLT,   local  
[2022/03/29 14:42:54 863] isr        1307 0  nil  2  
[2022/03/29 14:42:54 965] isr        1636 ASR_MSG_GRSLT,   local  
[2022/03/29 14:42:54 965] isr        1307 0  nil  2  
[2022/03/29 14:42:55 067] isr        1636 ASR_MSG_GRSLT,   local  
[2022/03/29 14:42:55 067] isr        1307 0  nil  2  
[2022/03/29 14:42:55 169] isr        1636 ASR_MSG_GRSLT,   local  
[2022/03/29 14:42:55 169] isr        1307 0  nil  2  
============================================================
Time  2022/03/29 14:47:01 452 
============================================================
[2022/03/29 14:47:01 452] isr        1659 isr loaded!  
[2022/03/29 14:47:01 452] isr        1642 SYS_MSG_REGCB param0 =   msp_status_cb  param1 =   func(50132070) 
[2022/03/29 14:47:01 452] isr        1537 ASR_MSG_SSB  
[2022/03/29 14:47:01 452] isr        1066 session_begin() [in], params:   engine_type = local, 		asr_res_path = fo|/home/wheeltec/SR2.2-HR1.1.3/offline_mic/bin/config/msc/res/asr/common.jet, sample_rate = 16000, 		grm_build_path = /home/wheeltec/SR2.2-HR1.1.3/offline_mic/bin/config/msc/res/asr/GrmBuilld, local_grammar = call, 		result_type = xml, result_encoding = UTF-8,   nil  
[2022/03/29 14:47:01 453] isr        927  vad_set [in]  
[2022/03/29 14:47:01 453] isr        962  vad_enable :  true  
[2022/03/29 14:47:01 453] isr        980  vad_bos :  10000  
[2022/03/29 14:47:01 453] isr        981  vad_eos :  2000  
[2022/03/29 14:47:01 453] isr        886  enable_vad [in]  
[2022/03/29 14:47:01 453] isr        918  vad enabled!  2000  10000  
[2022/03/29 14:47:01 453] isr        921  enable_vad [out]  
[2022/03/29 14:47:01 453] isr        987  vad_set [out] | ret =  0  
[2022/03/29 14:47:01 453] isr        1182 cur_engine_type =   local  
[2022/03/29 14:47:01 453] isr        992  local_session_begin  
[2022/03/29 14:47:01 459] isr        1547 ASR_MSG_AUW,   local  
[2022/03/29 14:47:01 459] isr        1559 6400  1  
[2022/03/29 14:47:01 459] isr        1569 once_bytes:   6400  
[2022/03/29 14:47:01 459] isr        1547 ASR_MSG_AUW,   local  
[2022/03/29 14:47:01 459] isr        1559 6400  2  
[2022/03/29 14:47:01 460] isr        1547 ASR_MSG_AUW,   local  
[2022/03/29 14:47:01 460] isr        1559 6400  2  
[2022/03/29 14:47:01 460] isr        1547 ASR_MSG_AUW,   local  
[2022/03/29 14:47:01 460] isr        1559 6400  2  
[2022/03/29 14:47:01 460] isr        1547 ASR_MSG_AUW,   local  
[2022/03/29 14:47:01 460] isr        1559 6400  2  
[2022/03/29 14:47:01 460] isr        1547 ASR_MSG_AUW,   local  
[2022/03/29 14:47:01 460] isr        1559 6400  2  
[2022/03/29 14:47:01 460] isr        1547 ASR_MSG_AUW,   local  
[2022/03/29 14:47:01 461] isr        1559 6400  2  
[2022/03/29 14:47:01 461] isr        1547 ASR_MSG_AUW,   local  
[2022/03/29 14:47:01 461] isr        1559 6400  2  
[2022/03/29 14:47:01 461] isr        1547 ASR_MSG_AUW,   local  
[2022/03/29 14:47:01 462] isr        1559 6400  2  
[2022/03/29 14:47:01 462] isr        1547 ASR_MSG_AUW,   local  
[2022/03/29 14:47:01 462] isr        1559 6400  2  
[2022/03/29 14:47:01 462] isr        1547 ASR_MSG_AUW,   local  
[2022/03/29 14:47:01 462] isr        1559 6400  2  
[2022/03/29 14:47:01 463] isr        1547 ASR_MSG_AUW,   local  
[2022/03/29 14:47:01 463] isr        1559 6400  2  
[2022/03/29 14:47:01 463] isr        1547 ASR_MSG_AUW,   local  
[2022/03/29 14:47:01 463] isr        1559 6400  2  
[2022/03/29 14:47:01 464] isr        1547 ASR_MSG_AUW,   local  
[2022/03/29 14:47:01 464] isr        1559 6400  2  
[2022/03/29 14:47:01 464] isr        1547 ASR_MSG_AUW,   local  
[2022/03/29 14:47:01 464] isr        1559 6400  2  
[2022/03/29 14:47:01 465] isr        1547 ASR_MSG_AUW,   local  
[2022/03/29 14:47:01 465] isr        1559 6400  2  
[2022/03/29 14:47:01 465] isr        1547 ASR_MSG_AUW,   local  
[2022/03/29 14:47:01 466] isr        1559 6400  2  
[2022/03/29 14:47:01 466] isr        1547 ASR_MSG_AUW,   local  
[2022/03/29 14:47:01 466] isr        1559 6400  2  
[2022/03/29 14:47:01 466] isr        1547 ASR_MSG_AUW,   local  
[2022/03/29 14:47:01 467] isr        1559 6400  2  
[2022/03/29 14:47:01 467] isr        1547 ASR_MSG_AUW,   local  
[2022/03/29 14:47:01 467] isr        1559 6400  2  
[2022/03/29 14:47:01 467] isr        1547 ASR_MSG_AUW,   local  
[2022/03/29 14:47:01 467] isr        1559 0  4  
[2022/03/29 14:47:01 467] isr        1592 aud end, USER  
[2022/03/29 14:47:01 468] isr        1636 ASR_MSG_GRSLT,   local  
[2022/03/29 14:47:01 468] isr        1307 0  nil  2  
[2022/03/29 14:47:01 472] isr        851  [aud] speech start  
[2022/03/29 14:47:01 472] isr        798  1  msc  
[2022/03/29 14:47:01 500] isr        854  [aud] speech end  
[2022/03/29 14:47:01 500] isr        798  3  msc  
[2022/03/29 14:47:01 568] isr        1636 ASR_MSG_GRSLT,   local  
[2022/03/29 14:47:01 568] isr        1307 0  nil  2  
[2022/03/29 14:47:01 593] isr        723  local_cbmsg_handler  ,msg=  406  param1=  nil  
[2022/03/29 14:47:01 669] isr        1636 ASR_MSG_GRSLT,   local  
[2022/03/29 14:47:01 669] isr        1307 0  nil  2  
[2022/03/29 14:47:01 725] isr        723  local_cbmsg_handler  ,msg=  407  param1=  nil  
[2022/03/29 14:47:01 725] isr        641  process_result call:  local  nil  0  2  
[2022/03/29 14:47:01 725] isr        798  3  msc  
[2022/03/29 14:47:01 725] isr        800  already speech end  
[2022/03/29 14:47:01 725] isr        723  local_cbmsg_handler  ,msg=  408  param1=  nil  
[2022/03/29 14:47:01 725] isr        734  local session recognized end!  
[2022/03/29 14:47:01 771] isr        1636 ASR_MSG_GRSLT,   local  
[2022/03/29 14:47:01 771] isr        1307 0  nil  5  
[2022/03/29 14:47:01 873] isr        1639 ASR_MSG_SSE,   local  
[2022/03/29 14:47:01 873] isr        1356 session_end() [in]  
[2022/03/29 14:47:01 873] isr        1377 local_session_end() [in]  
[2022/03/29 14:47:01 874] isr        1416 ASR_LOCAL_MSG_SSE net_type  nil  
[2022/03/29 14:47:01 875] isr        1667 isr unload!  
============================================================
Time  2022/03/29 14:47:37 653 
============================================================
[2022/03/29 14:47:37 653] isr        1659 isr loaded!  
[2022/03/29 14:47:37 653] isr        1642 SYS_MSG_REGCB param0 =   msp_status_cb  param1 =   func(d4132070) 
[2022/03/29 14:47:37 653] isr        1537 ASR_MSG_SSB  
[2022/03/29 14:47:37 653] isr        1066 session_begin() [in], params:   engine_type = local, 		asr_res_path = fo|/home/wheeltec/SR2.2-HR1.1.3/offline_mic/bin/config/msc/res/asr/common.jet, sample_rate = 16000, 		grm_build_path = /home/wheeltec/SR2.2-HR1.1.3/offline_mic/bin/config/msc/res/asr/GrmBuilld, local_grammar = call, 		result_type = xml, result_encoding = UTF-8,   nil  
[2022/03/29 14:47:37 654] isr        927  vad_set [in]  
[2022/03/29 14:47:37 654] isr        962  vad_enable :  true  
[2022/03/29 14:47:37 654] isr        980  vad_bos :  10000  
[2022/03/29 14:47:37 654] isr        981  vad_eos :  2000  
[2022/03/29 14:47:37 654] isr        886  enable_vad [in]  
[2022/03/29 14:47:37 654] isr        918  vad enabled!  2000  10000  
[2022/03/29 14:47:37 654] isr        921  enable_vad [out]  
[2022/03/29 14:47:37 654] isr        987  vad_set [out] | ret =  0  
[2022/03/29 14:47:37 654] isr        1182 cur_engine_type =   local  
[2022/03/29 14:47:37 654] isr        992  local_session_begin  
[2022/03/29 14:47:37 660] isr        1547 ASR_MSG_AUW,   local  
[2022/03/29 14:47:37 660] isr        1559 6400  1  
[2022/03/29 14:47:37 660] isr        1569 once_bytes:   6400  
[2022/03/29 14:47:37 660] isr        1547 ASR_MSG_AUW,   local  
[2022/03/29 14:47:37 660] isr        1559 6400  2  
[2022/03/29 14:47:37 660] isr        1547 ASR_MSG_AUW,   local  
[2022/03/29 14:47:37 660] isr        1559 6400  2  
[2022/03/29 14:47:37 660] isr        1547 ASR_MSG_AUW,   local  
[2022/03/29 14:47:37 660] isr        1559 6400  2  
[2022/03/29 14:47:37 661] isr        1547 ASR_MSG_AUW,   local  
[2022/03/29 14:47:37 661] isr        1559 6400  2  
[2022/03/29 14:47:37 661] isr        1547 ASR_MSG_AUW,   local  
[2022/03/29 14:47:37 661] isr        1559 6400  2  
[2022/03/29 14:47:37 661] isr        1547 ASR_MSG_AUW,   local  
[2022/03/29 14:47:37 662] isr        1559 6400  2  
[2022/03/29 14:47:37 662] isr        1547 ASR_MSG_AUW,   local  
[2022/03/29 14:47:37 662] isr        1559 6400  2  
[2022/03/29 14:47:37 662] isr        1547 ASR_MSG_AUW,   local  
[2022/03/29 14:47:37 663] isr        1559 6400  2  
[2022/03/29 14:47:37 664] isr        1547 ASR_MSG_AUW,   local  
[2022/03/29 14:47:37 664] isr        1559 6400  2  
[2022/03/29 14:47:37 664] isr        1547 ASR_MSG_AUW,   local  
[2022/03/29 14:47:37 664] isr        1559 6400  2  
[2022/03/29 14:47:37 665] isr        1547 ASR_MSG_AUW,   local  
[2022/03/29 14:47:37 665] isr        1559 6400  2  
[2022/03/29 14:47:37 665] isr        1547 ASR_MSG_AUW,   local  
[2022/03/29 14:47:37 665] isr        1559 6400  2  
[2022/03/29 14:47:37 666] isr        1547 ASR_MSG_AUW,   local  
[2022/03/29 14:47:37 666] isr        1559 6400  2  
[2022/03/29 14:47:37 666] isr        1547 ASR_MSG_AUW,   local  
[2022/03/29 14:47:37 667] isr        1559 6400  2  
[2022/03/29 14:47:37 667] isr        1547 ASR_MSG_AUW,   local  
[2022/03/29 14:47:37 667] isr        1559 6400  2  
[2022/03/29 14:47:37 667] isr        1547 ASR_MSG_AUW,   local  
[2022/03/29 14:47:37 667] isr        1559 6400  2  
[2022/03/29 14:47:37 669] isr        1547 ASR_MSG_AUW,   local  
[2022/03/29 14:47:37 670] isr        1559 6400  2  
[2022/03/29 14:47:37 670] isr        1547 ASR_MSG_AUW,   local  
[2022/03/29 14:47:37 670] isr        1559 6400  2  
[2022/03/29 14:47:37 671] isr        1547 ASR_MSG_AUW,   local  
[2022/03/29 14:47:37 671] isr        1559 6400  2  
[2022/03/29 14:47:37 671] isr        1547 ASR_MSG_AUW,   local  
[2022/03/29 14:47:37 671] isr        1559 0  4  
[2022/03/29 14:47:37 671] isr        1592 aud end, USER  
[2022/03/29 14:47:37 671] isr        851  [aud] speech start  
[2022/03/29 14:47:37 671] isr        798  1  msc  
[2022/03/29 14:47:37 672] isr        1636 ASR_MSG_GRSLT,   local  
[2022/03/29 14:47:37 675] isr        1307 0  nil  2  
[2022/03/29 14:47:37 700] isr        854  [aud] speech end  
[2022/03/29 14:47:37 700] isr        798  3  msc  
[2022/03/29 14:47:37 776] isr        1636 ASR_MSG_GRSLT,   local  
[2022/03/29 14:47:37 776] isr        1307 0  nil  2  
[2022/03/29 14:47:37 793] isr        723  local_cbmsg_handler  ,msg=  406  param1=  nil  
[2022/03/29 14:47:37 834] isr        723  local_cbmsg_handler  ,msg=  404  param1=  nil  
[2022/03/29 14:47:37 877] isr        1636 ASR_MSG_GRSLT,   local  
[2022/03/29 14:47:37 877] isr        1307 0  nil  2  
[2022/03/29 14:47:37 951] isr        723  local_cbmsg_handler  ,msg=  407  param1=  udata(d4275258) 
[2022/03/29 14:47:37 951] isr        641  process_result call:  local  udata(d4275258) 83  2  
[2022/03/29 14:47:37 951] isr        798  3  msc  
[2022/03/29 14:47:37 951] isr        800  already speech end  
[2022/03/29 14:47:37 953] isr        723  local_cbmsg_handler  ,msg=  408  param1=  nil  
[2022/03/29 14:47:37 953] isr        734  local session recognized end!  
[2022/03/29 14:47:37 978] isr        1636 ASR_MSG_GRSLT,   local  
[2022/03/29 14:47:37 978] isr        1307 0  udata(d4275258) 5  
[2022/03/29 14:47:38 080] isr        1639 ASR_MSG_SSE,   local  
[2022/03/29 14:47:38 080] isr        1356 session_end() [in]  
[2022/03/29 14:47:38 080] isr        1377 local_session_end() [in]  
[2022/03/29 14:47:38 080] isr        1416 ASR_LOCAL_MSG_SSE net_type  nil  
[2022/03/29 14:47:38 080] isr        1667 isr unload!  
============================================================
Time  2022/06/01 19:10:09 107 
============================================================
[2022/06/01 19:10:09 108] isr        1659 isr loaded!  
[2022/06/01 19:10:09 109] isr        1642 SYS_MSG_REGCB param0 =   msp_status_cb  param1 =   func(58131f80) 
[2022/06/01 19:10:09 110] isr        1537 ASR_MSG_SSB  
[2022/06/01 19:10:09 110] isr        1066 session_begin() [in], params:   engine_type = local, 		asr_res_path = fo|/home/wheeltec/M2_SDK/offline_mic/bin/config/msc/res/asr/common.jet, sample_rate = 16000, 		grm_build_path = /home/wheeltec/M2_SDK/offline_mic/bin/config/msc/res/asr/GrmBuilld, local_grammar = call, 		result_type = xml, result_encoding = UTF-8,   nil  
[2022/06/01 19:10:09 110] isr        927  vad_set [in]  
[2022/06/01 19:10:09 110] isr        962  vad_enable :  true  
[2022/06/01 19:10:09 110] isr        980  vad_bos :  10000  
[2022/06/01 19:10:09 110] isr        981  vad_eos :  2000  
[2022/06/01 19:10:09 110] isr        886  enable_vad [in]  
[2022/06/01 19:10:09 111] isr        918  vad enabled!  2000  10000  
[2022/06/01 19:10:09 111] isr        921  enable_vad [out]  
[2022/06/01 19:10:09 111] isr        987  vad_set [out] | ret =  0  
[2022/06/01 19:10:09 111] isr        1182 cur_engine_type =   local  
[2022/06/01 19:10:09 111] isr        992  local_session_begin  
[2022/06/01 19:10:09 114] isr        1547 ASR_MSG_AUW,   local  
[2022/06/01 19:10:09 114] isr        1559 4000  1  
[2022/06/01 19:10:09 115] isr        1569 once_bytes:   4000  
[2022/06/01 19:10:09 115] isr        1547 ASR_MSG_AUW,   local  
[2022/06/01 19:10:09 115] isr        1559 0  4  
[2022/06/01 19:10:09 115] isr        1592 aud end, USER  
[2022/06/01 19:10:09 116] isr        1636 ASR_MSG_GRSLT,   local  
[2022/06/01 19:10:09 116] isr        1307 0  nil  2  
[2022/06/01 19:10:09 118] isr        851  [aud] speech start  
[2022/06/01 19:10:09 118] isr        798  1  msc  
[2022/06/01 19:10:09 119] isr        854  [aud] speech end  
[2022/06/01 19:10:09 120] isr        798  3  msc  
[2022/06/01 19:10:09 217] isr        1636 ASR_MSG_GRSLT,   local  
[2022/06/01 19:10:09 217] isr        1307 0  nil  2  
[2022/06/01 19:10:09 298] isr        723  local_cbmsg_handler  ,msg=  406  param1=  nil  
[2022/06/01 19:10:09 318] isr        1636 ASR_MSG_GRSLT,   local  
[2022/06/01 19:10:09 318] isr        1307 0  nil  2  
[2022/06/01 19:10:09 418] isr        1636 ASR_MSG_GRSLT,   local  
[2022/06/01 19:10:09 419] isr        1307 0  nil  2  
[2022/06/01 19:10:09 463] isr        723  local_cbmsg_handler  ,msg=  407  param1=  nil  
[2022/06/01 19:10:09 464] isr        641  process_result call:  local  nil  0  2  
[2022/06/01 19:10:09 464] isr        798  3  msc  
[2022/06/01 19:10:09 464] isr        800  already speech end  
[2022/06/01 19:10:09 464] isr        723  local_cbmsg_handler  ,msg=  408  param1=  nil  
[2022/06/01 19:10:09 464] isr        734  local session recognized end!  
[2022/06/01 19:10:09 519] isr        1636 ASR_MSG_GRSLT,   local  
[2022/06/01 19:10:09 519] isr        1307 0  nil  5  
[2022/06/01 19:10:09 620] isr        1639 ASR_MSG_SSE,   local  
[2022/06/01 19:10:09 620] isr        1356 session_end() [in]  
[2022/06/01 19:10:09 620] isr        1377 local_session_end() [in]  
[2022/06/01 19:10:09 622] isr        1416 ASR_LOCAL_MSG_SSE net_type  nil  
[2022/06/01 19:10:09 622] isr        1667 isr unload!  
============================================================
Time  2022/06/01 19:10:13 990 
============================================================
[2022/06/01 19:10:13 990] isr        1659 isr loaded!  
[2022/06/01 19:10:13 990] isr        1642 SYS_MSG_REGCB param0 =   msp_status_cb  param1 =   func(4802fd60) 
[2022/06/01 19:10:13 990] isr        1537 ASR_MSG_SSB  
[2022/06/01 19:10:13 990] isr        1066 session_begin() [in], params:   engine_type = local, 		asr_res_path = fo|/home/wheeltec/M2_SDK/offline_mic/bin/config/msc/res/asr/common.jet, sample_rate = 16000, 		grm_build_path = /home/wheeltec/M2_SDK/offline_mic/bin/config/msc/res/asr/GrmBuilld, local_grammar = call, 		result_type = xml, result_encoding = UTF-8,   nil  
[2022/06/01 19:10:13 991] isr        927  vad_set [in]  
[2022/06/01 19:10:13 991] isr        962  vad_enable :  true  
[2022/06/01 19:10:13 991] isr        980  vad_bos :  10000  
[2022/06/01 19:10:13 991] isr        981  vad_eos :  2000  
[2022/06/01 19:10:13 991] isr        886  enable_vad [in]  
[2022/06/01 19:10:13 992] isr        918  vad enabled!  2000  10000  
[2022/06/01 19:10:13 992] isr        921  enable_vad [out]  
[2022/06/01 19:10:13 992] isr        987  vad_set [out] | ret =  0  
[2022/06/01 19:10:13 992] isr        1182 cur_engine_type =   local  
[2022/06/01 19:10:13 992] isr        992  local_session_begin  
[2022/06/01 19:10:13 994] isr        1547 ASR_MSG_AUW,   local  
[2022/06/01 19:10:13 995] isr        1559 6400  1  
[2022/06/01 19:10:13 995] isr        1569 once_bytes:   6400  
[2022/06/01 19:10:13 996] isr        1547 ASR_MSG_AUW,   local  
[2022/06/01 19:10:13 996] isr        1559 6400  2  
[2022/06/01 19:10:13 997] isr        1547 ASR_MSG_AUW,   local  
[2022/06/01 19:10:13 998] isr        1559 6400  2  
[2022/06/01 19:10:13 999] isr        1547 ASR_MSG_AUW,   local  
[2022/06/01 19:10:13 999] isr        1559 6400  2  
[2022/06/01 19:10:14 000] isr        1547 ASR_MSG_AUW,   local  
[2022/06/01 19:10:14 000] isr        1559 6400  2  
[2022/06/01 19:10:14 001] isr        1547 ASR_MSG_AUW,   local  
[2022/06/01 19:10:14 001] isr        1559 6400  2  
[2022/06/01 19:10:14 005] isr        1547 ASR_MSG_AUW,   local  
[2022/06/01 19:10:14 005] isr        1559 6400  2  
[2022/06/01 19:10:14 005] isr        851  [aud] speech start  
[2022/06/01 19:10:14 006] isr        798  1  msc  
[2022/06/01 19:10:14 006] isr        1547 ASR_MSG_AUW,   local  
[2022/06/01 19:10:14 006] isr        1559 6400  2  
[2022/06/01 19:10:14 007] isr        1547 ASR_MSG_AUW,   local  
[2022/06/01 19:10:14 007] isr        1559 6400  2  
[2022/06/01 19:10:14 008] isr        1547 ASR_MSG_AUW,   local  
[2022/06/01 19:10:14 008] isr        1559 6400  2  
[2022/06/01 19:10:14 010] isr        1547 ASR_MSG_AUW,   local  
[2022/06/01 19:10:14 010] isr        1559 6400  2  
[2022/06/01 19:10:14 011] isr        1547 ASR_MSG_AUW,   local  
[2022/06/01 19:10:14 011] isr        1559 6400  2  
[2022/06/01 19:10:14 012] isr        1547 ASR_MSG_AUW,   local  
[2022/06/01 19:10:14 012] isr        1559 6400  2  
[2022/06/01 19:10:14 013] isr        1547 ASR_MSG_AUW,   local  
[2022/06/01 19:10:14 013] isr        1559 8800  2  
[2022/06/01 19:10:14 014] isr        1547 ASR_MSG_AUW,   local  
[2022/06/01 19:10:14 014] isr        1559 0  4  
[2022/06/01 19:10:14 014] isr        1592 aud end, USER  
[2022/06/01 19:10:14 018] isr        1636 ASR_MSG_GRSLT,   local  
[2022/06/01 19:10:14 018] isr        1307 0  nil  2  
[2022/06/01 19:10:14 039] isr        854  [aud] speech end  
[2022/06/01 19:10:14 039] isr        798  3  msc  
[2022/06/01 19:10:14 118] isr        1636 ASR_MSG_GRSLT,   local  
[2022/06/01 19:10:14 118] isr        1307 0  nil  2  
[2022/06/01 19:10:14 144] isr        723  local_cbmsg_handler  ,msg=  406  param1=  nil  
[2022/06/01 19:10:14 219] isr        1636 ASR_MSG_GRSLT,   local  
[2022/06/01 19:10:14 219] isr        1307 0  nil  2  
[2022/06/01 19:10:14 251] isr        723  local_cbmsg_handler  ,msg=  404  param1=  nil  
[2022/06/01 19:10:14 320] isr        1636 ASR_MSG_GRSLT,   local  
[2022/06/01 19:10:14 320] isr        1307 0  nil  2  
[2022/06/01 19:10:14 421] isr        1636 ASR_MSG_GRSLT,   local  
[2022/06/01 19:10:14 421] isr        1307 0  nil  2  
[2022/06/01 19:10:14 522] isr        1636 ASR_MSG_GRSLT,   local  
[2022/06/01 19:10:14 522] isr        1307 0  nil  2  
[2022/06/01 19:10:14 622] isr        1636 ASR_MSG_GRSLT,   local  
[2022/06/01 19:10:14 623] isr        1307 0  nil  2  
[2022/06/01 19:10:14 723] isr        1636 ASR_MSG_GRSLT,   local  
[2022/06/01 19:10:14 723] isr        1307 0  nil  2  
[2022/06/01 19:10:14 822] isr        723  local_cbmsg_handler  ,msg=  407  param1=  nil  
[2022/06/01 19:10:14 822] isr        641  process_result call:  local  nil  0  2  
[2022/06/01 19:10:14 822] isr        798  3  msc  
[2022/06/01 19:10:14 822] isr        800  already speech end  
[2022/06/01 19:10:14 823] isr        723  local_cbmsg_handler  ,msg=  408  param1=  nil  
[2022/06/01 19:10:14 823] isr        734  local session recognized end!  
[2022/06/01 19:10:14 824] isr        1636 ASR_MSG_GRSLT,   local  
[2022/06/01 19:10:14 824] isr        1307 0  nil  5  
[2022/06/01 19:10:14 925] isr        1639 ASR_MSG_SSE,   local  
[2022/06/01 19:10:14 925] isr        1356 session_end() [in]  
[2022/06/01 19:10:14 925] isr        1377 local_session_end() [in]  
[2022/06/01 19:10:14 926] isr        1416 ASR_LOCAL_MSG_SSE net_type  nil  
[2022/06/01 19:10:14 927] isr        1667 isr unload!  
============================================================
Time  2022/06/01 19:10:18 929 
============================================================
[2022/06/01 19:10:18 929] isr        1659 isr loaded!  
[2022/06/01 19:10:18 929] isr        1642 SYS_MSG_REGCB param0 =   msp_status_cb  param1 =   func(64101fe0) 
[2022/06/01 19:10:18 930] isr        1537 ASR_MSG_SSB  
[2022/06/01 19:10:18 930] isr        1066 session_begin() [in], params:   engine_type = local, 		asr_res_path = fo|/home/wheeltec/M2_SDK/offline_mic/bin/config/msc/res/asr/common.jet, sample_rate = 16000, 		grm_build_path = /home/wheeltec/M2_SDK/offline_mic/bin/config/msc/res/asr/GrmBuilld, local_grammar = call, 		result_type = xml, result_encoding = UTF-8,   nil  
[2022/06/01 19:10:18 930] isr        927  vad_set [in]  
[2022/06/01 19:10:18 930] isr        962  vad_enable :  true  
[2022/06/01 19:10:18 930] isr        980  vad_bos :  10000  
[2022/06/01 19:10:18 930] isr        981  vad_eos :  2000  
[2022/06/01 19:10:18 930] isr        886  enable_vad [in]  
[2022/06/01 19:10:18 931] isr        918  vad enabled!  2000  10000  
[2022/06/01 19:10:18 931] isr        921  enable_vad [out]  
[2022/06/01 19:10:18 931] isr        987  vad_set [out] | ret =  0  
[2022/06/01 19:10:18 931] isr        1182 cur_engine_type =   local  
[2022/06/01 19:10:18 931] isr        992  local_session_begin  
[2022/06/01 19:10:18 934] isr        1547 ASR_MSG_AUW,   local  
[2022/06/01 19:10:18 934] isr        1559 6400  1  
[2022/06/01 19:10:18 934] isr        1569 once_bytes:   6400  
[2022/06/01 19:10:18 935] isr        1547 ASR_MSG_AUW,   local  
[2022/06/01 19:10:18 935] isr        1559 6400  2  
[2022/06/01 19:10:18 936] isr        1547 ASR_MSG_AUW,   local  
[2022/06/01 19:10:18 937] isr        1559 6400  2  
[2022/06/01 19:10:18 938] isr        1547 ASR_MSG_AUW,   local  
[2022/06/01 19:10:18 938] isr        1559 6400  2  
[2022/06/01 19:10:18 940] isr        1547 ASR_MSG_AUW,   local  
[2022/06/01 19:10:18 940] isr        1559 6400  2  
[2022/06/01 19:10:18 942] isr        1547 ASR_MSG_AUW,   local  
[2022/06/01 19:10:18 942] isr        1559 6400  2  
[2022/06/01 19:10:18 942] isr        1547 ASR_MSG_AUW,   local  
[2022/06/01 19:10:18 943] isr        1559 6400  2  
[2022/06/01 19:10:18 944] isr        1547 ASR_MSG_AUW,   local  
[2022/06/01 19:10:18 944] isr        1559 6400  2  
[2022/06/01 19:10:18 944] isr        851  [aud] speech start  
[2022/06/01 19:10:18 944] isr        798  1  msc  
[2022/06/01 19:10:18 946] isr        1547 ASR_MSG_AUW,   local  
[2022/06/01 19:10:18 946] isr        1559 6400  2  
[2022/06/01 19:10:18 946] isr        1547 ASR_MSG_AUW,   local  
[2022/06/01 19:10:18 947] isr        1559 6400  2  
[2022/06/01 19:10:18 948] isr        1547 ASR_MSG_AUW,   local  
[2022/06/01 19:10:18 948] isr        1559 6400  2  
[2022/06/01 19:10:18 949] isr        1547 ASR_MSG_AUW,   local  
[2022/06/01 19:10:18 949] isr        1559 9600  2  
[2022/06/01 19:10:18 949] isr        1547 ASR_MSG_AUW,   local  
[2022/06/01 19:10:18 949] isr        1559 0  4  
[2022/06/01 19:10:18 950] isr        1592 aud end, USER  
[2022/06/01 19:10:18 956] isr        1636 ASR_MSG_GRSLT,   local  
[2022/06/01 19:10:18 956] isr        1307 0  nil  2  
[2022/06/01 19:10:18 974] isr        854  [aud] speech end  
[2022/06/01 19:10:18 974] isr        798  3  msc  
[2022/06/01 19:10:19 056] isr        1636 ASR_MSG_GRSLT,   local  
[2022/06/01 19:10:19 057] isr        1307 0  nil  2  
[2022/06/01 19:10:19 079] isr        723  local_cbmsg_handler  ,msg=  406  param1=  nil  
[2022/06/01 19:10:19 157] isr        1636 ASR_MSG_GRSLT,   local  
[2022/06/01 19:10:19 157] isr        1307 0  nil  2  
[2022/06/01 19:10:19 171] isr        723  local_cbmsg_handler  ,msg=  404  param1=  nil  
[2022/06/01 19:10:19 258] isr        1636 ASR_MSG_GRSLT,   local  
[2022/06/01 19:10:19 258] isr        1307 0  nil  2  
[2022/06/01 19:10:19 359] isr        1636 ASR_MSG_GRSLT,   local  
[2022/06/01 19:10:19 359] isr        1307 0  nil  2  
[2022/06/01 19:10:19 460] isr        1636 ASR_MSG_GRSLT,   local  
[2022/06/01 19:10:19 460] isr        1307 0  nil  2  
[2022/06/01 19:10:19 561] isr        1636 ASR_MSG_GRSLT,   local  
[2022/06/01 19:10:19 561] isr        1307 0  nil  2  
[2022/06/01 19:10:19 661] isr        1636 ASR_MSG_GRSLT,   local  
[2022/06/01 19:10:19 661] isr        1307 0  nil  2  
[2022/06/01 19:10:19 762] isr        1636 ASR_MSG_GRSLT,   local  
[2022/06/01 19:10:19 762] isr        1307 0  nil  2  
[2022/06/01 19:10:19 824] isr        723  local_cbmsg_handler  ,msg=  407  param1=  nil  
[2022/06/01 19:10:19 824] isr        641  process_result call:  local  nil  0  2  
[2022/06/01 19:10:19 825] isr        798  3  msc  
[2022/06/01 19:10:19 825] isr        800  already speech end  
[2022/06/01 19:10:19 825] isr        723  local_cbmsg_handler  ,msg=  408  param1=  nil  
[2022/06/01 19:10:19 825] isr        734  local session recognized end!  
[2022/06/01 19:10:19 863] isr        1636 ASR_MSG_GRSLT,   local  
[2022/06/01 19:10:19 863] isr        1307 0  nil  5  
[2022/06/01 19:10:19 964] isr        1639 ASR_MSG_SSE,   local  
[2022/06/01 19:10:19 964] isr        1356 session_end() [in]  
[2022/06/01 19:10:19 964] isr        1377 local_session_end() [in]  
[2022/06/01 19:10:19 965] isr        1416 ASR_LOCAL_MSG_SSE net_type  nil  
[2022/06/01 19:10:19 966] isr        1667 isr unload!  
============================================================
Time  2022/06/01 19:10:23 969 
============================================================
[2022/06/01 19:10:23 969] isr        1659 isr loaded!  
[2022/06/01 19:10:23 969] isr        1642 SYS_MSG_REGCB param0 =   msp_status_cb  param1 =   func(5002f1f0) 
[2022/06/01 19:10:23 969] isr        1537 ASR_MSG_SSB  
[2022/06/01 19:10:23 969] isr        1066 session_begin() [in], params:   engine_type = local, 		asr_res_path = fo|/home/wheeltec/M2_SDK/offline_mic/bin/config/msc/res/asr/common.jet, sample_rate = 16000, 		grm_build_path = /home/wheeltec/M2_SDK/offline_mic/bin/config/msc/res/asr/GrmBuilld, local_grammar = call, 		result_type = xml, result_encoding = UTF-8,   nil  
[2022/06/01 19:10:23 970] isr        927  vad_set [in]  
[2022/06/01 19:10:23 970] isr        962  vad_enable :  true  
[2022/06/01 19:10:23 970] isr        980  vad_bos :  10000  
[2022/06/01 19:10:23 970] isr        981  vad_eos :  2000  
[2022/06/01 19:10:23 970] isr        886  enable_vad [in]  
[2022/06/01 19:10:23 971] isr        918  vad enabled!  2000  10000  
[2022/06/01 19:10:23 971] isr        921  enable_vad [out]  
[2022/06/01 19:10:23 971] isr        987  vad_set [out] | ret =  0  
[2022/06/01 19:10:23 971] isr        1182 cur_engine_type =   local  
[2022/06/01 19:10:23 971] isr        992  local_session_begin  
[2022/06/01 19:10:23 973] isr        1547 ASR_MSG_AUW,   local  
[2022/06/01 19:10:23 973] isr        1559 6400  1  
[2022/06/01 19:10:23 974] isr        1569 once_bytes:   6400  
[2022/06/01 19:10:23 975] isr        1547 ASR_MSG_AUW,   local  
[2022/06/01 19:10:23 975] isr        1559 6400  2  
[2022/06/01 19:10:23 976] isr        1547 ASR_MSG_AUW,   local  
[2022/06/01 19:10:23 976] isr        1559 6400  2  
[2022/06/01 19:10:23 978] isr        1547 ASR_MSG_AUW,   local  
[2022/06/01 19:10:23 978] isr        1559 6400  2  
[2022/06/01 19:10:23 980] isr        1547 ASR_MSG_AUW,   local  
[2022/06/01 19:10:23 980] isr        1559 6400  2  
[2022/06/01 19:10:23 981] isr        1547 ASR_MSG_AUW,   local  
[2022/06/01 19:10:23 981] isr        1559 6400  2  
[2022/06/01 19:10:23 983] isr        1547 ASR_MSG_AUW,   local  
[2022/06/01 19:10:23 983] isr        1559 6400  2  
[2022/06/01 19:10:23 984] isr        851  [aud] speech start  
[2022/06/01 19:10:23 984] isr        798  1  msc  
[2022/06/01 19:10:23 985] isr        1547 ASR_MSG_AUW,   local  
[2022/06/01 19:10:23 985] isr        1559 6400  2  
[2022/06/01 19:10:23 985] isr        1547 ASR_MSG_AUW,   local  
[2022/06/01 19:10:23 986] isr        1559 6400  2  
[2022/06/01 19:10:23 986] isr        1547 ASR_MSG_AUW,   local  
[2022/06/01 19:10:23 987] isr        1559 6400  2  
[2022/06/01 19:10:23 987] isr        1547 ASR_MSG_AUW,   local  
[2022/06/01 19:10:23 988] isr        1559 6400  2  
[2022/06/01 19:10:23 990] isr        1547 ASR_MSG_AUW,   local  
[2022/06/01 19:10:23 990] isr        1559 9600  2  
[2022/06/01 19:10:23 991] isr        1547 ASR_MSG_AUW,   local  
[2022/06/01 19:10:23 991] isr        1559 0  4  
[2022/06/01 19:10:23 991] isr        1592 aud end, USER  
[2022/06/01 19:10:23 996] isr        1636 ASR_MSG_GRSLT,   local  
[2022/06/01 19:10:23 996] isr        1307 0  nil  2  
[2022/06/01 19:10:24 008] isr        854  [aud] speech end  
[2022/06/01 19:10:24 009] isr        798  3  msc  
[2022/06/01 19:10:24 097] isr        1636 ASR_MSG_GRSLT,   local  
[2022/06/01 19:10:24 097] isr        1307 0  nil  2  
[2022/06/01 19:10:24 120] isr        723  local_cbmsg_handler  ,msg=  406  param1=  nil  
[2022/06/01 19:10:24 198] isr        1636 ASR_MSG_GRSLT,   local  
[2022/06/01 19:10:24 198] isr        1307 0  nil  2  
[2022/06/01 19:10:24 299] isr        1636 ASR_MSG_GRSLT,   local  
[2022/06/01 19:10:24 299] isr        1307 0  nil  2  
[2022/06/01 19:10:24 399] isr        1636 ASR_MSG_GRSLT,   local  
[2022/06/01 19:10:24 400] isr        1307 0  nil  2  
[2022/06/01 19:10:24 500] isr        1636 ASR_MSG_GRSLT,   local  
[2022/06/01 19:10:24 500] isr        1307 0  nil  2  
[2022/06/01 19:10:24 601] isr        1636 ASR_MSG_GRSLT,   local  
[2022/06/01 19:10:24 601] isr        1307 0  nil  2  
[2022/06/01 19:10:24 702] isr        1636 ASR_MSG_GRSLT,   local  
[2022/06/01 19:10:24 702] isr        1307 0  nil  2  
[2022/06/01 19:10:24 794] isr        723  local_cbmsg_handler  ,msg=  407  param1=  nil  
[2022/06/01 19:10:24 794] isr        641  process_result call:  local  nil  0  2  
[2022/06/01 19:10:24 794] isr        798  3  msc  
[2022/06/01 19:10:24 794] isr        800  already speech end  
[2022/06/01 19:10:24 794] isr        723  local_cbmsg_handler  ,msg=  408  param1=  nil  
[2022/06/01 19:10:24 794] isr        734  local session recognized end!  
[2022/06/01 19:10:24 803] isr        1636 ASR_MSG_GRSLT,   local  
[2022/06/01 19:10:24 803] isr        1307 0  nil  5  
[2022/06/01 19:10:24 903] isr        1639 ASR_MSG_SSE,   local  
[2022/06/01 19:10:24 903] isr        1356 session_end() [in]  
[2022/06/01 19:10:24 904] isr        1377 local_session_end() [in]  
[2022/06/01 19:10:24 905] isr        1416 ASR_LOCAL_MSG_SSE net_type  nil  
[2022/06/01 19:10:24 906] isr        1667 isr unload!  
============================================================
Time  2022/06/01 19:10:28 909 
============================================================
[2022/06/01 19:10:28 909] isr        1659 isr loaded!  
[2022/06/01 19:10:28 909] isr        1642 SYS_MSG_REGCB param0 =   msp_status_cb  param1 =   func(48031370) 
[2022/06/01 19:10:28 909] isr        1537 ASR_MSG_SSB  
[2022/06/01 19:10:28 909] isr        1066 session_begin() [in], params:   engine_type = local, 		asr_res_path = fo|/home/wheeltec/M2_SDK/offline_mic/bin/config/msc/res/asr/common.jet, sample_rate = 16000, 		grm_build_path = /home/wheeltec/M2_SDK/offline_mic/bin/config/msc/res/asr/GrmBuilld, local_grammar = call, 		result_type = xml, result_encoding = UTF-8,   nil  
[2022/06/01 19:10:28 909] isr        927  vad_set [in]  
[2022/06/01 19:10:28 910] isr        962  vad_enable :  true  
[2022/06/01 19:10:28 910] isr        980  vad_bos :  10000  
[2022/06/01 19:10:28 910] isr        981  vad_eos :  2000  
[2022/06/01 19:10:28 910] isr        886  enable_vad [in]  
[2022/06/01 19:10:28 910] isr        918  vad enabled!  2000  10000  
[2022/06/01 19:10:28 910] isr        921  enable_vad [out]  
[2022/06/01 19:10:28 911] isr        987  vad_set [out] | ret =  0  
[2022/06/01 19:10:28 911] isr        1182 cur_engine_type =   local  
[2022/06/01 19:10:28 911] isr        992  local_session_begin  
[2022/06/01 19:10:28 913] isr        1547 ASR_MSG_AUW,   local  
[2022/06/01 19:10:28 913] isr        1559 6400  1  
[2022/06/01 19:10:28 914] isr        1569 once_bytes:   6400  
[2022/06/01 19:10:28 915] isr        1547 ASR_MSG_AUW,   local  
[2022/06/01 19:10:28 915] isr        1559 6400  2  
[2022/06/01 19:10:28 916] isr        1547 ASR_MSG_AUW,   local  
[2022/06/01 19:10:28 916] isr        1559 6400  2  
[2022/06/01 19:10:28 917] isr        1547 ASR_MSG_AUW,   local  
[2022/06/01 19:10:28 917] isr        1559 6400  2  
[2022/06/01 19:10:28 918] isr        1547 ASR_MSG_AUW,   local  
[2022/06/01 19:10:28 919] isr        1559 6400  2  
[2022/06/01 19:10:28 920] isr        1547 ASR_MSG_AUW,   local  
[2022/06/01 19:10:28 920] isr        1559 6400  2  
[2022/06/01 19:10:28 922] isr        1547 ASR_MSG_AUW,   local  
[2022/06/01 19:10:28 923] isr        1559 6400  2  
[2022/06/01 19:10:28 923] isr        851  [aud] speech start  
[2022/06/01 19:10:28 923] isr        798  1  msc  
[2022/06/01 19:10:28 924] isr        1547 ASR_MSG_AUW,   local  
[2022/06/01 19:10:28 924] isr        1559 6400  2  
[2022/06/01 19:10:28 925] isr        1547 ASR_MSG_AUW,   local  
[2022/06/01 19:10:28 925] isr        1559 6400  2  
[2022/06/01 19:10:28 925] isr        1547 ASR_MSG_AUW,   local  
[2022/06/01 19:10:28 925] isr        1559 6400  2  
[2022/06/01 19:10:28 926] isr        1547 ASR_MSG_AUW,   local  
[2022/06/01 19:10:28 926] isr        1559 6400  2  
[2022/06/01 19:10:28 929] isr        1547 ASR_MSG_AUW,   local  
[2022/06/01 19:10:28 929] isr        1559 9600  2  
[2022/06/01 19:10:28 929] isr        1547 ASR_MSG_AUW,   local  
[2022/06/01 19:10:28 929] isr        1559 0  4  
[2022/06/01 19:10:28 930] isr        1592 aud end, USER  
[2022/06/01 19:10:28 932] isr        1636 ASR_MSG_GRSLT,   local  
[2022/06/01 19:10:28 932] isr        1307 0  nil  2  
[2022/06/01 19:10:28 951] isr        854  [aud] speech end  
[2022/06/01 19:10:28 951] isr        798  3  msc  
[2022/06/01 19:10:29 033] isr        1636 ASR_MSG_GRSLT,   local  
[2022/06/01 19:10:29 033] isr        1307 0  nil  2  
[2022/06/01 19:10:29 057] isr        723  local_cbmsg_handler  ,msg=  406  param1=  nil  
[2022/06/01 19:10:29 133] isr        1636 ASR_MSG_GRSLT,   local  
[2022/06/01 19:10:29 133] isr        1307 0  nil  2  
[2022/06/01 19:10:29 234] isr        1636 ASR_MSG_GRSLT,   local  
[2022/06/01 19:10:29 234] isr        1307 0  nil  2  
[2022/06/01 19:10:29 335] isr        1636 ASR_MSG_GRSLT,   local  
[2022/06/01 19:10:29 335] isr        1307 0  nil  2  
============================================================
Time  2022/06/01 19:11:28 428 
============================================================
[2022/06/01 19:11:28 428] isr        1659 isr loaded!  
[2022/06/01 19:11:28 428] isr        1642 SYS_MSG_REGCB param0 =   msp_status_cb  param1 =   func(70131f80) 
[2022/06/01 19:11:28 428] isr        1537 ASR_MSG_SSB  
[2022/06/01 19:11:28 428] isr        1066 session_begin() [in], params:   engine_type = local, 		asr_res_path = fo|/home/wheeltec/M2_SDK/offline_mic/bin/config/msc/res/asr/common.jet, sample_rate = 16000, 		grm_build_path = /home/wheeltec/M2_SDK/offline_mic/bin/config/msc/res/asr/GrmBuilld, local_grammar = call, 		result_type = xml, result_encoding = UTF-8,   nil  
[2022/06/01 19:11:28 429] isr        927  vad_set [in]  
[2022/06/01 19:11:28 429] isr        962  vad_enable :  true  
[2022/06/01 19:11:28 429] isr        980  vad_bos :  10000  
[2022/06/01 19:11:28 429] isr        981  vad_eos :  2000  
[2022/06/01 19:11:28 429] isr        886  enable_vad [in]  
[2022/06/01 19:11:28 430] isr        918  vad enabled!  2000  10000  
[2022/06/01 19:11:28 430] isr        921  enable_vad [out]  
[2022/06/01 19:11:28 430] isr        987  vad_set [out] | ret =  0  
[2022/06/01 19:11:28 430] isr        1182 cur_engine_type =   local  
[2022/06/01 19:11:28 430] isr        992  local_session_begin  
[2022/06/01 19:11:28 432] isr        1547 ASR_MSG_AUW,   local  
[2022/06/01 19:11:28 433] isr        1559 6400  1  
[2022/06/01 19:11:28 433] isr        1569 once_bytes:   6400  
[2022/06/01 19:11:28 434] isr        1547 ASR_MSG_AUW,   local  
[2022/06/01 19:11:28 434] isr        1559 6400  2  
[2022/06/01 19:11:28 436] isr        1547 ASR_MSG_AUW,   local  
[2022/06/01 19:11:28 436] isr        1559 6400  2  
[2022/06/01 19:11:28 437] isr        1547 ASR_MSG_AUW,   local  
[2022/06/01 19:11:28 437] isr        1559 6400  2  
[2022/06/01 19:11:28 438] isr        1547 ASR_MSG_AUW,   local  
[2022/06/01 19:11:28 439] isr        1559 6400  2  
[2022/06/01 19:11:28 440] isr        1547 ASR_MSG_AUW,   local  
[2022/06/01 19:11:28 440] isr        1559 6400  2  
[2022/06/01 19:11:28 441] isr        1547 ASR_MSG_AUW,   local  
[2022/06/01 19:11:28 441] isr        1559 6400  2  
[2022/06/01 19:11:28 444] isr        851  [aud] speech start  
[2022/06/01 19:11:28 444] isr        798  1  msc  
[2022/06/01 19:11:28 444] isr        1547 ASR_MSG_AUW,   local  
[2022/06/01 19:11:28 444] isr        1559 6400  2  
[2022/06/01 19:11:28 445] isr        1547 ASR_MSG_AUW,   local  
[2022/06/01 19:11:28 445] isr        1559 6400  2  
[2022/06/01 19:11:28 446] isr        1547 ASR_MSG_AUW,   local  
[2022/06/01 19:11:28 446] isr        1559 6400  2  
[2022/06/01 19:11:28 447] isr        1547 ASR_MSG_AUW,   local  
[2022/06/01 19:11:28 447] isr        1559 6400  2  
[2022/06/01 19:11:28 447] isr        1547 ASR_MSG_AUW,   local  
[2022/06/01 19:11:28 447] isr        1559 6400  2  
[2022/06/01 19:11:28 450] isr        1547 ASR_MSG_AUW,   local  
[2022/06/01 19:11:28 450] isr        1559 6400  2  
[2022/06/01 19:11:28 451] isr        1547 ASR_MSG_AUW,   local  
[2022/06/01 19:11:28 451] isr        1559 6400  2  
[2022/06/01 19:11:28 451] isr        1547 ASR_MSG_AUW,   local  
[2022/06/01 19:11:28 451] isr        1559 6400  2  
[2022/06/01 19:11:28 452] isr        1547 ASR_MSG_AUW,   local  
[2022/06/01 19:11:28 452] isr        1559 0  4  
[2022/06/01 19:11:28 453] isr        1592 aud end, USER  
[2022/06/01 19:11:28 456] isr        1636 ASR_MSG_GRSLT,   local  
[2022/06/01 19:11:28 456] isr        1307 0  nil  2  
[2022/06/01 19:11:28 479] isr        854  [aud] speech end  
[2022/06/01 19:11:28 479] isr        798  3  msc  
[2022/06/01 19:11:28 557] isr        1636 ASR_MSG_GRSLT,   local  
[2022/06/01 19:11:28 557] isr        1307 0  nil  2  
[2022/06/01 19:11:28 586] isr        723  local_cbmsg_handler  ,msg=  406  param1=  nil  
[2022/06/01 19:11:28 658] isr        1636 ASR_MSG_GRSLT,   local  
[2022/06/01 19:11:28 658] isr        1307 0  nil  2  
[2022/06/01 19:11:28 702] isr        723  local_cbmsg_handler  ,msg=  404  param1=  nil  
[2022/06/01 19:11:28 759] isr        1636 ASR_MSG_GRSLT,   local  
[2022/06/01 19:11:28 759] isr        1307 0  nil  2  
[2022/06/01 19:11:28 860] isr        1636 ASR_MSG_GRSLT,   local  
[2022/06/01 19:11:28 860] isr        1307 0  nil  2  
[2022/06/01 19:11:28 960] isr        1636 ASR_MSG_GRSLT,   local  
[2022/06/01 19:11:28 960] isr        1307 0  nil  2  
[2022/06/01 19:11:29 061] isr        1636 ASR_MSG_GRSLT,   local  
[2022/06/01 19:11:29 061] isr        1307 0  nil  2  
[2022/06/01 19:11:29 162] isr        1636 ASR_MSG_GRSLT,   local  
[2022/06/01 19:11:29 162] isr        1307 0  nil  2  
[2022/06/01 19:11:29 193] isr        723  local_cbmsg_handler  ,msg=  407  param1=  udata(70277738) 
[2022/06/01 19:11:29 193] isr        641  process_result call:  local  udata(70277738) 76  2  
[2022/06/01 19:11:29 193] isr        798  3  msc  
[2022/06/01 19:11:29 193] isr        800  already speech end  
[2022/06/01 19:11:29 194] isr        723  local_cbmsg_handler  ,msg=  408  param1=  nil  
[2022/06/01 19:11:29 194] isr        734  local session recognized end!  
[2022/06/01 19:11:29 263] isr        1636 ASR_MSG_GRSLT,   local  
[2022/06/01 19:11:29 263] isr        1307 0  udata(70277738) 5  
[2022/06/01 19:11:29 363] isr        1639 ASR_MSG_SSE,   local  
[2022/06/01 19:11:29 364] isr        1356 session_end() [in]  
[2022/06/01 19:11:29 364] isr        1377 local_session_end() [in]  
[2022/06/01 19:11:29 365] isr        1416 ASR_LOCAL_MSG_SSE net_type  nil  
[2022/06/01 19:11:29 366] isr        1667 isr unload!  
============================================================
Time  2022/06/01 19:11:36 365 
============================================================
[2022/06/01 19:11:36 365] isr        1659 isr loaded!  
[2022/06/01 19:11:36 366] isr        1642 SYS_MSG_REGCB param0 =   msp_status_cb  param1 =   func(5c02fcf0) 
[2022/06/01 19:11:36 366] isr        1537 ASR_MSG_SSB  
[2022/06/01 19:11:36 366] isr        1066 session_begin() [in], params:   engine_type = local, 		asr_res_path = fo|/home/wheeltec/M2_SDK/offline_mic/bin/config/msc/res/asr/common.jet, sample_rate = 16000, 		grm_build_path = /home/wheeltec/M2_SDK/offline_mic/bin/config/msc/res/asr/GrmBuilld, local_grammar = call, 		result_type = xml, result_encoding = UTF-8,   nil  
[2022/06/01 19:11:36 366] isr        927  vad_set [in]  
[2022/06/01 19:11:36 366] isr        962  vad_enable :  true  
[2022/06/01 19:11:36 366] isr        980  vad_bos :  10000  
[2022/06/01 19:11:36 366] isr        981  vad_eos :  2000  
[2022/06/01 19:11:36 367] isr        886  enable_vad [in]  
[2022/06/01 19:11:36 367] isr        918  vad enabled!  2000  10000  
[2022/06/01 19:11:36 367] isr        921  enable_vad [out]  
[2022/06/01 19:11:36 367] isr        987  vad_set [out] | ret =  0  
[2022/06/01 19:11:36 367] isr        1182 cur_engine_type =   local  
[2022/06/01 19:11:36 368] isr        992  local_session_begin  
[2022/06/01 19:11:36 370] isr        1547 ASR_MSG_AUW,   local  
[2022/06/01 19:11:36 370] isr        1559 6400  1  
[2022/06/01 19:11:36 370] isr        1569 once_bytes:   6400  
[2022/06/01 19:11:36 372] isr        1547 ASR_MSG_AUW,   local  
[2022/06/01 19:11:36 372] isr        1559 6400  2  
[2022/06/01 19:11:36 373] isr        1547 ASR_MSG_AUW,   local  
[2022/06/01 19:11:36 374] isr        1559 6400  2  
[2022/06/01 19:11:36 375] isr        1547 ASR_MSG_AUW,   local  
[2022/06/01 19:11:36 375] isr        1559 6400  2  
[2022/06/01 19:11:36 376] isr        1547 ASR_MSG_AUW,   local  
[2022/06/01 19:11:36 377] isr        1559 6400  2  
[2022/06/01 19:11:36 378] isr        1547 ASR_MSG_AUW,   local  
[2022/06/01 19:11:36 378] isr        1559 6400  2  
[2022/06/01 19:11:36 379] isr        1547 ASR_MSG_AUW,   local  
[2022/06/01 19:11:36 379] isr        1559 6400  2  
[2022/06/01 19:11:36 382] isr        1547 ASR_MSG_AUW,   local  
[2022/06/01 19:11:36 382] isr        1559 6400  2  
[2022/06/01 19:11:36 383] isr        1547 ASR_MSG_AUW,   local  
[2022/06/01 19:11:36 384] isr        1559 6400  2  
[2022/06/01 19:11:36 385] isr        851  [aud] speech start  
[2022/06/01 19:11:36 385] isr        798  1  msc  
[2022/06/01 19:11:36 388] isr        1547 ASR_MSG_AUW,   local  
[2022/06/01 19:11:36 388] isr        1559 6400  2  
[2022/06/01 19:11:36 389] isr        1547 ASR_MSG_AUW,   local  
[2022/06/01 19:11:36 389] isr        1559 6400  2  
[2022/06/01 19:11:36 390] isr        1547 ASR_MSG_AUW,   local  
[2022/06/01 19:11:36 390] isr        1559 6400  2  
[2022/06/01 19:11:36 391] isr        1547 ASR_MSG_AUW,   local  
[2022/06/01 19:11:36 391] isr        1559 6400  2  
[2022/06/01 19:11:36 392] isr        1547 ASR_MSG_AUW,   local  
[2022/06/01 19:11:36 392] isr        1559 6400  2  
[2022/06/01 19:11:36 394] isr        1547 ASR_MSG_AUW,   local  
[2022/06/01 19:11:36 394] isr        1559 6400  2  
[2022/06/01 19:11:36 395] isr        1547 ASR_MSG_AUW,   local  
[2022/06/01 19:11:36 395] isr        1559 6400  2  
[2022/06/01 19:11:36 395] isr        1547 ASR_MSG_AUW,   local  
[2022/06/01 19:11:36 395] isr        1559 6400  2  
[2022/06/01 19:11:36 396] isr        1547 ASR_MSG_AUW,   local  
[2022/06/01 19:11:36 396] isr        1559 6400  2  
[2022/06/01 19:11:36 396] isr        1547 ASR_MSG_AUW,   local  
[2022/06/01 19:11:36 397] isr        1559 6400  2  
[2022/06/01 19:11:36 397] isr        1547 ASR_MSG_AUW,   local  
[2022/06/01 19:11:36 397] isr        1559 6400  2  
[2022/06/01 19:11:36 398] isr        1547 ASR_MSG_AUW,   local  
[2022/06/01 19:11:36 398] isr        1559 6400  2  
[2022/06/01 19:11:36 400] isr        1547 ASR_MSG_AUW,   local  
[2022/06/01 19:11:36 400] isr        1559 6400  2  
[2022/06/01 19:11:36 401] isr        1547 ASR_MSG_AUW,   local  
[2022/06/01 19:11:36 401] isr        1559 6400  2  
[2022/06/01 19:11:36 401] isr        1547 ASR_MSG_AUW,   local  
[2022/06/01 19:11:36 401] isr        1559 6400  2  
[2022/06/01 19:11:36 402] isr        1547 ASR_MSG_AUW,   local  
[2022/06/01 19:11:36 402] isr        1559 6400  2  
[2022/06/01 19:11:36 403] isr        1547 ASR_MSG_AUW,   local  
[2022/06/01 19:11:36 403] isr        1559 6400  2  
[2022/06/01 19:11:36 405] isr        1547 ASR_MSG_AUW,   local  
[2022/06/01 19:11:36 405] isr        1559 9600  2  
[2022/06/01 19:11:36 405] isr        1547 ASR_MSG_AUW,   local  
[2022/06/01 19:11:36 405] isr        1559 0  4  
[2022/06/01 19:11:36 405] isr        1592 aud end, USER  
[2022/06/01 19:11:36 410] isr        1636 ASR_MSG_GRSLT,   local  
[2022/06/01 19:11:36 410] isr        1307 0  nil  2  
[2022/06/01 19:11:36 453] isr        854  [aud] speech end  
[2022/06/01 19:11:36 453] isr        798  3  msc  
[2022/06/01 19:11:36 511] isr        1636 ASR_MSG_GRSLT,   local  
[2022/06/01 19:11:36 511] isr        1307 0  nil  2  
[2022/06/01 19:11:36 528] isr        723  local_cbmsg_handler  ,msg=  406  param1=  nil  
[2022/06/01 19:11:36 612] isr        1636 ASR_MSG_GRSLT,   local  
[2022/06/01 19:11:36 612] isr        1307 0  nil  2  
[2022/06/01 19:11:36 643] isr        723  local_cbmsg_handler  ,msg=  404  param1=  nil  
[2022/06/01 19:11:36 701] isr        723  local_cbmsg_handler  ,msg=  405  param1=  nil  
[2022/06/01 19:11:36 701] isr        729  local speech end  
[2022/06/01 19:11:36 701] isr        798  3  local  
[2022/06/01 19:11:36 701] isr        800  already speech end  
[2022/06/01 19:11:36 713] isr        1636 ASR_MSG_GRSLT,   local  
[2022/06/01 19:11:36 713] isr        1307 0  nil  2  
[2022/06/01 19:11:36 814] isr        1636 ASR_MSG_GRSLT,   local  
[2022/06/01 19:11:36 814] isr        1307 0  nil  2  
[2022/06/01 19:11:36 914] isr        1636 ASR_MSG_GRSLT,   local  
[2022/06/01 19:11:36 915] isr        1307 0  nil  2  
[2022/06/01 19:11:37 015] isr        1636 ASR_MSG_GRSLT,   local  
[2022/06/01 19:11:37 015] isr        1307 0  nil  2  
[2022/06/01 19:11:37 116] isr        1636 ASR_MSG_GRSLT,   local  
[2022/06/01 19:11:37 116] isr        1307 0  nil  2  
[2022/06/01 19:11:37 216] isr        723  local_cbmsg_handler  ,msg=  407  param1=  udata(5c036f28) 
[2022/06/01 19:11:37 216] isr        641  process_result call:  local  udata(5c036f28) 88  2  
[2022/06/01 19:11:37 216] isr        798  3  msc  
[2022/06/01 19:11:37 216] isr        800  already speech end  
[2022/06/01 19:11:37 216] isr        723  local_cbmsg_handler  ,msg=  408  param1=  nil  
[2022/06/01 19:11:37 217] isr        734  local session recognized end!  
[2022/06/01 19:11:37 217] isr        1636 ASR_MSG_GRSLT,   local  
[2022/06/01 19:11:37 217] isr        1307 0  udata(5c036f28) 5  
[2022/06/01 19:11:37 318] isr        1639 ASR_MSG_SSE,   local  
[2022/06/01 19:11:37 318] isr        1356 session_end() [in]  
[2022/06/01 19:11:37 318] isr        1377 local_session_end() [in]  
[2022/06/01 19:11:37 319] isr        1416 ASR_LOCAL_MSG_SSE net_type  nil  
[2022/06/01 19:11:37 320] isr        1667 isr unload!  
============================================================
Time  2022/06/01 19:11:44 449 
============================================================
[2022/06/01 19:11:44 449] isr        1659 isr loaded!  
[2022/06/01 19:11:44 449] isr        1642 SYS_MSG_REGCB param0 =   msp_status_cb  param1 =   func(7402fc40) 
[2022/06/01 19:11:44 450] isr        1537 ASR_MSG_SSB  
[2022/06/01 19:11:44 450] isr        1066 session_begin() [in], params:   engine_type = local, 		asr_res_path = fo|/home/wheeltec/M2_SDK/offline_mic/bin/config/msc/res/asr/common.jet, sample_rate = 16000, 		grm_build_path = /home/wheeltec/M2_SDK/offline_mic/bin/config/msc/res/asr/GrmBuilld, local_grammar = call, 		result_type = xml, result_encoding = UTF-8,   nil  
[2022/06/01 19:11:44 450] isr        927  vad_set [in]  
[2022/06/01 19:11:44 450] isr        962  vad_enable :  true  
[2022/06/01 19:11:44 450] isr        980  vad_bos :  10000  
[2022/06/01 19:11:44 450] isr        981  vad_eos :  2000  
[2022/06/01 19:11:44 450] isr        886  enable_vad [in]  
[2022/06/01 19:11:44 451] isr        918  vad enabled!  2000  10000  
[2022/06/01 19:11:44 451] isr        921  enable_vad [out]  
[2022/06/01 19:11:44 451] isr        987  vad_set [out] | ret =  0  
[2022/06/01 19:11:44 451] isr        1182 cur_engine_type =   local  
[2022/06/01 19:11:44 451] isr        992  local_session_begin  
[2022/06/01 19:11:44 454] isr        1547 ASR_MSG_AUW,   local  
[2022/06/01 19:11:44 454] isr        1559 6400  1  
[2022/06/01 19:11:44 454] isr        1569 once_bytes:   6400  
[2022/06/01 19:11:44 455] isr        1547 ASR_MSG_AUW,   local  
[2022/06/01 19:11:44 455] isr        1559 6400  2  
[2022/06/01 19:11:44 457] isr        1547 ASR_MSG_AUW,   local  
[2022/06/01 19:11:44 458] isr        1559 6400  2  
[2022/06/01 19:11:44 459] isr        1547 ASR_MSG_AUW,   local  
[2022/06/01 19:11:44 459] isr        1559 6400  2  
[2022/06/01 19:11:44 461] isr        1547 ASR_MSG_AUW,   local  
[2022/06/01 19:11:44 461] isr        1559 6400  2  
[2022/06/01 19:11:44 463] isr        1547 ASR_MSG_AUW,   local  
[2022/06/01 19:11:44 463] isr        1559 6400  2  
[2022/06/01 19:11:44 465] isr        1547 ASR_MSG_AUW,   local  
[2022/06/01 19:11:44 465] isr        1559 6400  2  
[2022/06/01 19:11:44 471] isr        1547 ASR_MSG_AUW,   local  
[2022/06/01 19:11:44 471] isr        1559 6400  2  
[2022/06/01 19:11:44 472] isr        851  [aud] speech start  
[2022/06/01 19:11:44 472] isr        798  1  msc  
[2022/06/01 19:11:44 473] isr        1547 ASR_MSG_AUW,   local  
[2022/06/01 19:11:44 473] isr        1559 6400  2  
[2022/06/01 19:11:44 474] isr        1547 ASR_MSG_AUW,   local  
[2022/06/01 19:11:44 474] isr        1559 6400  2  
[2022/06/01 19:11:44 475] isr        1547 ASR_MSG_AUW,   local  
[2022/06/01 19:11:44 475] isr        1559 6400  2  
[2022/06/01 19:11:44 476] isr        1547 ASR_MSG_AUW,   local  
[2022/06/01 19:11:44 476] isr        1559 6400  2  
[2022/06/01 19:11:44 477] isr        1547 ASR_MSG_AUW,   local  
[2022/06/01 19:11:44 477] isr        1559 6400  2  
[2022/06/01 19:11:44 478] isr        1547 ASR_MSG_AUW,   local  
[2022/06/01 19:11:44 478] isr        1559 6400  2  
[2022/06/01 19:11:44 479] isr        1547 ASR_MSG_AUW,   local  
[2022/06/01 19:11:44 479] isr        1559 6400  2  
[2022/06/01 19:11:44 479] isr        1547 ASR_MSG_AUW,   local  
[2022/06/01 19:11:44 480] isr        1559 6400  2  
[2022/06/01 19:11:44 480] isr        1547 ASR_MSG_AUW,   local  
[2022/06/01 19:11:44 481] isr        1559 6400  2  
[2022/06/01 19:11:44 481] isr        1547 ASR_MSG_AUW,   local  
[2022/06/01 19:11:44 481] isr        1559 6400  2  
[2022/06/01 19:11:44 482] isr        1547 ASR_MSG_AUW,   local  
[2022/06/01 19:11:44 482] isr        1559 6400  2  
[2022/06/01 19:11:44 483] isr        1547 ASR_MSG_AUW,   local  
[2022/06/01 19:11:44 483] isr        1559 6400  2  
[2022/06/01 19:11:44 483] isr        1547 ASR_MSG_AUW,   local  
[2022/06/01 19:11:44 484] isr        1559 6400  2  
[2022/06/01 19:11:44 486] isr        1547 ASR_MSG_AUW,   local  
[2022/06/01 19:11:44 486] isr        1559 6400  2  
[2022/06/01 19:11:44 487] isr        1547 ASR_MSG_AUW,   local  
[2022/06/01 19:11:44 487] isr        1559 6400  2  
[2022/06/01 19:11:44 487] isr        1547 ASR_MSG_AUW,   local  
[2022/06/01 19:11:44 487] isr        1559 6400  2  
[2022/06/01 19:11:44 488] isr        1547 ASR_MSG_AUW,   local  
[2022/06/01 19:11:44 488] isr        1559 6400  2  
[2022/06/01 19:11:44 489] isr        1547 ASR_MSG_AUW,   local  
[2022/06/01 19:11:44 489] isr        1559 6400  2  
[2022/06/01 19:11:44 491] isr        1547 ASR_MSG_AUW,   local  
[2022/06/01 19:11:44 491] isr        1559 6400  2  
[2022/06/01 19:11:44 492] isr        1547 ASR_MSG_AUW,   local  
[2022/06/01 19:11:44 492] isr        1559 7200  2  
[2022/06/01 19:11:44 492] isr        1547 ASR_MSG_AUW,   local  
[2022/06/01 19:11:44 493] isr        1559 0  4  
[2022/06/01 19:11:44 493] isr        1592 aud end, USER  
[2022/06/01 19:11:44 500] isr        1636 ASR_MSG_GRSLT,   local  
[2022/06/01 19:11:44 500] isr        1307 0  nil  2  
[2022/06/01 19:11:44 533] isr        854  [aud] speech end  
[2022/06/01 19:11:44 533] isr        798  3  msc  
[2022/06/01 19:11:44 601] isr        1636 ASR_MSG_GRSLT,   local  
[2022/06/01 19:11:44 601] isr        1307 0  nil  2  
[2022/06/01 19:11:44 608] isr        723  local_cbmsg_handler  ,msg=  406  param1=  nil  
[2022/06/01 19:11:44 702] isr        1636 ASR_MSG_GRSLT,   local  
[2022/06/01 19:11:44 702] isr        1307 0  nil  2  
[2022/06/01 19:11:44 732] isr        723  local_cbmsg_handler  ,msg=  404  param1=  nil  
[2022/06/01 19:11:44 790] isr        723  local_cbmsg_handler  ,msg=  405  param1=  nil  
[2022/06/01 19:11:44 790] isr        729  local speech end  
[2022/06/01 19:11:44 790] isr        798  3  local  
[2022/06/01 19:11:44 790] isr        800  already speech end  
[2022/06/01 19:11:44 802] isr        1636 ASR_MSG_GRSLT,   local  
[2022/06/01 19:11:44 803] isr        1307 0  nil  2  
[2022/06/01 19:11:44 903] isr        1636 ASR_MSG_GRSLT,   local  
[2022/06/01 19:11:44 903] isr        1307 0  nil  2  
[2022/06/01 19:11:45 004] isr        1636 ASR_MSG_GRSLT,   local  
[2022/06/01 19:11:45 004] isr        1307 0  nil  2  
[2022/06/01 19:11:45 105] isr        1636 ASR_MSG_GRSLT,   local  
[2022/06/01 19:11:45 105] isr        1307 0  nil  2  
[2022/06/01 19:11:45 206] isr        1636 ASR_MSG_GRSLT,   local  
[2022/06/01 19:11:45 206] isr        1307 0  nil  2  
[2022/06/01 19:11:45 300] isr        723  local_cbmsg_handler  ,msg=  407  param1=  udata(7427d388) 
[2022/06/01 19:11:45 300] isr        641  process_result call:  local  udata(7427d388) 63  2  
[2022/06/01 19:11:45 301] isr        798  3  msc  
[2022/06/01 19:11:45 301] isr        800  already speech end  
[2022/06/01 19:11:45 301] isr        723  local_cbmsg_handler  ,msg=  408  param1=  nil  
[2022/06/01 19:11:45 301] isr        734  local session recognized end!  
[2022/06/01 19:11:45 306] isr        1636 ASR_MSG_GRSLT,   local  
[2022/06/01 19:11:45 306] isr        1307 0  udata(7427d388) 5  
[2022/06/01 19:11:45 407] isr        1639 ASR_MSG_SSE,   local  
[2022/06/01 19:11:45 407] isr        1356 session_end() [in]  
[2022/06/01 19:11:45 407] isr        1377 local_session_end() [in]  
[2022/06/01 19:11:45 409] isr        1416 ASR_LOCAL_MSG_SSE net_type  nil  
[2022/06/01 19:11:45 410] isr        1667 isr unload!  
============================================================
Time  2022/06/01 19:12:48 195 
============================================================
[2022/06/01 19:12:48 195] isr        1659 isr loaded!  
[2022/06/01 19:12:48 196] isr        1642 SYS_MSG_REGCB param0 =   msp_status_cb  param1 =   func(84131b70) 
[2022/06/01 19:12:48 196] isr        1537 ASR_MSG_SSB  
[2022/06/01 19:12:48 196] isr        1066 session_begin() [in], params:   engine_type = local, 		asr_res_path = fo|/home/wheeltec/M2_SDK/offline_mic/bin/config/msc/res/asr/common.jet, sample_rate = 16000, 		grm_build_path = /home/wheeltec/M2_SDK/offline_mic/bin/config/msc/res/asr/GrmBuilld, local_grammar = call, 		result_type = xml, result_encoding = UTF-8,   nil  
[2022/06/01 19:12:48 196] isr        927  vad_set [in]  
[2022/06/01 19:12:48 196] isr        962  vad_enable :  true  
[2022/06/01 19:12:48 196] isr        980  vad_bos :  10000  
[2022/06/01 19:12:48 196] isr        981  vad_eos :  2000  
[2022/06/01 19:12:48 197] isr        886  enable_vad [in]  
[2022/06/01 19:12:48 197] isr        918  vad enabled!  2000  10000  
[2022/06/01 19:12:48 197] isr        921  enable_vad [out]  
[2022/06/01 19:12:48 197] isr        987  vad_set [out] | ret =  0  
[2022/06/01 19:12:48 198] isr        1182 cur_engine_type =   local  
[2022/06/01 19:12:48 198] isr        992  local_session_begin  
[2022/06/01 19:12:48 200] isr        1547 ASR_MSG_AUW,   local  
[2022/06/01 19:12:48 200] isr        1559 6400  1  
[2022/06/01 19:12:48 200] isr        1569 once_bytes:   6400  
[2022/06/01 19:12:48 203] isr        1547 ASR_MSG_AUW,   local  
[2022/06/01 19:12:48 203] isr        1559 6400  2  
[2022/06/01 19:12:48 204] isr        1547 ASR_MSG_AUW,   local  
[2022/06/01 19:12:48 205] isr        1559 6400  2  
[2022/06/01 19:12:48 206] isr        1547 ASR_MSG_AUW,   local  
[2022/06/01 19:12:48 206] isr        1559 6400  2  
[2022/06/01 19:12:48 208] isr        1547 ASR_MSG_AUW,   local  
[2022/06/01 19:12:48 208] isr        1559 6400  2  
[2022/06/01 19:12:48 210] isr        1547 ASR_MSG_AUW,   local  
[2022/06/01 19:12:48 211] isr        1559 6400  2  
[2022/06/01 19:12:48 212] isr        1547 ASR_MSG_AUW,   local  
[2022/06/01 19:12:48 212] isr        1559 6400  2  
[2022/06/01 19:12:48 215] isr        1547 ASR_MSG_AUW,   local  
[2022/06/01 19:12:48 215] isr        1559 6400  2  
[2022/06/01 19:12:48 219] isr        1547 ASR_MSG_AUW,   local  
[2022/06/01 19:12:48 219] isr        1559 6400  2  
[2022/06/01 19:12:48 220] isr        1547 ASR_MSG_AUW,   local  
[2022/06/01 19:12:48 220] isr        1559 6400  2  
[2022/06/01 19:12:48 221] isr        851  [aud] speech start  
[2022/06/01 19:12:48 221] isr        798  1  msc  
[2022/06/01 19:12:48 222] isr        1547 ASR_MSG_AUW,   local  
[2022/06/01 19:12:48 223] isr        1559 6400  2  
[2022/06/01 19:12:48 223] isr        1547 ASR_MSG_AUW,   local  
[2022/06/01 19:12:48 224] isr        1559 6400  2  
[2022/06/01 19:12:48 224] isr        1547 ASR_MSG_AUW,   local  
[2022/06/01 19:12:48 224] isr        1559 6400  2  
[2022/06/01 19:12:48 225] isr        1547 ASR_MSG_AUW,   local  
[2022/06/01 19:12:48 225] isr        1559 6400  2  
[2022/06/01 19:12:48 225] isr        1547 ASR_MSG_AUW,   local  
[2022/06/01 19:12:48 225] isr        1559 6400  2  
[2022/06/01 19:12:48 227] isr        1547 ASR_MSG_AUW,   local  
[2022/06/01 19:12:48 227] isr        1559 6400  2  
[2022/06/01 19:12:48 227] isr        1547 ASR_MSG_AUW,   local  
[2022/06/01 19:12:48 228] isr        1559 6400  2  
[2022/06/01 19:12:48 228] isr        1547 ASR_MSG_AUW,   local  
[2022/06/01 19:12:48 228] isr        1559 6400  2  
[2022/06/01 19:12:48 229] isr        1547 ASR_MSG_AUW,   local  
[2022/06/01 19:12:48 229] isr        1559 6400  2  
[2022/06/01 19:12:48 230] isr        1547 ASR_MSG_AUW,   local  
[2022/06/01 19:12:48 230] isr        1559 6400  2  
[2022/06/01 19:12:48 231] isr        1547 ASR_MSG_AUW,   local  
[2022/06/01 19:12:48 231] isr        1559 6400  2  
[2022/06/01 19:12:48 231] isr        1547 ASR_MSG_AUW,   local  
[2022/06/01 19:12:48 232] isr        1559 6400  2  
[2022/06/01 19:12:48 234] isr        1547 ASR_MSG_AUW,   local  
[2022/06/01 19:12:48 234] isr        1559 6400  2  
[2022/06/01 19:12:48 234] isr        1547 ASR_MSG_AUW,   local  
[2022/06/01 19:12:48 234] isr        1559 6400  2  
[2022/06/01 19:12:48 235] isr        1547 ASR_MSG_AUW,   local  
[2022/06/01 19:12:48 235] isr        1559 6400  2  
[2022/06/01 19:12:48 236] isr        1547 ASR_MSG_AUW,   local  
[2022/06/01 19:12:48 236] isr        1559 6400  2  
[2022/06/01 19:12:48 236] isr        1547 ASR_MSG_AUW,   local  
[2022/06/01 19:12:48 236] isr        1559 6400  2  
[2022/06/01 19:12:48 237] isr        1547 ASR_MSG_AUW,   local  
[2022/06/01 19:12:48 237] isr        1559 6400  2  
[2022/06/01 19:12:48 238] isr        1547 ASR_MSG_AUW,   local  
[2022/06/01 19:12:48 238] isr        1559 6400  2  
[2022/06/01 19:12:48 239] isr        1547 ASR_MSG_AUW,   local  
[2022/06/01 19:12:48 239] isr        1559 6400  2  
[2022/06/01 19:12:48 240] isr        1547 ASR_MSG_AUW,   local  
[2022/06/01 19:12:48 240] isr        1559 12000  2  
[2022/06/01 19:12:48 241] isr        1547 ASR_MSG_AUW,   local  
[2022/06/01 19:12:48 241] isr        1559 0  4  
[2022/06/01 19:12:48 242] isr        1592 aud end, USER  
[2022/06/01 19:12:48 247] isr        1636 ASR_MSG_GRSLT,   local  
[2022/06/01 19:12:48 247] isr        1307 0  nil  2  
[2022/06/01 19:12:48 275] isr        854  [aud] speech end  
[2022/06/01 19:12:48 275] isr        798  3  msc  
[2022/06/01 19:12:48 347] isr        1636 ASR_MSG_GRSLT,   local  
[2022/06/01 19:12:48 347] isr        1307 0  nil  2  
[2022/06/01 19:12:48 361] isr        723  local_cbmsg_handler  ,msg=  406  param1=  nil  
[2022/06/01 19:12:48 448] isr        1636 ASR_MSG_GRSLT,   local  
[2022/06/01 19:12:48 448] isr        1307 0  nil  2  
[2022/06/01 19:12:48 474] isr        723  local_cbmsg_handler  ,msg=  404  param1=  nil  
[2022/06/01 19:12:48 549] isr        1636 ASR_MSG_GRSLT,   local  
[2022/06/01 19:12:48 549] isr        1307 0  nil  2  
[2022/06/01 19:12:48 650] isr        1636 ASR_MSG_GRSLT,   local  
[2022/06/01 19:12:48 650] isr        1307 0  nil  2  
[2022/06/01 19:12:48 751] isr        1636 ASR_MSG_GRSLT,   local  
[2022/06/01 19:12:48 751] isr        1307 0  nil  2  
[2022/06/01 19:12:48 851] isr        1636 ASR_MSG_GRSLT,   local  
[2022/06/01 19:12:48 852] isr        1307 0  nil  2  
[2022/06/01 19:12:48 952] isr        1636 ASR_MSG_GRSLT,   local  
[2022/06/01 19:12:48 952] isr        1307 0  nil  2  
[2022/06/01 19:12:48 999] isr        723  local_cbmsg_handler  ,msg=  407  param1=  udata(84276a48) 
[2022/06/01 19:12:48 999] isr        641  process_result call:  local  udata(84276a48) 79  2  
[2022/06/01 19:12:48 999] isr        798  3  msc  
[2022/06/01 19:12:48 999] isr        800  already speech end  
[2022/06/01 19:12:49 000] isr        723  local_cbmsg_handler  ,msg=  408  param1=  nil  
[2022/06/01 19:12:49 000] isr        734  local session recognized end!  
[2022/06/01 19:12:49 053] isr        1636 ASR_MSG_GRSLT,   local  
[2022/06/01 19:12:49 053] isr        1307 0  udata(84276a48) 5  
[2022/06/01 19:12:49 154] isr        1639 ASR_MSG_SSE,   local  
[2022/06/01 19:12:49 154] isr        1356 session_end() [in]  
[2022/06/01 19:12:49 154] isr        1377 local_session_end() [in]  
[2022/06/01 19:12:49 155] isr        1416 ASR_LOCAL_MSG_SSE net_type  nil  
[2022/06/01 19:12:49 156] isr        1667 isr unload!  
============================================================
Time  2022/06/01 19:12:53 906 
============================================================
[2022/06/01 19:12:53 906] isr        1659 isr loaded!  
[2022/06/01 19:12:53 907] isr        1642 SYS_MSG_REGCB param0 =   msp_status_cb  param1 =   func(8002fd80) 
[2022/06/01 19:12:53 907] isr        1537 ASR_MSG_SSB  
[2022/06/01 19:12:53 907] isr        1066 session_begin() [in], params:   engine_type = local, 		asr_res_path = fo|/home/wheeltec/M2_SDK/offline_mic/bin/config/msc/res/asr/common.jet, sample_rate = 16000, 		grm_build_path = /home/wheeltec/M2_SDK/offline_mic/bin/config/msc/res/asr/GrmBuilld, local_grammar = call, 		result_type = xml, result_encoding = UTF-8,   nil  
[2022/06/01 19:12:53 907] isr        927  vad_set [in]  
[2022/06/01 19:12:53 907] isr        962  vad_enable :  true  
[2022/06/01 19:12:53 907] isr        980  vad_bos :  10000  
[2022/06/01 19:12:53 908] isr        981  vad_eos :  2000  
[2022/06/01 19:12:53 908] isr        886  enable_vad [in]  
[2022/06/01 19:12:53 908] isr        918  vad enabled!  2000  10000  
[2022/06/01 19:12:53 908] isr        921  enable_vad [out]  
[2022/06/01 19:12:53 908] isr        987  vad_set [out] | ret =  0  
[2022/06/01 19:12:53 908] isr        1182 cur_engine_type =   local  
[2022/06/01 19:12:53 909] isr        992  local_session_begin  
[2022/06/01 19:12:53 911] isr        1547 ASR_MSG_AUW,   local  
[2022/06/01 19:12:53 911] isr        1559 6400  1  
[2022/06/01 19:12:53 911] isr        1569 once_bytes:   6400  
[2022/06/01 19:12:53 913] isr        1547 ASR_MSG_AUW,   local  
[2022/06/01 19:12:53 913] isr        1559 6400  2  
[2022/06/01 19:12:53 914] isr        1547 ASR_MSG_AUW,   local  
[2022/06/01 19:12:53 914] isr        1559 6400  2  
[2022/06/01 19:12:53 916] isr        1547 ASR_MSG_AUW,   local  
[2022/06/01 19:12:53 916] isr        1559 6400  2  
[2022/06/01 19:12:53 917] isr        1547 ASR_MSG_AUW,   local  
[2022/06/01 19:12:53 917] isr        1559 6400  2  
[2022/06/01 19:12:53 918] isr        1547 ASR_MSG_AUW,   local  
[2022/06/01 19:12:53 918] isr        1559 6400  2  
[2022/06/01 19:12:53 920] isr        1547 ASR_MSG_AUW,   local  
[2022/06/01 19:12:53 920] isr        1559 6400  2  
[2022/06/01 19:12:53 923] isr        1547 ASR_MSG_AUW,   local  
[2022/06/01 19:12:53 923] isr        1559 6400  2  
[2022/06/01 19:12:53 923] isr        851  [aud] speech start  
[2022/06/01 19:12:53 924] isr        798  1  msc  
[2022/06/01 19:12:53 924] isr        1547 ASR_MSG_AUW,   local  
[2022/06/01 19:12:53 924] isr        1559 6400  2  
[2022/06/01 19:12:53 926] isr        1547 ASR_MSG_AUW,   local  
[2022/06/01 19:12:53 926] isr        1559 6400  2  
[2022/06/01 19:12:53 927] isr        1547 ASR_MSG_AUW,   local  
[2022/06/01 19:12:53 927] isr        1559 6400  2  
[2022/06/01 19:12:53 928] isr        1547 ASR_MSG_AUW,   local  
[2022/06/01 19:12:53 928] isr        1559 6400  2  
[2022/06/01 19:12:53 929] isr        1547 ASR_MSG_AUW,   local  
[2022/06/01 19:12:53 929] isr        1559 6400  2  
[2022/06/01 19:12:53 930] isr        1547 ASR_MSG_AUW,   local  
[2022/06/01 19:12:53 931] isr        1559 6400  2  
[2022/06/01 19:12:53 932] isr        1547 ASR_MSG_AUW,   local  
[2022/06/01 19:12:53 932] isr        1559 6400  2  
[2022/06/01 19:12:53 932] isr        1547 ASR_MSG_AUW,   local  
[2022/06/01 19:12:53 932] isr        1559 8000  2  
[2022/06/01 19:12:53 933] isr        1547 ASR_MSG_AUW,   local  
[2022/06/01 19:12:53 933] isr        1559 0  4  
[2022/06/01 19:12:53 934] isr        1592 aud end, USER  
[2022/06/01 19:12:53 936] isr        1636 ASR_MSG_GRSLT,   local  
[2022/06/01 19:12:53 936] isr        1307 0  nil  2  
[2022/06/01 19:12:53 965] isr        854  [aud] speech end  
[2022/06/01 19:12:53 965] isr        798  3  msc  
[2022/06/01 19:12:54 037] isr        1636 ASR_MSG_GRSLT,   local  
[2022/06/01 19:12:54 037] isr        1307 0  nil  2  
[2022/06/01 19:12:54 063] isr        723  local_cbmsg_handler  ,msg=  406  param1=  nil  
[2022/06/01 19:12:54 137] isr        1636 ASR_MSG_GRSLT,   local  
[2022/06/01 19:12:54 138] isr        1307 0  nil  2  
[2022/06/01 19:12:54 183] isr        723  local_cbmsg_handler  ,msg=  404  param1=  nil  
[2022/06/01 19:12:54 238] isr        1636 ASR_MSG_GRSLT,   local  
[2022/06/01 19:12:54 238] isr        1307 0  nil  2  
[2022/06/01 19:12:54 339] isr        1636 ASR_MSG_GRSLT,   local  
[2022/06/01 19:12:54 339] isr        1307 0  nil  2  
[2022/06/01 19:12:54 440] isr        1636 ASR_MSG_GRSLT,   local  
[2022/06/01 19:12:54 440] isr        1307 0  nil  2  
[2022/06/01 19:12:54 541] isr        1636 ASR_MSG_GRSLT,   local  
[2022/06/01 19:12:54 541] isr        1307 0  nil  2  
[2022/06/01 19:12:54 557] isr        723  local_cbmsg_handler  ,msg=  407  param1=  nil  
[2022/06/01 19:12:54 557] isr        641  process_result call:  local  nil  0  2  
[2022/06/01 19:12:54 557] isr        798  3  msc  
[2022/06/01 19:12:54 557] isr        800  already speech end  
[2022/06/01 19:12:54 557] isr        723  local_cbmsg_handler  ,msg=  408  param1=  nil  
[2022/06/01 19:12:54 557] isr        734  local session recognized end!  
[2022/06/01 19:12:54 641] isr        1636 ASR_MSG_GRSLT,   local  
[2022/06/01 19:12:54 642] isr        1307 0  nil  5  
[2022/06/01 19:12:54 742] isr        1639 ASR_MSG_SSE,   local  
[2022/06/01 19:12:54 742] isr        1356 session_end() [in]  
[2022/06/01 19:12:54 742] isr        1377 local_session_end() [in]  
[2022/06/01 19:12:54 744] isr        1416 ASR_LOCAL_MSG_SSE net_type  nil  
[2022/06/01 19:12:54 745] isr        1667 isr unload!  
============================================================
Time  2022/06/01 19:13:01 869 
============================================================
[2022/06/01 19:13:01 869] isr        1659 isr loaded!  
[2022/06/01 19:13:01 869] isr        1642 SYS_MSG_REGCB param0 =   msp_status_cb  param1 =   func(7c073120) 
[2022/06/01 19:13:01 870] isr        1537 ASR_MSG_SSB  
[2022/06/01 19:13:01 870] isr        1066 session_begin() [in], params:   engine_type = local, 		asr_res_path = fo|/home/wheeltec/M2_SDK/offline_mic/bin/config/msc/res/asr/common.jet, sample_rate = 16000, 		grm_build_path = /home/wheeltec/M2_SDK/offline_mic/bin/config/msc/res/asr/GrmBuilld, local_grammar = call, 		result_type = xml, result_encoding = UTF-8,   nil  
[2022/06/01 19:13:01 870] isr        927  vad_set [in]  
[2022/06/01 19:13:01 870] isr        962  vad_enable :  true  
[2022/06/01 19:13:01 870] isr        980  vad_bos :  10000  
[2022/06/01 19:13:01 870] isr        981  vad_eos :  2000  
[2022/06/01 19:13:01 870] isr        886  enable_vad [in]  
[2022/06/01 19:13:01 871] isr        918  vad enabled!  2000  10000  
[2022/06/01 19:13:01 871] isr        921  enable_vad [out]  
[2022/06/01 19:13:01 871] isr        987  vad_set [out] | ret =  0  
[2022/06/01 19:13:01 871] isr        1182 cur_engine_type =   local  
[2022/06/01 19:13:01 871] isr        992  local_session_begin  
[2022/06/01 19:13:01 874] isr        1547 ASR_MSG_AUW,   local  
[2022/06/01 19:13:01 874] isr        1559 6400  1  
[2022/06/01 19:13:01 874] isr        1569 once_bytes:   6400  
[2022/06/01 19:13:01 875] isr        1547 ASR_MSG_AUW,   local  
[2022/06/01 19:13:01 876] isr        1559 6400  2  
[2022/06/01 19:13:01 879] isr        1547 ASR_MSG_AUW,   local  
[2022/06/01 19:13:01 880] isr        1559 6400  2  
[2022/06/01 19:13:01 881] isr        1547 ASR_MSG_AUW,   local  
[2022/06/01 19:13:01 881] isr        1559 6400  2  
[2022/06/01 19:13:01 884] isr        1547 ASR_MSG_AUW,   local  
[2022/06/01 19:13:01 884] isr        1559 6400  2  
[2022/06/01 19:13:01 884] isr        1547 ASR_MSG_AUW,   local  
[2022/06/01 19:13:01 885] isr        1559 6400  2  
[2022/06/01 19:13:01 885] isr        1547 ASR_MSG_AUW,   local  
[2022/06/01 19:13:01 885] isr        1559 6400  2  
[2022/06/01 19:13:01 885] isr        1547 ASR_MSG_AUW,   local  
[2022/06/01 19:13:01 886] isr        1559 6400  2  
[2022/06/01 19:13:01 886] isr        1547 ASR_MSG_AUW,   local  
[2022/06/01 19:13:01 886] isr        1559 6400  2  
[2022/06/01 19:13:01 887] isr        1547 ASR_MSG_AUW,   local  
[2022/06/01 19:13:01 887] isr        1559 6400  2  
[2022/06/01 19:13:01 889] isr        1547 ASR_MSG_AUW,   local  
[2022/06/01 19:13:01 889] isr        1559 6400  2  
[2022/06/01 19:13:01 890] isr        851  [aud] speech start  
[2022/06/01 19:13:01 890] isr        798  1  msc  
[2022/06/01 19:13:01 892] isr        1547 ASR_MSG_AUW,   local  
[2022/06/01 19:13:01 892] isr        1559 6400  2  
[2022/06/01 19:13:01 893] isr        1547 ASR_MSG_AUW,   local  
[2022/06/01 19:13:01 893] isr        1559 6400  2  
[2022/06/01 19:13:01 893] isr        1547 ASR_MSG_AUW,   local  
[2022/06/01 19:13:01 894] isr        1559 6400  2  
[2022/06/01 19:13:01 894] isr        1547 ASR_MSG_AUW,   local  
[2022/06/01 19:13:01 894] isr        1559 6400  2  
[2022/06/01 19:13:01 895] isr        1547 ASR_MSG_AUW,   local  
[2022/06/01 19:13:01 895] isr        1559 6400  2  
[2022/06/01 19:13:01 896] isr        1547 ASR_MSG_AUW,   local  
[2022/06/01 19:13:01 896] isr        1559 6400  2  
[2022/06/01 19:13:01 899] isr        1547 ASR_MSG_AUW,   local  
[2022/06/01 19:13:01 899] isr        1559 6400  2  
[2022/06/01 19:13:01 899] isr        1547 ASR_MSG_AUW,   local  
[2022/06/01 19:13:01 899] isr        1559 6400  2  
[2022/06/01 19:13:01 900] isr        1547 ASR_MSG_AUW,   local  
[2022/06/01 19:13:01 900] isr        1559 6400  2  
[2022/06/01 19:13:01 900] isr        1547 ASR_MSG_AUW,   local  
[2022/06/01 19:13:01 900] isr        1559 6400  2  
[2022/06/01 19:13:01 901] isr        1547 ASR_MSG_AUW,   local  
[2022/06/01 19:13:01 901] isr        1559 6400  2  
[2022/06/01 19:13:01 902] isr        1547 ASR_MSG_AUW,   local  
[2022/06/01 19:13:01 902] isr        1559 7200  2  
[2022/06/01 19:13:01 903] isr        1547 ASR_MSG_AUW,   local  
[2022/06/01 19:13:01 903] isr        1559 0  4  
[2022/06/01 19:13:01 903] isr        1592 aud end, USER  
[2022/06/01 19:13:01 908] isr        1636 ASR_MSG_GRSLT,   local  
[2022/06/01 19:13:01 908] isr        1307 0  nil  2  
[2022/06/01 19:13:01 942] isr        854  [aud] speech end  
[2022/06/01 19:13:01 942] isr        798  3  msc  
[2022/06/01 19:13:02 009] isr        1636 ASR_MSG_GRSLT,   local  
[2022/06/01 19:13:02 009] isr        1307 0  nil  2  
[2022/06/01 19:13:02 034] isr        723  local_cbmsg_handler  ,msg=  406  param1=  nil  
[2022/06/01 19:13:02 110] isr        1636 ASR_MSG_GRSLT,   local  
[2022/06/01 19:13:02 110] isr        1307 0  nil  2  
[2022/06/01 19:13:02 211] isr        1636 ASR_MSG_GRSLT,   local  
[2022/06/01 19:13:02 211] isr        1307 0  nil  2  
[2022/06/01 19:13:02 312] isr        1636 ASR_MSG_GRSLT,   local  
[2022/06/01 19:13:02 312] isr        1307 0  nil  2  
[2022/06/01 19:13:02 412] isr        1636 ASR_MSG_GRSLT,   local  
[2022/06/01 19:13:02 412] isr        1307 0  nil  2  
[2022/06/01 19:13:02 513] isr        1636 ASR_MSG_GRSLT,   local  
[2022/06/01 19:13:02 513] isr        1307 0  nil  2  
[2022/06/01 19:13:02 614] isr        1636 ASR_MSG_GRSLT,   local  
[2022/06/01 19:13:02 614] isr        1307 0  nil  2  
[2022/06/01 19:13:02 715] isr        1636 ASR_MSG_GRSLT,   local  
[2022/06/01 19:13:02 715] isr        1307 0  nil  2  
[2022/06/01 19:13:02 816] isr        1636 ASR_MSG_GRSLT,   local  
[2022/06/01 19:13:02 816] isr        1307 0  nil  2  
[2022/06/01 19:13:02 898] isr        723  local_cbmsg_handler  ,msg=  407  param1=  nil  
[2022/06/01 19:13:02 898] isr        641  process_result call:  local  nil  0  2  
[2022/06/01 19:13:02 898] isr        798  3  msc  
[2022/06/01 19:13:02 899] isr        800  already speech end  
[2022/06/01 19:13:02 899] isr        723  local_cbmsg_handler  ,msg=  408  param1=  nil  
[2022/06/01 19:13:02 899] isr        734  local session recognized end!  
[2022/06/01 19:13:02 916] isr        1636 ASR_MSG_GRSLT,   local  
[2022/06/01 19:13:02 916] isr        1307 0  nil  5  
[2022/06/01 19:13:03 017] isr        1639 ASR_MSG_SSE,   local  
[2022/06/01 19:13:03 017] isr        1356 session_end() [in]  
[2022/06/01 19:13:03 017] isr        1377 local_session_end() [in]  
[2022/06/01 19:13:03 019] isr        1416 ASR_LOCAL_MSG_SSE net_type  nil  
[2022/06/01 19:13:03 020] isr        1667 isr unload!  
============================================================
Time  2022/06/01 19:13:07 520 
============================================================
[2022/06/01 19:13:07 521] isr        1659 isr loaded!  
[2022/06/01 19:13:07 521] isr        1642 SYS_MSG_REGCB param0 =   msp_status_cb  param1 =   func(88131f80) 
[2022/06/01 19:13:07 521] isr        1537 ASR_MSG_SSB  
[2022/06/01 19:13:07 521] isr        1066 session_begin() [in], params:   engine_type = local, 		asr_res_path = fo|/home/wheeltec/M2_SDK/offline_mic/bin/config/msc/res/asr/common.jet, sample_rate = 16000, 		grm_build_path = /home/wheeltec/M2_SDK/offline_mic/bin/config/msc/res/asr/GrmBuilld, local_grammar = call, 		result_type = xml, result_encoding = UTF-8,   nil  
[2022/06/01 19:13:07 521] isr        927  vad_set [in]  
[2022/06/01 19:13:07 521] isr        962  vad_enable :  true  
[2022/06/01 19:13:07 522] isr        980  vad_bos :  10000  
[2022/06/01 19:13:07 522] isr        981  vad_eos :  2000  
[2022/06/01 19:13:07 522] isr        886  enable_vad [in]  
[2022/06/01 19:13:07 522] isr        918  vad enabled!  2000  10000  
[2022/06/01 19:13:07 522] isr        921  enable_vad [out]  
[2022/06/01 19:13:07 522] isr        987  vad_set [out] | ret =  0  
[2022/06/01 19:13:07 523] isr        1182 cur_engine_type =   local  
[2022/06/01 19:13:07 523] isr        992  local_session_begin  
[2022/06/01 19:13:07 525] isr        1547 ASR_MSG_AUW,   local  
[2022/06/01 19:13:07 525] isr        1559 6400  1  
[2022/06/01 19:13:07 525] isr        1569 once_bytes:   6400  
[2022/06/01 19:13:07 527] isr        1547 ASR_MSG_AUW,   local  
[2022/06/01 19:13:07 527] isr        1559 6400  2  
[2022/06/01 19:13:07 528] isr        1547 ASR_MSG_AUW,   local  
[2022/06/01 19:13:07 528] isr        1559 6400  2  
[2022/06/01 19:13:07 530] isr        1547 ASR_MSG_AUW,   local  
[2022/06/01 19:13:07 530] isr        1559 6400  2  
[2022/06/01 19:13:07 532] isr        1547 ASR_MSG_AUW,   local  
[2022/06/01 19:13:07 532] isr        1559 6400  2  
[2022/06/01 19:13:07 534] isr        1547 ASR_MSG_AUW,   local  
[2022/06/01 19:13:07 534] isr        1559 6400  2  
[2022/06/01 19:13:07 534] isr        1547 ASR_MSG_AUW,   local  
[2022/06/01 19:13:07 535] isr        1559 6400  2  
[2022/06/01 19:13:07 536] isr        1547 ASR_MSG_AUW,   local  
[2022/06/01 19:13:07 536] isr        1559 6400  2  
[2022/06/01 19:13:07 537] isr        851  [aud] speech start  
[2022/06/01 19:13:07 537] isr        798  1  msc  
[2022/06/01 19:13:07 538] isr        1547 ASR_MSG_AUW,   local  
[2022/06/01 19:13:07 538] isr        1559 6400  2  
[2022/06/01 19:13:07 538] isr        1547 ASR_MSG_AUW,   local  
[2022/06/01 19:13:07 538] isr        1559 6400  2  
[2022/06/01 19:13:07 539] isr        1547 ASR_MSG_AUW,   local  
[2022/06/01 19:13:07 539] isr        1559 6400  2  
[2022/06/01 19:13:07 540] isr        1547 ASR_MSG_AUW,   local  
[2022/06/01 19:13:07 541] isr        1559 6400  2  
[2022/06/01 19:13:07 541] isr        1547 ASR_MSG_AUW,   local  
[2022/06/01 19:13:07 541] isr        1559 6400  2  
[2022/06/01 19:13:07 542] isr        1547 ASR_MSG_AUW,   local  
[2022/06/01 19:13:07 542] isr        1559 6400  2  
[2022/06/01 19:13:07 543] isr        1547 ASR_MSG_AUW,   local  
[2022/06/01 19:13:07 543] isr        1559 6400  2  
[2022/06/01 19:13:07 545] isr        1547 ASR_MSG_AUW,   local  
[2022/06/01 19:13:07 545] isr        1559 0  4  
[2022/06/01 19:13:07 545] isr        1592 aud end, USER  
[2022/06/01 19:13:07 548] isr        1636 ASR_MSG_GRSLT,   local  
[2022/06/01 19:13:07 548] isr        1307 0  nil  2  
[2022/06/01 19:13:07 574] isr        854  [aud] speech end  
[2022/06/01 19:13:07 574] isr        798  3  msc  
[2022/06/01 19:13:07 649] isr        1636 ASR_MSG_GRSLT,   local  
[2022/06/01 19:13:07 649] isr        1307 0  nil  2  
[2022/06/01 19:13:07 672] isr        723  local_cbmsg_handler  ,msg=  406  param1=  nil  
[2022/06/01 19:13:07 750] isr        1636 ASR_MSG_GRSLT,   local  
[2022/06/01 19:13:07 750] isr        1307 0  nil  2  
[2022/06/01 19:13:07 789] isr        723  local_cbmsg_handler  ,msg=  404  param1=  nil  
[2022/06/01 19:13:07 851] isr        1636 ASR_MSG_GRSLT,   local  
[2022/06/01 19:13:07 851] isr        1307 0  nil  2  
[2022/06/01 19:13:07 952] isr        1636 ASR_MSG_GRSLT,   local  
[2022/06/01 19:13:07 952] isr        1307 0  nil  2  
[2022/06/01 19:13:08 052] isr        1636 ASR_MSG_GRSLT,   local  
[2022/06/01 19:13:08 052] isr        1307 0  nil  2  
[2022/06/01 19:13:08 153] isr        1636 ASR_MSG_GRSLT,   local  
[2022/06/01 19:13:08 153] isr        1307 0  nil  2  
[2022/06/01 19:13:08 168] isr        723  local_cbmsg_handler  ,msg=  407  param1=  nil  
[2022/06/01 19:13:08 168] isr        641  process_result call:  local  nil  0  2  
[2022/06/01 19:13:08 168] isr        798  3  msc  
[2022/06/01 19:13:08 169] isr        800  already speech end  
[2022/06/01 19:13:08 169] isr        723  local_cbmsg_handler  ,msg=  408  param1=  nil  
[2022/06/01 19:13:08 169] isr        734  local session recognized end!  
[2022/06/01 19:13:08 254] isr        1636 ASR_MSG_GRSLT,   local  
[2022/06/01 19:13:08 254] isr        1307 0  nil  5  
[2022/06/01 19:13:08 355] isr        1639 ASR_MSG_SSE,   local  
[2022/06/01 19:13:08 355] isr        1356 session_end() [in]  
[2022/06/01 19:13:08 355] isr        1377 local_session_end() [in]  
[2022/06/01 19:13:08 356] isr        1416 ASR_LOCAL_MSG_SSE net_type  nil  
[2022/06/01 19:13:08 357] isr        1667 isr unload!  
============================================================
Time  2022/06/01 19:13:15 485 
============================================================
[2022/06/01 19:13:15 485] isr        1659 isr loaded!  
[2022/06/01 19:13:15 485] isr        1642 SYS_MSG_REGCB param0 =   msp_status_cb  param1 =   func(80284c40) 
[2022/06/01 19:13:15 486] isr        1537 ASR_MSG_SSB  
[2022/06/01 19:13:15 486] isr        1066 session_begin() [in], params:   engine_type = local, 		asr_res_path = fo|/home/wheeltec/M2_SDK/offline_mic/bin/config/msc/res/asr/common.jet, sample_rate = 16000, 		grm_build_path = /home/wheeltec/M2_SDK/offline_mic/bin/config/msc/res/asr/GrmBuilld, local_grammar = call, 		result_type = xml, result_encoding = UTF-8,   nil  
[2022/06/01 19:13:15 486] isr        927  vad_set [in]  
[2022/06/01 19:13:15 486] isr        962  vad_enable :  true  
[2022/06/01 19:13:15 486] isr        980  vad_bos :  10000  
[2022/06/01 19:13:15 486] isr        981  vad_eos :  2000  
[2022/06/01 19:13:15 486] isr        886  enable_vad [in]  
[2022/06/01 19:13:15 487] isr        918  vad enabled!  2000  10000  
[2022/06/01 19:13:15 487] isr        921  enable_vad [out]  
[2022/06/01 19:13:15 487] isr        987  vad_set [out] | ret =  0  
[2022/06/01 19:13:15 487] isr        1182 cur_engine_type =   local  
[2022/06/01 19:13:15 487] isr        992  local_session_begin  
[2022/06/01 19:13:15 490] isr        1547 ASR_MSG_AUW,   local  
[2022/06/01 19:13:15 490] isr        1559 6400  1  
[2022/06/01 19:13:15 490] isr        1569 once_bytes:   6400  
[2022/06/01 19:13:15 492] isr        1547 ASR_MSG_AUW,   local  
[2022/06/01 19:13:15 492] isr        1559 6400  2  
[2022/06/01 19:13:15 493] isr        1547 ASR_MSG_AUW,   local  
[2022/06/01 19:13:15 493] isr        1559 6400  2  
[2022/06/01 19:13:15 495] isr        1547 ASR_MSG_AUW,   local  
[2022/06/01 19:13:15 495] isr        1559 6400  2  
[2022/06/01 19:13:15 497] isr        1547 ASR_MSG_AUW,   local  
[2022/06/01 19:13:15 497] isr        1559 6400  2  
[2022/06/01 19:13:15 499] isr        1547 ASR_MSG_AUW,   local  
[2022/06/01 19:13:15 499] isr        1559 6400  2  
[2022/06/01 19:13:15 503] isr        1547 ASR_MSG_AUW,   local  
[2022/06/01 19:13:15 503] isr        1559 6400  2  
[2022/06/01 19:13:15 504] isr        1547 ASR_MSG_AUW,   local  
[2022/06/01 19:13:15 504] isr        1559 6400  2  
[2022/06/01 19:13:15 505] isr        1547 ASR_MSG_AUW,   local  
[2022/06/01 19:13:15 505] isr        1559 6400  2  
[2022/06/01 19:13:15 509] isr        1547 ASR_MSG_AUW,   local  
[2022/06/01 19:13:15 509] isr        1559 6400  2  
[2022/06/01 19:13:15 510] isr        851  [aud] speech start  
[2022/06/01 19:13:15 510] isr        798  1  msc  
[2022/06/01 19:13:15 511] isr        1547 ASR_MSG_AUW,   local  
[2022/06/01 19:13:15 511] isr        1559 6400  2  
[2022/06/01 19:13:15 512] isr        1547 ASR_MSG_AUW,   local  
[2022/06/01 19:13:15 512] isr        1559 6400  2  
[2022/06/01 19:13:15 513] isr        1547 ASR_MSG_AUW,   local  
[2022/06/01 19:13:15 513] isr        1559 6400  2  
[2022/06/01 19:13:15 514] isr        1547 ASR_MSG_AUW,   local  
[2022/06/01 19:13:15 514] isr        1559 6400  2  
[2022/06/01 19:13:15 515] isr        1547 ASR_MSG_AUW,   local  
[2022/06/01 19:13:15 515] isr        1559 6400  2  
[2022/06/01 19:13:15 516] isr        1547 ASR_MSG_AUW,   local  
[2022/06/01 19:13:15 516] isr        1559 6400  2  
[2022/06/01 19:13:15 516] isr        1547 ASR_MSG_AUW,   local  
[2022/06/01 19:13:15 516] isr        1559 6400  2  
[2022/06/01 19:13:15 517] isr        1547 ASR_MSG_AUW,   local  
[2022/06/01 19:13:15 518] isr        1559 6400  2  
[2022/06/01 19:13:15 518] isr        1547 ASR_MSG_AUW,   local  
[2022/06/01 19:13:15 518] isr        1559 6400  2  
[2022/06/01 19:13:15 520] isr        1547 ASR_MSG_AUW,   local  
[2022/06/01 19:13:15 520] isr        1559 6400  2  
[2022/06/01 19:13:15 521] isr        1547 ASR_MSG_AUW,   local  
[2022/06/01 19:13:15 521] isr        1559 6400  2  
[2022/06/01 19:13:15 521] isr        1547 ASR_MSG_AUW,   local  
[2022/06/01 19:13:15 522] isr        1559 6400  2  
[2022/06/01 19:13:15 523] isr        1547 ASR_MSG_AUW,   local  
[2022/06/01 19:13:15 523] isr        1559 7200  2  
[2022/06/01 19:13:15 524] isr        1547 ASR_MSG_AUW,   local  
[2022/06/01 19:13:15 524] isr        1559 0  4  
[2022/06/01 19:13:15 524] isr        1592 aud end, USER  
[2022/06/01 19:13:15 529] isr        1636 ASR_MSG_GRSLT,   local  
[2022/06/01 19:13:15 529] isr        1307 0  nil  2  
[2022/06/01 19:13:15 561] isr        854  [aud] speech end  
[2022/06/01 19:13:15 562] isr        798  3  msc  
[2022/06/01 19:13:15 630] isr        1636 ASR_MSG_GRSLT,   local  
[2022/06/01 19:13:15 630] isr        1307 0  nil  2  
[2022/06/01 19:13:15 645] isr        723  local_cbmsg_handler  ,msg=  406  param1=  nil  
[2022/06/01 19:13:15 731] isr        1636 ASR_MSG_GRSLT,   local  
[2022/06/01 19:13:15 731] isr        1307 0  nil  2  
[2022/06/01 19:13:15 757] isr        723  local_cbmsg_handler  ,msg=  404  param1=  nil  
[2022/06/01 19:13:15 832] isr        1636 ASR_MSG_GRSLT,   local  
[2022/06/01 19:13:15 832] isr        1307 0  nil  2  
[2022/06/01 19:13:15 933] isr        1636 ASR_MSG_GRSLT,   local  
[2022/06/01 19:13:15 933] isr        1307 0  nil  2  
[2022/06/01 19:13:16 035] isr        1636 ASR_MSG_GRSLT,   local  
[2022/06/01 19:13:16 042] isr        1307 0  nil  2  
[2022/06/01 19:13:16 143] isr        1636 ASR_MSG_GRSLT,   local  
[2022/06/01 19:13:16 143] isr        1307 0  nil  2  
[2022/06/01 19:13:16 244] isr        1636 ASR_MSG_GRSLT,   local  
[2022/06/01 19:13:16 244] isr        1307 0  nil  2  
[2022/06/01 19:13:16 264] isr        723  local_cbmsg_handler  ,msg=  407  param1=  udata(8001af28) 
[2022/06/01 19:13:16 264] isr        641  process_result call:  local  udata(8001af28) 92  2  
[2022/06/01 19:13:16 264] isr        798  3  msc  
[2022/06/01 19:13:16 265] isr        800  already speech end  
[2022/06/01 19:13:16 265] isr        723  local_cbmsg_handler  ,msg=  408  param1=  nil  
[2022/06/01 19:13:16 265] isr        734  local session recognized end!  
[2022/06/01 19:13:16 344] isr        1636 ASR_MSG_GRSLT,   local  
[2022/06/01 19:13:16 344] isr        1307 0  udata(8001af28) 5  
[2022/06/01 19:13:16 445] isr        1639 ASR_MSG_SSE,   local  
[2022/06/01 19:13:16 445] isr        1356 session_end() [in]  
[2022/06/01 19:13:16 445] isr        1377 local_session_end() [in]  
[2022/06/01 19:13:16 447] isr        1416 ASR_LOCAL_MSG_SSE net_type  nil  
[2022/06/01 19:13:16 447] isr        1667 isr unload!  
============================================================
Time  2022/06/01 19:18:08 791 
============================================================
[2022/06/01 19:18:08 791] isr        1659 isr loaded!  
[2022/06/01 19:18:08 791] isr        1642 SYS_MSG_REGCB param0 =   msp_status_cb  param1 =   func(78131f80) 
[2022/06/01 19:18:08 792] isr        1537 ASR_MSG_SSB  
[2022/06/01 19:18:08 792] isr        1066 session_begin() [in], params:   engine_type = local, 		asr_res_path = fo|/home/wheeltec/M2_SDK/offline_mic/bin/config/msc/res/asr/common.jet, sample_rate = 16000, 		grm_build_path = /home/wheeltec/M2_SDK/offline_mic/bin/config/msc/res/asr/GrmBuilld, local_grammar = call, 		result_type = xml, result_encoding = UTF-8,   nil  
[2022/06/01 19:18:08 792] isr        927  vad_set [in]  
[2022/06/01 19:18:08 792] isr        962  vad_enable :  true  
[2022/06/01 19:18:08 792] isr        980  vad_bos :  10000  
[2022/06/01 19:18:08 792] isr        981  vad_eos :  2000  
[2022/06/01 19:18:08 792] isr        886  enable_vad [in]  
[2022/06/01 19:18:08 793] isr        918  vad enabled!  2000  10000  
[2022/06/01 19:18:08 793] isr        921  enable_vad [out]  
[2022/06/01 19:18:08 793] isr        987  vad_set [out] | ret =  0  
[2022/06/01 19:18:08 793] isr        1182 cur_engine_type =   local  
[2022/06/01 19:18:08 793] isr        992  local_session_begin  
[2022/06/01 19:18:08 796] isr        1547 ASR_MSG_AUW,   local  
[2022/06/01 19:18:08 796] isr        1559 4000  1  
[2022/06/01 19:18:08 796] isr        1569 once_bytes:   4000  
[2022/06/01 19:18:08 797] isr        1547 ASR_MSG_AUW,   local  
[2022/06/01 19:18:08 797] isr        1559 0  4  
[2022/06/01 19:18:08 797] isr        1592 aud end, USER  
[2022/06/01 19:18:08 798] isr        1636 ASR_MSG_GRSLT,   local  
[2022/06/01 19:18:08 798] isr        1307 0  nil  2  
[2022/06/01 19:18:08 799] isr        851  [aud] speech start  
[2022/06/01 19:18:08 799] isr        798  1  msc  
[2022/06/01 19:18:08 801] isr        854  [aud] speech end  
[2022/06/01 19:18:08 801] isr        798  3  msc  
[2022/06/01 19:18:08 899] isr        1636 ASR_MSG_GRSLT,   local  
[2022/06/01 19:18:08 899] isr        1307 0  nil  2  
[2022/06/01 19:18:08 934] isr        723  local_cbmsg_handler  ,msg=  406  param1=  nil  
[2022/06/01 19:18:09 000] isr        1636 ASR_MSG_GRSLT,   local  
[2022/06/01 19:18:09 000] isr        1307 0  nil  2  
[2022/06/01 19:18:09 101] isr        1636 ASR_MSG_GRSLT,   local  
[2022/06/01 19:18:09 101] isr        1307 0  nil  2  
[2022/06/01 19:18:09 102] isr        723  local_cbmsg_handler  ,msg=  407  param1=  nil  
[2022/06/01 19:18:09 103] isr        641  process_result call:  local  nil  0  2  
[2022/06/01 19:18:09 103] isr        798  3  msc  
[2022/06/01 19:18:09 103] isr        800  already speech end  
[2022/06/01 19:18:09 103] isr        723  local_cbmsg_handler  ,msg=  408  param1=  nil  
[2022/06/01 19:18:09 103] isr        734  local session recognized end!  
[2022/06/01 19:18:09 202] isr        1636 ASR_MSG_GRSLT,   local  
[2022/06/01 19:18:09 202] isr        1307 0  nil  5  
[2022/06/01 19:18:09 303] isr        1639 ASR_MSG_SSE,   local  
[2022/06/01 19:18:09 303] isr        1356 session_end() [in]  
[2022/06/01 19:18:09 303] isr        1377 local_session_end() [in]  
[2022/06/01 19:18:09 305] isr        1416 ASR_LOCAL_MSG_SSE net_type  nil  
[2022/06/01 19:18:09 305] isr        1667 isr unload!  
============================================================
Time  2022/06/01 19:18:11 938 
============================================================
[2022/06/01 19:18:11 938] isr        1659 isr loaded!  
[2022/06/01 19:18:11 938] isr        1642 SYS_MSG_REGCB param0 =   msp_status_cb  param1 =   func(6002fd90) 
[2022/06/01 19:18:11 938] isr        1537 ASR_MSG_SSB  
[2022/06/01 19:18:11 938] isr        1066 session_begin() [in], params:   engine_type = local, 		asr_res_path = fo|/home/wheeltec/M2_SDK/offline_mic/bin/config/msc/res/asr/common.jet, sample_rate = 16000, 		grm_build_path = /home/wheeltec/M2_SDK/offline_mic/bin/config/msc/res/asr/GrmBuilld, local_grammar = call, 		result_type = xml, result_encoding = UTF-8,   nil  
[2022/06/01 19:18:11 938] isr        927  vad_set [in]  
[2022/06/01 19:18:11 938] isr        962  vad_enable :  true  
[2022/06/01 19:18:11 939] isr        980  vad_bos :  10000  
[2022/06/01 19:18:11 939] isr        981  vad_eos :  2000  
[2022/06/01 19:18:11 939] isr        886  enable_vad [in]  
[2022/06/01 19:18:11 939] isr        918  vad enabled!  2000  10000  
[2022/06/01 19:18:11 939] isr        921  enable_vad [out]  
[2022/06/01 19:18:11 939] isr        987  vad_set [out] | ret =  0  
[2022/06/01 19:18:11 940] isr        1182 cur_engine_type =   local  
[2022/06/01 19:18:11 940] isr        992  local_session_begin  
[2022/06/01 19:18:11 942] isr        1547 ASR_MSG_AUW,   local  
[2022/06/01 19:18:11 942] isr        1559 4000  1  
[2022/06/01 19:18:11 943] isr        1569 once_bytes:   4000  
[2022/06/01 19:18:11 943] isr        1547 ASR_MSG_AUW,   local  
[2022/06/01 19:18:11 944] isr        1559 0  4  
[2022/06/01 19:18:11 944] isr        1592 aud end, USER  
[2022/06/01 19:18:11 944] isr        1636 ASR_MSG_GRSLT,   local  
[2022/06/01 19:18:11 944] isr        1307 0  nil  2  
[2022/06/01 19:18:11 946] isr        851  [aud] speech start  
[2022/06/01 19:18:11 946] isr        798  1  msc  
[2022/06/01 19:18:11 948] isr        854  [aud] speech end  
[2022/06/01 19:18:11 948] isr        798  3  msc  
[2022/06/01 19:18:12 045] isr        1636 ASR_MSG_GRSLT,   local  
[2022/06/01 19:18:12 045] isr        1307 0  nil  2  
[2022/06/01 19:18:12 079] isr        723  local_cbmsg_handler  ,msg=  406  param1=  nil  
[2022/06/01 19:18:12 146] isr        1636 ASR_MSG_GRSLT,   local  
[2022/06/01 19:18:12 146] isr        1307 0  nil  2  
[2022/06/01 19:18:12 248] isr        1636 ASR_MSG_GRSLT,   local  
[2022/06/01 19:18:12 256] isr        1307 0  nil  2  
[2022/06/01 19:18:12 257] isr        723  local_cbmsg_handler  ,msg=  407  param1=  nil  
[2022/06/01 19:18:12 257] isr        641  process_result call:  local  nil  0  2  
[2022/06/01 19:18:12 257] isr        798  3  msc  
[2022/06/01 19:18:12 258] isr        800  already speech end  
[2022/06/01 19:18:12 258] isr        723  local_cbmsg_handler  ,msg=  408  param1=  nil  
[2022/06/01 19:18:12 258] isr        734  local session recognized end!  
[2022/06/01 19:18:12 357] isr        1636 ASR_MSG_GRSLT,   local  
[2022/06/01 19:18:12 357] isr        1307 0  nil  5  
[2022/06/01 19:18:12 458] isr        1639 ASR_MSG_SSE,   local  
[2022/06/01 19:18:12 458] isr        1356 session_end() [in]  
[2022/06/01 19:18:12 458] isr        1377 local_session_end() [in]  
[2022/06/01 19:18:12 459] isr        1416 ASR_LOCAL_MSG_SSE net_type  nil  
[2022/06/01 19:18:12 460] isr        1667 isr unload!  
============================================================
Time  2022/06/01 19:18:15 090 
============================================================
[2022/06/01 19:18:15 090] isr        1659 isr loaded!  
[2022/06/01 19:18:15 090] isr        1642 SYS_MSG_REGCB param0 =   msp_status_cb  param1 =   func(6802fd50) 
[2022/06/01 19:18:15 090] isr        1537 ASR_MSG_SSB  
[2022/06/01 19:18:15 090] isr        1066 session_begin() [in], params:   engine_type = local, 		asr_res_path = fo|/home/wheeltec/M2_SDK/offline_mic/bin/config/msc/res/asr/common.jet, sample_rate = 16000, 		grm_build_path = /home/wheeltec/M2_SDK/offline_mic/bin/config/msc/res/asr/GrmBuilld, local_grammar = call, 		result_type = xml, result_encoding = UTF-8,   nil  
[2022/06/01 19:18:15 090] isr        927  vad_set [in]  
[2022/06/01 19:18:15 091] isr        962  vad_enable :  true  
[2022/06/01 19:18:15 091] isr        980  vad_bos :  10000  
[2022/06/01 19:18:15 091] isr        981  vad_eos :  2000  
[2022/06/01 19:18:15 091] isr        886  enable_vad [in]  
[2022/06/01 19:18:15 091] isr        918  vad enabled!  2000  10000  
[2022/06/01 19:18:15 091] isr        921  enable_vad [out]  
[2022/06/01 19:18:15 091] isr        987  vad_set [out] | ret =  0  
[2022/06/01 19:18:15 092] isr        1182 cur_engine_type =   local  
[2022/06/01 19:18:15 092] isr        992  local_session_begin  
[2022/06/01 19:18:15 094] isr        1547 ASR_MSG_AUW,   local  
[2022/06/01 19:18:15 094] isr        1559 4000  1  
[2022/06/01 19:18:15 095] isr        1569 once_bytes:   4000  
[2022/06/01 19:18:15 095] isr        1547 ASR_MSG_AUW,   local  
[2022/06/01 19:18:15 095] isr        1559 0  4  
[2022/06/01 19:18:15 095] isr        1592 aud end, USER  
[2022/06/01 19:18:15 096] isr        1636 ASR_MSG_GRSLT,   local  
[2022/06/01 19:18:15 096] isr        1307 0  nil  2  
[2022/06/01 19:18:15 097] isr        851  [aud] speech start  
[2022/06/01 19:18:15 097] isr        798  1  msc  
[2022/06/01 19:18:15 099] isr        854  [aud] speech end  
[2022/06/01 19:18:15 100] isr        798  3  msc  
[2022/06/01 19:18:15 197] isr        1636 ASR_MSG_GRSLT,   local  
[2022/06/01 19:18:15 197] isr        1307 0  nil  2  
[2022/06/01 19:18:15 226] isr        723  local_cbmsg_handler  ,msg=  406  param1=  nil  
[2022/06/01 19:18:15 298] isr        1636 ASR_MSG_GRSLT,   local  
[2022/06/01 19:18:15 298] isr        1307 0  nil  2  
[2022/06/01 19:18:15 391] isr        723  local_cbmsg_handler  ,msg=  407  param1=  nil  
[2022/06/01 19:18:15 391] isr        641  process_result call:  local  nil  0  2  
[2022/06/01 19:18:15 391] isr        798  3  msc  
[2022/06/01 19:18:15 392] isr        800  already speech end  
[2022/06/01 19:18:15 392] isr        723  local_cbmsg_handler  ,msg=  408  param1=  nil  
[2022/06/01 19:18:15 392] isr        734  local session recognized end!  
[2022/06/01 19:18:15 398] isr        1636 ASR_MSG_GRSLT,   local  
[2022/06/01 19:18:15 399] isr        1307 0  nil  5  
[2022/06/01 19:18:15 499] isr        1639 ASR_MSG_SSE,   local  
[2022/06/01 19:18:15 499] isr        1356 session_end() [in]  
[2022/06/01 19:18:15 499] isr        1377 local_session_end() [in]  
[2022/06/01 19:18:15 501] isr        1416 ASR_LOCAL_MSG_SSE net_type  nil  
[2022/06/01 19:18:15 502] isr        1667 isr unload!  
============================================================
Time  2022/06/01 19:21:49 948 
============================================================
[2022/06/01 19:21:49 948] isr        1659 isr loaded!  
[2022/06/01 19:21:49 948] isr        1642 SYS_MSG_REGCB param0 =   msp_status_cb  param1 =   func(54131f70) 
[2022/06/01 19:21:49 949] isr        1537 ASR_MSG_SSB  
[2022/06/01 19:21:49 949] isr        1066 session_begin() [in], params:   engine_type = local, 		asr_res_path = fo|/home/wheeltec/M2_SDK/offline_mic/bin/config/msc/res/asr/common.jet, sample_rate = 16000, 		grm_build_path = /home/wheeltec/M2_SDK/offline_mic/bin/config/msc/res/asr/GrmBuilld, local_grammar = call, 		result_type = xml, result_encoding = UTF-8,   nil  
[2022/06/01 19:21:49 949] isr        927  vad_set [in]  
[2022/06/01 19:21:49 949] isr        962  vad_enable :  true  
[2022/06/01 19:21:49 949] isr        980  vad_bos :  10000  
[2022/06/01 19:21:49 949] isr        981  vad_eos :  2000  
[2022/06/01 19:21:49 949] isr        886  enable_vad [in]  
[2022/06/01 19:21:49 950] isr        918  vad enabled!  2000  10000  
[2022/06/01 19:21:49 950] isr        921  enable_vad [out]  
[2022/06/01 19:21:49 950] isr        987  vad_set [out] | ret =  0  
[2022/06/01 19:21:49 950] isr        1182 cur_engine_type =   local  
[2022/06/01 19:21:49 950] isr        992  local_session_begin  
[2022/06/01 19:21:49 953] isr        1547 ASR_MSG_AUW,   local  
[2022/06/01 19:21:49 953] isr        1559 6400  1  
[2022/06/01 19:21:49 953] isr        1569 once_bytes:   6400  
[2022/06/01 19:21:49 955] isr        1547 ASR_MSG_AUW,   local  
[2022/06/01 19:21:49 955] isr        1559 6400  2  
[2022/06/01 19:21:49 956] isr        1547 ASR_MSG_AUW,   local  
[2022/06/01 19:21:49 956] isr        1559 6400  2  
[2022/06/01 19:21:49 957] isr        1547 ASR_MSG_AUW,   local  
[2022/06/01 19:21:49 957] isr        1559 6400  2  
[2022/06/01 19:21:49 958] isr        1547 ASR_MSG_AUW,   local  
[2022/06/01 19:21:49 959] isr        1559 6400  2  
[2022/06/01 19:21:49 960] isr        1547 ASR_MSG_AUW,   local  
[2022/06/01 19:21:49 960] isr        1559 6400  2  
[2022/06/01 19:21:49 963] isr        1547 ASR_MSG_AUW,   local  
[2022/06/01 19:21:49 963] isr        1559 6400  2  
[2022/06/01 19:21:49 964] isr        851  [aud] speech start  
[2022/06/01 19:21:49 965] isr        798  1  msc  
[2022/06/01 19:21:49 967] isr        1547 ASR_MSG_AUW,   local  
[2022/06/01 19:21:49 967] isr        1559 6400  2  
[2022/06/01 19:21:49 969] isr        1547 ASR_MSG_AUW,   local  
[2022/06/01 19:21:49 969] isr        1559 6400  2  
[2022/06/01 19:21:49 970] isr        1547 ASR_MSG_AUW,   local  
[2022/06/01 19:21:49 970] isr        1559 6400  2  
[2022/06/01 19:21:49 972] isr        1547 ASR_MSG_AUW,   local  
[2022/06/01 19:21:49 972] isr        1559 6400  2  
[2022/06/01 19:21:49 973] isr        1547 ASR_MSG_AUW,   local  
[2022/06/01 19:21:49 973] isr        1559 6400  2  
[2022/06/01 19:21:49 980] isr        1547 ASR_MSG_AUW,   local  
[2022/06/01 19:21:49 980] isr        1559 6400  2  
[2022/06/01 19:21:49 981] isr        1547 ASR_MSG_AUW,   local  
[2022/06/01 19:21:49 982] isr        1559 6400  2  
[2022/06/01 19:21:49 982] isr        1547 ASR_MSG_AUW,   local  
[2022/06/01 19:21:49 982] isr        1559 6400  2  
[2022/06/01 19:21:49 982] isr        1547 ASR_MSG_AUW,   local  
[2022/06/01 19:21:49 983] isr        1559 6400  2  
[2022/06/01 19:21:49 983] isr        1547 ASR_MSG_AUW,   local  
[2022/06/01 19:21:49 983] isr        1559 6400  2  
[2022/06/01 19:21:49 985] isr        1547 ASR_MSG_AUW,   local  
[2022/06/01 19:21:49 985] isr        1559 6400  2  
[2022/06/01 19:21:49 986] isr        1547 ASR_MSG_AUW,   local  
[2022/06/01 19:21:49 986] isr        1559 6400  2  
[2022/06/01 19:21:49 987] isr        1547 ASR_MSG_AUW,   local  
[2022/06/01 19:21:49 987] isr        1559 6400  2  
[2022/06/01 19:21:49 988] isr        1547 ASR_MSG_AUW,   local  
[2022/06/01 19:21:49 988] isr        1559 6400  2  
[2022/06/01 19:21:49 988] isr        1547 ASR_MSG_AUW,   local  
[2022/06/01 19:21:49 989] isr        1559 6400  2  
[2022/06/01 19:21:49 990] isr        1547 ASR_MSG_AUW,   local  
[2022/06/01 19:21:49 990] isr        1559 6400  2  
[2022/06/01 19:21:49 991] isr        1547 ASR_MSG_AUW,   local  
[2022/06/01 19:21:49 991] isr        1559 6400  2  
[2022/06/01 19:21:49 991] isr        1547 ASR_MSG_AUW,   local  
[2022/06/01 19:21:49 991] isr        1559 6400  2  
[2022/06/01 19:21:49 992] isr        1547 ASR_MSG_AUW,   local  
[2022/06/01 19:21:49 992] isr        1559 6400  2  
[2022/06/01 19:21:49 995] isr        1547 ASR_MSG_AUW,   local  
[2022/06/01 19:21:49 995] isr        1559 6400  2  
[2022/06/01 19:21:49 995] isr        1547 ASR_MSG_AUW,   local  
[2022/06/01 19:21:49 995] isr        1559 6400  2  
[2022/06/01 19:21:49 996] isr        1547 ASR_MSG_AUW,   local  
[2022/06/01 19:21:49 996] isr        1559 6400  2  
[2022/06/01 19:21:49 997] isr        1547 ASR_MSG_AUW,   local  
[2022/06/01 19:21:49 997] isr        1559 6400  2  
[2022/06/01 19:21:49 999] isr        1547 ASR_MSG_AUW,   local  
[2022/06/01 19:21:49 999] isr        1559 6400  2  
[2022/06/01 19:21:50 000] isr        1547 ASR_MSG_AUW,   local  
[2022/06/01 19:21:50 000] isr        1559 6400  2  
[2022/06/01 19:21:50 000] isr        1547 ASR_MSG_AUW,   local  
[2022/06/01 19:21:50 001] isr        1559 6400  2  
[2022/06/01 19:21:50 001] isr        1547 ASR_MSG_AUW,   local  
[2022/06/01 19:21:50 001] isr        1559 6400  2  
[2022/06/01 19:21:50 003] isr        1547 ASR_MSG_AUW,   local  
[2022/06/01 19:21:50 003] isr        1559 6400  2  
[2022/06/01 19:21:50 005] isr        1547 ASR_MSG_AUW,   local  
[2022/06/01 19:21:50 005] isr        1559 6400  2  
[2022/06/01 19:21:50 006] isr        1547 ASR_MSG_AUW,   local  
[2022/06/01 19:21:50 006] isr        1559 6400  2  
[2022/06/01 19:21:50 007] isr        1547 ASR_MSG_AUW,   local  
[2022/06/01 19:21:50 007] isr        1559 6400  2  
[2022/06/01 19:21:50 007] isr        1547 ASR_MSG_AUW,   local  
[2022/06/01 19:21:50 007] isr        1559 6400  2  
[2022/06/01 19:21:50 008] isr        1547 ASR_MSG_AUW,   local  
[2022/06/01 19:21:50 008] isr        1559 6400  2  
[2022/06/01 19:21:50 008] isr        1547 ASR_MSG_AUW,   local  
[2022/06/01 19:21:50 008] isr        1559 0  4  
[2022/06/01 19:21:50 009] isr        1592 aud end, USER  
[2022/06/01 19:21:50 025] isr        1636 ASR_MSG_GRSLT,   local  
[2022/06/01 19:21:50 025] isr        1307 0  nil  2  
[2022/06/01 19:21:50 075] isr        854  [aud] speech end  
[2022/06/01 19:21:50 075] isr        798  3  msc  
[2022/06/01 19:21:50 121] isr        723  local_cbmsg_handler  ,msg=  406  param1=  nil  
[2022/06/01 19:21:50 127] isr        1636 ASR_MSG_GRSLT,   local  
[2022/06/01 19:21:50 127] isr        1307 0  nil  2  
[2022/06/01 19:21:50 209] isr        723  local_cbmsg_handler  ,msg=  404  param1=  nil  
[2022/06/01 19:21:50 227] isr        1636 ASR_MSG_GRSLT,   local  
[2022/06/01 19:21:50 228] isr        1307 0  nil  2  
[2022/06/01 19:21:50 328] isr        1636 ASR_MSG_GRSLT,   local  
[2022/06/01 19:21:50 328] isr        1307 0  nil  2  
[2022/06/01 19:21:50 429] isr        1636 ASR_MSG_GRSLT,   local  
[2022/06/01 19:21:50 429] isr        1307 0  nil  2  
[2022/06/01 19:21:50 530] isr        1636 ASR_MSG_GRSLT,   local  
[2022/06/01 19:21:50 530] isr        1307 0  nil  2  
[2022/06/01 19:21:50 631] isr        1636 ASR_MSG_GRSLT,   local  
[2022/06/01 19:21:50 639] isr        1307 0  nil  2  
[2022/06/01 19:21:50 740] isr        1636 ASR_MSG_GRSLT,   local  
[2022/06/01 19:21:50 740] isr        1307 0  nil  2  
[2022/06/01 19:21:50 841] isr        1636 ASR_MSG_GRSLT,   local  
[2022/06/01 19:21:50 841] isr        1307 0  nil  2  
[2022/06/01 19:21:50 942] isr        1636 ASR_MSG_GRSLT,   local  
[2022/06/01 19:21:50 942] isr        1307 0  nil  2  
[2022/06/01 19:21:51 043] isr        1636 ASR_MSG_GRSLT,   local  
[2022/06/01 19:21:51 043] isr        1307 0  nil  2  
[2022/06/01 19:21:51 144] isr        1636 ASR_MSG_GRSLT,   local  
[2022/06/01 19:21:51 144] isr        1307 0  nil  2  
[2022/06/01 19:21:51 245] isr        1636 ASR_MSG_GRSLT,   local  
[2022/06/01 19:21:51 245] isr        1307 0  nil  2  
[2022/06/01 19:21:51 345] isr        1636 ASR_MSG_GRSLT,   local  
[2022/06/01 19:21:51 345] isr        1307 0  nil  2  
[2022/06/01 19:21:51 446] isr        1636 ASR_MSG_GRSLT,   local  
[2022/06/01 19:21:51 446] isr        1307 0  nil  2  
[2022/06/01 19:21:51 547] isr        1636 ASR_MSG_GRSLT,   local  
[2022/06/01 19:21:51 547] isr        1307 0  nil  2  
[2022/06/01 19:21:51 648] isr        1636 ASR_MSG_GRSLT,   local  
[2022/06/01 19:21:51 648] isr        1307 0  nil  2  
[2022/06/01 19:21:51 749] isr        1636 ASR_MSG_GRSLT,   local  
[2022/06/01 19:21:51 749] isr        1307 0  nil  2  
[2022/06/01 19:21:51 850] isr        1636 ASR_MSG_GRSLT,   local  
[2022/06/01 19:21:51 850] isr        1307 0  nil  2  
[2022/06/01 19:21:51 950] isr        1636 ASR_MSG_GRSLT,   local  
[2022/06/01 19:21:51 950] isr        1307 0  nil  2  
[2022/06/01 19:21:52 051] isr        1636 ASR_MSG_GRSLT,   local  
[2022/06/01 19:21:52 051] isr        1307 0  nil  2  
[2022/06/01 19:21:52 152] isr        1636 ASR_MSG_GRSLT,   local  
[2022/06/01 19:21:52 152] isr        1307 0  nil  2  
[2022/06/01 19:21:52 253] isr        1636 ASR_MSG_GRSLT,   local  
[2022/06/01 19:21:52 253] isr        1307 0  nil  2  
[2022/06/01 19:21:52 295] isr        723  local_cbmsg_handler  ,msg=  407  param1=  udata(54278ef8) 
[2022/06/01 19:21:52 296] isr        641  process_result call:  local  udata(54278ef8) 46  2  
[2022/06/01 19:21:52 296] isr        798  3  msc  
[2022/06/01 19:21:52 296] isr        800  already speech end  
[2022/06/01 19:21:52 296] isr        723  local_cbmsg_handler  ,msg=  408  param1=  nil  
[2022/06/01 19:21:52 296] isr        734  local session recognized end!  
[2022/06/01 19:21:52 354] isr        1636 ASR_MSG_GRSLT,   local  
[2022/06/01 19:21:52 354] isr        1307 0  udata(54278ef8) 5  
[2022/06/01 19:21:52 454] isr        1639 ASR_MSG_SSE,   local  
[2022/06/01 19:21:52 455] isr        1356 session_end() [in]  
[2022/06/01 19:21:52 455] isr        1377 local_session_end() [in]  
[2022/06/01 19:21:52 456] isr        1416 ASR_LOCAL_MSG_SSE net_type  nil  
[2022/06/01 19:21:52 457] isr        1667 isr unload!  
============================================================
Time  2022/06/01 19:21:57 965 
============================================================
[2022/06/01 19:21:57 966] isr        1659 isr loaded!  
[2022/06/01 19:21:57 966] isr        1642 SYS_MSG_REGCB param0 =   msp_status_cb  param1 =   func(4c024310) 
[2022/06/01 19:21:57 966] isr        1537 ASR_MSG_SSB  
[2022/06/01 19:21:57 966] isr        1066 session_begin() [in], params:   engine_type = local, 		asr_res_path = fo|/home/wheeltec/M2_SDK/offline_mic/bin/config/msc/res/asr/common.jet, sample_rate = 16000, 		grm_build_path = /home/wheeltec/M2_SDK/offline_mic/bin/config/msc/res/asr/GrmBuilld, local_grammar = call, 		result_type = xml, result_encoding = UTF-8,   nil  
[2022/06/01 19:21:57 966] isr        927  vad_set [in]  
[2022/06/01 19:21:57 966] isr        962  vad_enable :  true  
[2022/06/01 19:21:57 967] isr        980  vad_bos :  10000  
[2022/06/01 19:21:57 967] isr        981  vad_eos :  2000  
[2022/06/01 19:21:57 967] isr        886  enable_vad [in]  
[2022/06/01 19:21:57 967] isr        918  vad enabled!  2000  10000  
[2022/06/01 19:21:57 967] isr        921  enable_vad [out]  
[2022/06/01 19:21:57 967] isr        987  vad_set [out] | ret =  0  
[2022/06/01 19:21:57 968] isr        1182 cur_engine_type =   local  
[2022/06/01 19:21:57 968] isr        992  local_session_begin  
[2022/06/01 19:21:57 970] isr        1547 ASR_MSG_AUW,   local  
[2022/06/01 19:21:57 970] isr        1559 6400  1  
[2022/06/01 19:21:57 971] isr        1569 once_bytes:   6400  
[2022/06/01 19:21:57 972] isr        1547 ASR_MSG_AUW,   local  
[2022/06/01 19:21:57 972] isr        1559 6400  2  
[2022/06/01 19:21:57 973] isr        1547 ASR_MSG_AUW,   local  
[2022/06/01 19:21:57 974] isr        1559 6400  2  
[2022/06/01 19:21:57 976] isr        1547 ASR_MSG_AUW,   local  
[2022/06/01 19:21:57 976] isr        1559 6400  2  
[2022/06/01 19:21:57 978] isr        1547 ASR_MSG_AUW,   local  
[2022/06/01 19:21:57 978] isr        1559 6400  2  
[2022/06/01 19:21:57 979] isr        1547 ASR_MSG_AUW,   local  
[2022/06/01 19:21:57 979] isr        1559 6400  2  
[2022/06/01 19:21:57 982] isr        1547 ASR_MSG_AUW,   local  
[2022/06/01 19:21:57 982] isr        1559 6400  2  
[2022/06/01 19:21:57 983] isr        851  [aud] speech start  
[2022/06/01 19:21:57 983] isr        798  1  msc  
[2022/06/01 19:21:57 985] isr        1547 ASR_MSG_AUW,   local  
[2022/06/01 19:21:57 985] isr        1559 6400  2  
[2022/06/01 19:21:57 986] isr        1547 ASR_MSG_AUW,   local  
[2022/06/01 19:21:57 986] isr        1559 6400  2  
[2022/06/01 19:21:57 986] isr        1547 ASR_MSG_AUW,   local  
[2022/06/01 19:21:57 987] isr        1559 6400  2  
[2022/06/01 19:21:57 987] isr        1547 ASR_MSG_AUW,   local  
[2022/06/01 19:21:57 987] isr        1559 6400  2  
[2022/06/01 19:21:57 988] isr        1547 ASR_MSG_AUW,   local  
[2022/06/01 19:21:57 988] isr        1559 6400  2  
[2022/06/01 19:21:57 989] isr        1547 ASR_MSG_AUW,   local  
[2022/06/01 19:21:57 989] isr        1559 6400  2  
[2022/06/01 19:21:57 990] isr        1547 ASR_MSG_AUW,   local  
[2022/06/01 19:21:57 990] isr        1559 6400  2  
[2022/06/01 19:21:57 993] isr        1547 ASR_MSG_AUW,   local  
[2022/06/01 19:21:57 993] isr        1559 6400  2  
[2022/06/01 19:21:57 993] isr        1547 ASR_MSG_AUW,   local  
[2022/06/01 19:21:57 993] isr        1559 6400  2  
[2022/06/01 19:21:57 994] isr        1547 ASR_MSG_AUW,   local  
[2022/06/01 19:21:57 994] isr        1559 6400  2  
[2022/06/01 19:21:57 995] isr        1547 ASR_MSG_AUW,   local  
[2022/06/01 19:21:57 995] isr        1559 6400  2  
[2022/06/01 19:21:57 995] isr        1547 ASR_MSG_AUW,   local  
[2022/06/01 19:21:57 995] isr        1559 6400  2  
[2022/06/01 19:21:57 996] isr        1547 ASR_MSG_AUW,   local  
[2022/06/01 19:21:57 996] isr        1559 6400  2  
[2022/06/01 19:21:57 996] isr        1547 ASR_MSG_AUW,   local  
[2022/06/01 19:21:57 997] isr        1559 0  4  
[2022/06/01 19:21:57 997] isr        1592 aud end, USER  
[2022/06/01 19:21:58 003] isr        1636 ASR_MSG_GRSLT,   local  
[2022/06/01 19:21:58 003] isr        1307 0  nil  2  
[2022/06/01 19:21:58 033] isr        854  [aud] speech end  
[2022/06/01 19:21:58 033] isr        798  3  msc  
[2022/06/01 19:21:58 104] isr        1636 ASR_MSG_GRSLT,   local  
[2022/06/01 19:21:58 104] isr        1307 0  nil  2  
[2022/06/01 19:21:58 123] isr        723  local_cbmsg_handler  ,msg=  406  param1=  nil  
[2022/06/01 19:21:58 204] isr        1636 ASR_MSG_GRSLT,   local  
[2022/06/01 19:21:58 205] isr        1307 0  nil  2  
[2022/06/01 19:21:58 218] isr        723  local_cbmsg_handler  ,msg=  404  param1=  nil  
[2022/06/01 19:21:58 306] isr        1636 ASR_MSG_GRSLT,   local  
[2022/06/01 19:21:58 306] isr        1307 0  nil  2  
[2022/06/01 19:21:58 406] isr        1636 ASR_MSG_GRSLT,   local  
[2022/06/01 19:21:58 407] isr        1307 0  nil  2  
[2022/06/01 19:21:58 507] isr        1636 ASR_MSG_GRSLT,   local  
[2022/06/01 19:21:58 507] isr        1307 0  nil  2  
[2022/06/01 19:21:58 608] isr        1636 ASR_MSG_GRSLT,   local  
[2022/06/01 19:21:58 608] isr        1307 0  nil  2  
[2022/06/01 19:21:58 709] isr        1636 ASR_MSG_GRSLT,   local  
[2022/06/01 19:21:58 709] isr        1307 0  nil  2  
[2022/06/01 19:21:58 810] isr        1636 ASR_MSG_GRSLT,   local  
[2022/06/01 19:21:58 810] isr        1307 0  nil  2  
[2022/06/01 19:21:58 910] isr        1636 ASR_MSG_GRSLT,   local  
[2022/06/01 19:21:58 911] isr        1307 0  nil  2  
[2022/06/01 19:21:59 011] isr        1636 ASR_MSG_GRSLT,   local  
[2022/06/01 19:21:59 011] isr        1307 0  nil  2  
[2022/06/01 19:21:59 112] isr        1636 ASR_MSG_GRSLT,   local  
[2022/06/01 19:21:59 112] isr        1307 0  nil  2  
[2022/06/01 19:21:59 213] isr        1636 ASR_MSG_GRSLT,   local  
[2022/06/01 19:21:59 213] isr        1307 0  nil  2  
[2022/06/01 19:21:59 290] isr        723  local_cbmsg_handler  ,msg=  407  param1=  udata(680d56b8) 
[2022/06/01 19:21:59 290] isr        641  process_result call:  local  udata(680d56b8) 40  2  
[2022/06/01 19:21:59 291] isr        798  3  msc  
[2022/06/01 19:21:59 291] isr        800  already speech end  
[2022/06/01 19:21:59 291] isr        723  local_cbmsg_handler  ,msg=  408  param1=  nil  
[2022/06/01 19:21:59 291] isr        734  local session recognized end!  
[2022/06/01 19:21:59 314] isr        1636 ASR_MSG_GRSLT,   local  
[2022/06/01 19:21:59 314] isr        1307 0  udata(680d56b8) 5  
[2022/06/01 19:21:59 414] isr        1639 ASR_MSG_SSE,   local  
[2022/06/01 19:21:59 414] isr        1356 session_end() [in]  
[2022/06/01 19:21:59 414] isr        1377 local_session_end() [in]  
[2022/06/01 19:21:59 416] isr        1416 ASR_LOCAL_MSG_SSE net_type  nil  
[2022/06/01 19:21:59 417] isr        1667 isr unload!  
============================================================
Time  2022/06/01 19:22:06 057 
============================================================
[2022/06/01 19:22:06 057] isr        1659 isr loaded!  
[2022/06/01 19:22:06 057] isr        1642 SYS_MSG_REGCB param0 =   msp_status_cb  param1 =   func(4806cd90) 
[2022/06/01 19:22:06 057] isr        1537 ASR_MSG_SSB  
[2022/06/01 19:22:06 058] isr        1066 session_begin() [in], params:   engine_type = local, 		asr_res_path = fo|/home/wheeltec/M2_SDK/offline_mic/bin/config/msc/res/asr/common.jet, sample_rate = 16000, 		grm_build_path = /home/wheeltec/M2_SDK/offline_mic/bin/config/msc/res/asr/GrmBuilld, local_grammar = call, 		result_type = xml, result_encoding = UTF-8,   nil  
[2022/06/01 19:22:06 058] isr        927  vad_set [in]  
[2022/06/01 19:22:06 058] isr        962  vad_enable :  true  
[2022/06/01 19:22:06 058] isr        980  vad_bos :  10000  
[2022/06/01 19:22:06 058] isr        981  vad_eos :  2000  
[2022/06/01 19:22:06 058] isr        886  enable_vad [in]  
[2022/06/01 19:22:06 059] isr        918  vad enabled!  2000  10000  
[2022/06/01 19:22:06 059] isr        921  enable_vad [out]  
[2022/06/01 19:22:06 059] isr        987  vad_set [out] | ret =  0  
[2022/06/01 19:22:06 059] isr        1182 cur_engine_type =   local  
[2022/06/01 19:22:06 059] isr        992  local_session_begin  
[2022/06/01 19:22:06 062] isr        1547 ASR_MSG_AUW,   local  
[2022/06/01 19:22:06 062] isr        1559 6400  1  
[2022/06/01 19:22:06 062] isr        1569 once_bytes:   6400  
[2022/06/01 19:22:06 063] isr        1547 ASR_MSG_AUW,   local  
[2022/06/01 19:22:06 063] isr        1559 6400  2  
[2022/06/01 19:22:06 065] isr        1547 ASR_MSG_AUW,   local  
[2022/06/01 19:22:06 065] isr        1559 6400  2  
[2022/06/01 19:22:06 067] isr        1547 ASR_MSG_AUW,   local  
[2022/06/01 19:22:06 067] isr        1559 6400  2  
[2022/06/01 19:22:06 068] isr        1547 ASR_MSG_AUW,   local  
[2022/06/01 19:22:06 069] isr        1559 6400  2  
[2022/06/01 19:22:06 070] isr        1547 ASR_MSG_AUW,   local  
[2022/06/01 19:22:06 070] isr        1559 6400  2  
[2022/06/01 19:22:06 072] isr        1547 ASR_MSG_AUW,   local  
[2022/06/01 19:22:06 072] isr        1559 6400  2  
[2022/06/01 19:22:06 078] isr        851  [aud] speech start  
[2022/06/01 19:22:06 078] isr        798  1  msc  
[2022/06/01 19:22:06 079] isr        1547 ASR_MSG_AUW,   local  
[2022/06/01 19:22:06 079] isr        1559 6400  2  
[2022/06/01 19:22:06 080] isr        1547 ASR_MSG_AUW,   local  
[2022/06/01 19:22:06 080] isr        1559 6400  2  
[2022/06/01 19:22:06 081] isr        1547 ASR_MSG_AUW,   local  
[2022/06/01 19:22:06 081] isr        1559 6400  2  
[2022/06/01 19:22:06 082] isr        1547 ASR_MSG_AUW,   local  
[2022/06/01 19:22:06 082] isr        1559 6400  2  
[2022/06/01 19:22:06 083] isr        1547 ASR_MSG_AUW,   local  
[2022/06/01 19:22:06 083] isr        1559 6400  2  
[2022/06/01 19:22:06 084] isr        1547 ASR_MSG_AUW,   local  
[2022/06/01 19:22:06 084] isr        1559 6400  2  
[2022/06/01 19:22:06 086] isr        1547 ASR_MSG_AUW,   local  
[2022/06/01 19:22:06 086] isr        1559 6400  2  
[2022/06/01 19:22:06 086] isr        1547 ASR_MSG_AUW,   local  
[2022/06/01 19:22:06 087] isr        1559 6400  2  
[2022/06/01 19:22:06 087] isr        1547 ASR_MSG_AUW,   local  
[2022/06/01 19:22:06 087] isr        1559 6400  2  
[2022/06/01 19:22:06 088] isr        1547 ASR_MSG_AUW,   local  
[2022/06/01 19:22:06 088] isr        1559 6400  2  
[2022/06/01 19:22:06 090] isr        1547 ASR_MSG_AUW,   local  
[2022/06/01 19:22:06 090] isr        1559 6400  2  
[2022/06/01 19:22:06 091] isr        1547 ASR_MSG_AUW,   local  
[2022/06/01 19:22:06 091] isr        1559 6400  2  
[2022/06/01 19:22:06 091] isr        1547 ASR_MSG_AUW,   local  
[2022/06/01 19:22:06 092] isr        1559 6400  2  
[2022/06/01 19:22:06 092] isr        1547 ASR_MSG_AUW,   local  
[2022/06/01 19:22:06 093] isr        1559 6400  2  
[2022/06/01 19:22:06 093] isr        1547 ASR_MSG_AUW,   local  
[2022/06/01 19:22:06 093] isr        1559 6400  2  
[2022/06/01 19:22:06 094] isr        1547 ASR_MSG_AUW,   local  
[2022/06/01 19:22:06 094] isr        1559 6400  2  
[2022/06/01 19:22:06 095] isr        1547 ASR_MSG_AUW,   local  
[2022/06/01 19:22:06 095] isr        1559 6400  2  
[2022/06/01 19:22:06 096] isr        1547 ASR_MSG_AUW,   local  
[2022/06/01 19:22:06 096] isr        1559 10400  2  
[2022/06/01 19:22:06 097] isr        1547 ASR_MSG_AUW,   local  
[2022/06/01 19:22:06 097] isr        1559 0  4  
[2022/06/01 19:22:06 097] isr        1592 aud end, USER  
[2022/06/01 19:22:06 108] isr        1636 ASR_MSG_GRSLT,   local  
[2022/06/01 19:22:06 108] isr        1307 0  nil  2  
[2022/06/01 19:22:06 137] isr        854  [aud] speech end  
[2022/06/01 19:22:06 138] isr        798  3  msc  
[2022/06/01 19:22:06 208] isr        1636 ASR_MSG_GRSLT,   local  
[2022/06/01 19:22:06 208] isr        1307 0  nil  2  
[2022/06/01 19:22:06 218] isr        723  local_cbmsg_handler  ,msg=  406  param1=  nil  
[2022/06/01 19:22:06 308] isr        723  local_cbmsg_handler  ,msg=  404  param1=  nil  
[2022/06/01 19:22:06 309] isr        1636 ASR_MSG_GRSLT,   local  
[2022/06/01 19:22:06 309] isr        1307 0  nil  2  
[2022/06/01 19:22:06 410] isr        1636 ASR_MSG_GRSLT,   local  
[2022/06/01 19:22:06 410] isr        1307 0  nil  2  
[2022/06/01 19:22:06 511] isr        1636 ASR_MSG_GRSLT,   local  
[2022/06/01 19:22:06 511] isr        1307 0  nil  2  
[2022/06/01 19:22:06 612] isr        1636 ASR_MSG_GRSLT,   local  
[2022/06/01 19:22:06 612] isr        1307 0  nil  2  
[2022/06/01 19:22:06 712] isr        1636 ASR_MSG_GRSLT,   local  
[2022/06/01 19:22:06 712] isr        1307 0  nil  2  
[2022/06/01 19:22:06 813] isr        1636 ASR_MSG_GRSLT,   local  
[2022/06/01 19:22:06 813] isr        1307 0  nil  2  
[2022/06/01 19:22:06 914] isr        1636 ASR_MSG_GRSLT,   local  
[2022/06/01 19:22:06 914] isr        1307 0  nil  2  
[2022/06/01 19:22:07 015] isr        1636 ASR_MSG_GRSLT,   local  
[2022/06/01 19:22:07 015] isr        1307 0  nil  2  
[2022/06/01 19:22:07 116] isr        1636 ASR_MSG_GRSLT,   local  
[2022/06/01 19:22:07 116] isr        1307 0  nil  2  
[2022/06/01 19:22:07 216] isr        1636 ASR_MSG_GRSLT,   local  
[2022/06/01 19:22:07 217] isr        1307 0  nil  2  
[2022/06/01 19:22:07 317] isr        1636 ASR_MSG_GRSLT,   local  
[2022/06/01 19:22:07 317] isr        1307 0  nil  2  
[2022/06/01 19:22:07 418] isr        1636 ASR_MSG_GRSLT,   local  
[2022/06/01 19:22:07 418] isr        1307 0  nil  2  
[2022/06/01 19:22:07 433] isr        723  local_cbmsg_handler  ,msg=  407  param1=  udata(4804a1b8) 
[2022/06/01 19:22:07 433] isr        641  process_result call:  local  udata(4804a1b8) 59  2  
[2022/06/01 19:22:07 433] isr        798  3  msc  
[2022/06/01 19:22:07 434] isr        800  already speech end  
[2022/06/01 19:22:07 434] isr        723  local_cbmsg_handler  ,msg=  408  param1=  nil  
[2022/06/01 19:22:07 434] isr        734  local session recognized end!  
[2022/06/01 19:22:07 519] isr        1636 ASR_MSG_GRSLT,   local  
[2022/06/01 19:22:07 519] isr        1307 0  udata(4804a1b8) 5  
[2022/06/01 19:22:07 620] isr        1639 ASR_MSG_SSE,   local  
[2022/06/01 19:22:07 620] isr        1356 session_end() [in]  
[2022/06/01 19:22:07 620] isr        1377 local_session_end() [in]  
[2022/06/01 19:22:07 622] isr        1416 ASR_LOCAL_MSG_SSE net_type  nil  
[2022/06/01 19:22:07 622] isr        1667 isr unload!  
============================================================
Time  2022/06/01 19:22:14 005 
============================================================
[2022/06/01 19:22:14 005] isr        1659 isr loaded!  
[2022/06/01 19:22:14 005] isr        1642 SYS_MSG_REGCB param0 =   msp_status_cb  param1 =   func(6802fb00) 
[2022/06/01 19:22:14 005] isr        1537 ASR_MSG_SSB  
[2022/06/01 19:22:14 006] isr        1066 session_begin() [in], params:   engine_type = local, 		asr_res_path = fo|/home/wheeltec/M2_SDK/offline_mic/bin/config/msc/res/asr/common.jet, sample_rate = 16000, 		grm_build_path = /home/wheeltec/M2_SDK/offline_mic/bin/config/msc/res/asr/GrmBuilld, local_grammar = call, 		result_type = xml, result_encoding = UTF-8,   nil  
[2022/06/01 19:22:14 006] isr        927  vad_set [in]  
[2022/06/01 19:22:14 006] isr        962  vad_enable :  true  
[2022/06/01 19:22:14 006] isr        980  vad_bos :  10000  
[2022/06/01 19:22:14 006] isr        981  vad_eos :  2000  
[2022/06/01 19:22:14 006] isr        886  enable_vad [in]  
[2022/06/01 19:22:14 007] isr        918  vad enabled!  2000  10000  
[2022/06/01 19:22:14 007] isr        921  enable_vad [out]  
[2022/06/01 19:22:14 007] isr        987  vad_set [out] | ret =  0  
[2022/06/01 19:22:14 007] isr        1182 cur_engine_type =   local  
[2022/06/01 19:22:14 007] isr        992  local_session_begin  
[2022/06/01 19:22:14 009] isr        1547 ASR_MSG_AUW,   local  
[2022/06/01 19:22:14 010] isr        1559 6400  1  
[2022/06/01 19:22:14 010] isr        1569 once_bytes:   6400  
[2022/06/01 19:22:14 011] isr        1547 ASR_MSG_AUW,   local  
[2022/06/01 19:22:14 012] isr        1559 6400  2  
[2022/06/01 19:22:14 013] isr        1547 ASR_MSG_AUW,   local  
[2022/06/01 19:22:14 013] isr        1559 6400  2  
[2022/06/01 19:22:14 015] isr        1547 ASR_MSG_AUW,   local  
[2022/06/01 19:22:14 015] isr        1559 6400  2  
[2022/06/01 19:22:14 016] isr        1547 ASR_MSG_AUW,   local  
[2022/06/01 19:22:14 017] isr        1559 6400  2  
[2022/06/01 19:22:14 019] isr        1547 ASR_MSG_AUW,   local  
[2022/06/01 19:22:14 019] isr        1559 6400  2  
[2022/06/01 19:22:14 020] isr        1547 ASR_MSG_AUW,   local  
[2022/06/01 19:22:14 020] isr        1559 6400  2  
[2022/06/01 19:22:14 021] isr        1547 ASR_MSG_AUW,   local  
[2022/06/01 19:22:14 021] isr        1559 6400  2  
[2022/06/01 19:22:14 025] isr        1547 ASR_MSG_AUW,   local  
[2022/06/01 19:22:14 025] isr        1559 6400  2  
[2022/06/01 19:22:14 026] isr        851  [aud] speech start  
[2022/06/01 19:22:14 026] isr        798  1  msc  
[2022/06/01 19:22:14 028] isr        1547 ASR_MSG_AUW,   local  
[2022/06/01 19:22:14 028] isr        1559 6400  2  
[2022/06/01 19:22:14 029] isr        1547 ASR_MSG_AUW,   local  
[2022/06/01 19:22:14 029] isr        1559 6400  2  
[2022/06/01 19:22:14 030] isr        1547 ASR_MSG_AUW,   local  
[2022/06/01 19:22:14 030] isr        1559 6400  2  
[2022/06/01 19:22:14 031] isr        1547 ASR_MSG_AUW,   local  
[2022/06/01 19:22:14 031] isr        1559 6400  2  
[2022/06/01 19:22:14 031] isr        1547 ASR_MSG_AUW,   local  
[2022/06/01 19:22:14 032] isr        1559 6400  2  
[2022/06/01 19:22:14 032] isr        1547 ASR_MSG_AUW,   local  
[2022/06/01 19:22:14 032] isr        1559 6400  2  
[2022/06/01 19:22:14 034] isr        1547 ASR_MSG_AUW,   local  
[2022/06/01 19:22:14 034] isr        1559 6400  2  
[2022/06/01 19:22:14 035] isr        1547 ASR_MSG_AUW,   local  
[2022/06/01 19:22:14 035] isr        1559 6400  2  
[2022/06/01 19:22:14 036] isr        1547 ASR_MSG_AUW,   local  
[2022/06/01 19:22:14 036] isr        1559 6400  2  
[2022/06/01 19:22:14 036] isr        1547 ASR_MSG_AUW,   local  
[2022/06/01 19:22:14 036] isr        1559 6400  2  
[2022/06/01 19:22:14 037] isr        1547 ASR_MSG_AUW,   local  
[2022/06/01 19:22:14 037] isr        1559 6400  2  
[2022/06/01 19:22:14 039] isr        1547 ASR_MSG_AUW,   local  
[2022/06/01 19:22:14 039] isr        1559 6400  2  
[2022/06/01 19:22:14 040] isr        1547 ASR_MSG_AUW,   local  
[2022/06/01 19:22:14 040] isr        1559 6400  2  
[2022/06/01 19:22:14 040] isr        1547 ASR_MSG_AUW,   local  
[2022/06/01 19:22:14 041] isr        1559 6400  2  
[2022/06/01 19:22:14 042] isr        1547 ASR_MSG_AUW,   local  
[2022/06/01 19:22:14 042] isr        1559 8800  2  
[2022/06/01 19:22:14 042] isr        1547 ASR_MSG_AUW,   local  
[2022/06/01 19:22:14 042] isr        1559 0  4  
[2022/06/01 19:22:14 042] isr        1592 aud end, USER  
[2022/06/01 19:22:14 047] isr        1636 ASR_MSG_GRSLT,   local  
[2022/06/01 19:22:14 047] isr        1307 0  nil  2  
[2022/06/01 19:22:14 083] isr        854  [aud] speech end  
[2022/06/01 19:22:14 083] isr        798  3  msc  
[2022/06/01 19:22:14 147] isr        1636 ASR_MSG_GRSLT,   local  
[2022/06/01 19:22:14 147] isr        1307 0  nil  2  
[2022/06/01 19:22:14 163] isr        723  local_cbmsg_handler  ,msg=  406  param1=  nil  
[2022/06/01 19:22:14 248] isr        1636 ASR_MSG_GRSLT,   local  
[2022/06/01 19:22:14 248] isr        1307 0  nil  2  
[2022/06/01 19:22:14 276] isr        723  local_cbmsg_handler  ,msg=  404  param1=  nil  
[2022/06/01 19:22:14 349] isr        1636 ASR_MSG_GRSLT,   local  
[2022/06/01 19:22:14 349] isr        1307 0  nil  2  
[2022/06/01 19:22:14 450] isr        1636 ASR_MSG_GRSLT,   local  
[2022/06/01 19:22:14 450] isr        1307 0  nil  2  
[2022/06/01 19:22:14 551] isr        1636 ASR_MSG_GRSLT,   local  
[2022/06/01 19:22:14 551] isr        1307 0  nil  2  
[2022/06/01 19:22:14 651] isr        1636 ASR_MSG_GRSLT,   local  
[2022/06/01 19:22:14 652] isr        1307 0  nil  2  
[2022/06/01 19:22:14 752] isr        1636 ASR_MSG_GRSLT,   local  
[2022/06/01 19:22:14 752] isr        1307 0  nil  2  
[2022/06/01 19:22:14 853] isr        1636 ASR_MSG_GRSLT,   local  
[2022/06/01 19:22:14 853] isr        1307 0  nil  2  
[2022/06/01 19:22:14 954] isr        1636 ASR_MSG_GRSLT,   local  
[2022/06/01 19:22:14 954] isr        1307 0  nil  2  
[2022/06/01 19:22:15 055] isr        1636 ASR_MSG_GRSLT,   local  
[2022/06/01 19:22:15 055] isr        1307 0  nil  2  
[2022/06/01 19:22:15 155] isr        1636 ASR_MSG_GRSLT,   local  
[2022/06/01 19:22:15 156] isr        1307 0  nil  2  
[2022/06/01 19:22:15 256] isr        1636 ASR_MSG_GRSLT,   local  
[2022/06/01 19:22:15 256] isr        1307 0  nil  2  
[2022/06/01 19:22:15 272] isr        723  local_cbmsg_handler  ,msg=  407  param1=  udata(68035f98) 
[2022/06/01 19:22:15 273] isr        641  process_result call:  local  udata(68035f98) 56  2  
[2022/06/01 19:22:15 273] isr        798  3  msc  
[2022/06/01 19:22:15 273] isr        800  already speech end  
[2022/06/01 19:22:15 273] isr        723  local_cbmsg_handler  ,msg=  408  param1=  nil  
[2022/06/01 19:22:15 273] isr        734  local session recognized end!  
[2022/06/01 19:22:15 357] isr        1636 ASR_MSG_GRSLT,   local  
[2022/06/01 19:22:15 357] isr        1307 0  udata(68035f98) 5  
[2022/06/01 19:22:15 458] isr        1639 ASR_MSG_SSE,   local  
[2022/06/01 19:22:15 458] isr        1356 session_end() [in]  
[2022/06/01 19:22:15 458] isr        1377 local_session_end() [in]  
[2022/06/01 19:22:15 459] isr        1416 ASR_LOCAL_MSG_SSE net_type  nil  
[2022/06/01 19:22:15 460] isr        1667 isr unload!  
============================================================
Time  2022/06/01 19:22:21 980 
============================================================
[2022/06/01 19:22:21 980] isr        1659 isr loaded!  
[2022/06/01 19:22:21 980] isr        1642 SYS_MSG_REGCB param0 =   msp_status_cb  param1 =   func(4806ceb0) 
[2022/06/01 19:22:21 980] isr        1537 ASR_MSG_SSB  
[2022/06/01 19:22:21 981] isr        1066 session_begin() [in], params:   engine_type = local, 		asr_res_path = fo|/home/wheeltec/M2_SDK/offline_mic/bin/config/msc/res/asr/common.jet, sample_rate = 16000, 		grm_build_path = /home/wheeltec/M2_SDK/offline_mic/bin/config/msc/res/asr/GrmBuilld, local_grammar = call, 		result_type = xml, result_encoding = UTF-8,   nil  
[2022/06/01 19:22:21 981] isr        927  vad_set [in]  
[2022/06/01 19:22:21 981] isr        962  vad_enable :  true  
[2022/06/01 19:22:21 981] isr        980  vad_bos :  10000  
[2022/06/01 19:22:21 981] isr        981  vad_eos :  2000  
[2022/06/01 19:22:21 981] isr        886  enable_vad [in]  
[2022/06/01 19:22:21 982] isr        918  vad enabled!  2000  10000  
[2022/06/01 19:22:21 982] isr        921  enable_vad [out]  
[2022/06/01 19:22:21 982] isr        987  vad_set [out] | ret =  0  
[2022/06/01 19:22:21 982] isr        1182 cur_engine_type =   local  
[2022/06/01 19:22:21 982] isr        992  local_session_begin  
[2022/06/01 19:22:21 984] isr        1547 ASR_MSG_AUW,   local  
[2022/06/01 19:22:21 985] isr        1559 6400  1  
[2022/06/01 19:22:21 985] isr        1569 once_bytes:   6400  
[2022/06/01 19:22:21 986] isr        1547 ASR_MSG_AUW,   local  
[2022/06/01 19:22:21 987] isr        1559 6400  2  
[2022/06/01 19:22:21 988] isr        1547 ASR_MSG_AUW,   local  
[2022/06/01 19:22:21 988] isr        1559 6400  2  
[2022/06/01 19:22:21 989] isr        1547 ASR_MSG_AUW,   local  
[2022/06/01 19:22:21 990] isr        1559 6400  2  
[2022/06/01 19:22:21 991] isr        1547 ASR_MSG_AUW,   local  
[2022/06/01 19:22:21 991] isr        1559 6400  2  
[2022/06/01 19:22:21 992] isr        1547 ASR_MSG_AUW,   local  
[2022/06/01 19:22:21 993] isr        1559 6400  2  
[2022/06/01 19:22:21 994] isr        1547 ASR_MSG_AUW,   local  
[2022/06/01 19:22:21 994] isr        1559 6400  2  
[2022/06/01 19:22:21 998] isr        1547 ASR_MSG_AUW,   local  
[2022/06/01 19:22:21 998] isr        1559 6400  2  
[2022/06/01 19:22:22 000] isr        851  [aud] speech start  
[2022/06/01 19:22:22 000] isr        798  1  msc  
[2022/06/01 19:22:22 003] isr        1547 ASR_MSG_AUW,   local  
[2022/06/01 19:22:22 003] isr        1559 6400  2  
[2022/06/01 19:22:22 003] isr        1547 ASR_MSG_AUW,   local  
[2022/06/01 19:22:22 004] isr        1559 6400  2  
[2022/06/01 19:22:22 004] isr        1547 ASR_MSG_AUW,   local  
[2022/06/01 19:22:22 005] isr        1559 6400  2  
[2022/06/01 19:22:22 006] isr        1547 ASR_MSG_AUW,   local  
[2022/06/01 19:22:22 006] isr        1559 6400  2  
[2022/06/01 19:22:22 007] isr        1547 ASR_MSG_AUW,   local  
[2022/06/01 19:22:22 007] isr        1559 6400  2  
[2022/06/01 19:22:22 008] isr        1547 ASR_MSG_AUW,   local  
[2022/06/01 19:22:22 008] isr        1559 6400  2  
[2022/06/01 19:22:22 009] isr        1547 ASR_MSG_AUW,   local  
[2022/06/01 19:22:22 009] isr        1559 6400  2  
[2022/06/01 19:22:22 009] isr        1547 ASR_MSG_AUW,   local  
[2022/06/01 19:22:22 009] isr        1559 6400  2  
[2022/06/01 19:22:22 011] isr        1547 ASR_MSG_AUW,   local  
[2022/06/01 19:22:22 011] isr        1559 6400  2  
[2022/06/01 19:22:22 012] isr        1547 ASR_MSG_AUW,   local  
[2022/06/01 19:22:22 012] isr        1559 6400  2  
[2022/06/01 19:22:22 013] isr        1547 ASR_MSG_AUW,   local  
[2022/06/01 19:22:22 013] isr        1559 6400  2  
[2022/06/01 19:22:22 014] isr        1547 ASR_MSG_AUW,   local  
[2022/06/01 19:22:22 014] isr        1559 6400  2  
[2022/06/01 19:22:22 015] isr        1547 ASR_MSG_AUW,   local  
[2022/06/01 19:22:22 015] isr        1559 6400  2  
[2022/06/01 19:22:22 016] isr        1547 ASR_MSG_AUW,   local  
[2022/06/01 19:22:22 016] isr        1559 6400  2  
[2022/06/01 19:22:22 018] isr        1547 ASR_MSG_AUW,   local  
[2022/06/01 19:22:22 018] isr        1559 6400  2  
[2022/06/01 19:22:22 018] isr        1547 ASR_MSG_AUW,   local  
[2022/06/01 19:22:22 018] isr        1559 6400  2  
[2022/06/01 19:22:22 019] isr        1547 ASR_MSG_AUW,   local  
[2022/06/01 19:22:22 019] isr        1559 6400  2  
[2022/06/01 19:22:22 020] isr        1547 ASR_MSG_AUW,   local  
[2022/06/01 19:22:22 020] isr        1559 0  4  
[2022/06/01 19:22:22 020] isr        1592 aud end, USER  
[2022/06/01 19:22:22 031] isr        854  [aud] speech end  
[2022/06/01 19:22:22 032] isr        798  3  msc  
[2022/06/01 19:22:22 032] isr        1636 ASR_MSG_GRSLT,   local  
[2022/06/01 19:22:22 033] isr        1307 0  nil  2  
[2022/06/01 19:22:22 133] isr        1636 ASR_MSG_GRSLT,   local  
[2022/06/01 19:22:22 133] isr        1307 0  nil  2  
[2022/06/01 19:22:22 138] isr        723  local_cbmsg_handler  ,msg=  406  param1=  nil  
[2022/06/01 19:22:22 230] isr        723  local_cbmsg_handler  ,msg=  404  param1=  nil  
[2022/06/01 19:22:22 234] isr        1636 ASR_MSG_GRSLT,   local  
[2022/06/01 19:22:22 234] isr        1307 0  nil  2  
[2022/06/01 19:22:22 335] isr        1636 ASR_MSG_GRSLT,   local  
[2022/06/01 19:22:22 335] isr        1307 0  nil  2  
[2022/06/01 19:22:22 436] isr        1636 ASR_MSG_GRSLT,   local  
[2022/06/01 19:22:22 436] isr        1307 0  nil  2  
[2022/06/01 19:22:22 536] isr        1636 ASR_MSG_GRSLT,   local  
[2022/06/01 19:22:22 536] isr        1307 0  nil  2  
[2022/06/01 19:22:22 540] isr        723  local_cbmsg_handler  ,msg=  407  param1=  nil  
[2022/06/01 19:22:22 540] isr        641  process_result call:  local  nil  0  2  
[2022/06/01 19:22:22 540] isr        798  3  msc  
[2022/06/01 19:22:22 540] isr        800  already speech end  
[2022/06/01 19:22:22 541] isr        723  local_cbmsg_handler  ,msg=  408  param1=  nil  
[2022/06/01 19:22:22 541] isr        734  local session recognized end!  
[2022/06/01 19:22:22 637] isr        1636 ASR_MSG_GRSLT,   local  
[2022/06/01 19:22:22 637] isr        1307 0  nil  5  
[2022/06/01 19:22:22 738] isr        1639 ASR_MSG_SSE,   local  
[2022/06/01 19:22:22 738] isr        1356 session_end() [in]  
[2022/06/01 19:22:22 738] isr        1377 local_session_end() [in]  
[2022/06/01 19:22:22 739] isr        1416 ASR_LOCAL_MSG_SSE net_type  nil  
[2022/06/01 19:22:22 740] isr        1667 isr unload!  
